datetime,open,high,low,close,volume,instrument
2026-01-13 03:45:00,292.2999878,292.6000061,292.0899963,292.3399963,0,ETF
2026-01-13 03:50:00,292.2799988,292.3999939,292.0400085,292.3399963,116792,ETF
2026-01-13 03:55:00,292.3200073,292.3200073,291.5,291.5299988,167576,ETF
2026-01-13 04:00:00,291.5,291.6900024,291.0499878,291.2600098,143778,ETF
2026-01-13 04:05:00,291.25,291.3800049,291.0400085,291.1600037,84747,ETF
2026-01-13 04:10:00,291.230011,291.230011,290.8999939,291.1700134,230081,ETF
2026-01-13 04:15:00,291.1900024,291.7000122,291.1099854,291.2399902,104281,ETF
2026-01-13 04:20:00,291.2399902,291.5799866,291.1499939,291.2999878,37338,ETF
2026-01-13 04:25:00,291.2999878,291.2999878,290.7999878,290.8999939,116035,ETF
2026-01-13 04:30:00,290.9599915,291.3900146,290.8800049,291.3699951,69739,ETF
2026-01-13 04:35:00,291.3699951,291.4899902,291.2000122,291.480011,45315,ETF
2026-01-13 04:40:00,291.480011,291.5599976,291.2799988,291.2799988,40183,ETF
2026-01-13 04:45:00,291.25,291.4599915,291.1099854,291.25,61937,ETF
2026-01-13 04:50:00,291.2600098,291.6400146,291.25,291.5,75885,ETF
2026-01-13 04:55:00,291.519989,291.7999878,291.4100037,291.7999878,76265,ETF
2026-01-13 05:00:00,291.7999878,292,291.730011,291.8599854,87837,ETF
2026-01-13 05:05:00,291.9500122,291.9500122,291.5299988,291.6900024,45934,ETF
2026-01-13 05:10:00,291.5499878,291.6400146,291.2600098,291.5,39196,ETF
2026-01-13 05:15:00,291.5,291.6700134,291.3999939,291.6000061,23078,ETF
2026-01-13 05:20:00,291.6000061,291.7999878,291.5,291.5,40934,ETF
2026-01-13 05:25:00,291.5,291.7000122,291.3999939,291.6700134,53716,ETF
2026-01-13 05:30:00,291.6700134,291.75,291.480011,291.6199951,34711,ETF
2026-01-13 05:35:00,291.6600037,291.730011,291.480011,291.730011,29511,ETF
2026-01-13 05:40:00,291.730011,291.8999939,291.6499939,291.7099915,24665,ETF
2026-01-13 05:45:00,291.8200073,291.8900146,291.5700073,291.5700073,37008,ETF
2026-01-13 05:50:00,291.7000122,291.8699951,291.5799866,291.8099976,16140,ETF
2026-01-13 05:55:00,291.8099976,291.9500122,291.6400146,291.8999939,21560,ETF
2026-01-13 06:00:00,291.9400024,291.9400024,291.7999878,291.8999939,22235,ETF
2026-01-13 06:05:00,291.8599854,292,291.8599854,291.9200134,33834,ETF
2026-01-13 06:10:00,291.9500122,292,291.7000122,291.7200012,38653,ETF
2026-01-13 06:15:00,291.7999878,291.8399963,291.7099915,291.7900085,19521,ETF
2026-01-13 06:30:00,291.3099976,291.3299866,291.2099915,291.3099976,156006,ETF
2026-01-13 06:35:00,291.3200073,291.3800049,291.1600037,291.3200073,21053,ETF
2026-01-13 06:40:00,291.3200073,291.3699951,290.9599915,291.019989,78141,ETF
2026-01-13 06:45:00,291.0400085,291.2399902,290.8999939,291,53588,ETF
2026-01-13 06:50:00,291,291.1300049,290.8599854,290.8599854,48308,ETF
2026-01-13 06:55:00,290.8299866,291.230011,290.8299866,291.1199951,58218,ETF
2026-01-13 07:00:00,291.1600037,291.2000122,290.9500122,290.9899902,32201,ETF
2026-01-13 07:05:00,291,291.1600037,291,291.019989,26011,ETF
2026-01-13 07:10:00,291,291.0400085,290.75,290.9500122,201729,ETF
2026-01-13 07:15:00,290.9299927,290.9500122,290.6000061,290.7200012,60976,ETF
2026-01-13 07:20:00,290.6900024,290.7000122,290.3099976,290.3999939,117115,ETF
2026-01-13 07:25:00,290.3999939,290.5,290.2999878,290.3800049,64393,ETF
2026-01-13 07:30:00,290.3699951,290.3699951,290.1300049,290.2200012,271188,ETF
2026-01-13 07:35:00,290.2399902,290.3500061,290.1700134,290.3299866,58953,ETF
2026-01-13 07:40:00,290.3299866,290.6000061,290.2099915,290.5,91543,ETF
2026-01-13 07:45:00,290.5,290.5299988,290.2600098,290.4899902,38562,ETF
2026-01-13 07:50:00,290.4500122,290.6700134,290.3500061,290.6000061,35500,ETF
2026-01-13 07:55:00,290.6000061,290.6400146,290.3900146,290.4599915,42894,ETF
2026-01-13 08:00:00,290.4599915,290.5799866,290.3999939,290.519989,34585,ETF
2026-01-13 08:05:00,290.6099854,290.730011,290.5100098,290.6199951,80827,ETF
2026-01-13 08:10:00,290.5,290.6499939,290.3500061,290.6400146,42045,ETF
2026-01-13 08:15:00,290.6400146,290.6900024,290.5,290.5700073,25398,ETF
2026-01-13 08:20:00,290.5700073,290.7900085,290.5599976,290.6199951,28033,ETF
2026-01-13 08:25:00,290.6499939,290.6499939,290.5,290.5299988,31751,ETF
2026-01-13 08:30:00,290.5299988,290.5499878,290.3099976,290.3599854,32317,ETF
2026-01-13 08:35:00,290.3599854,290.3999939,290.269989,290.3900146,27470,ETF
2026-01-13 08:40:00,290.3900146,290.3900146,290.1000061,290.1199951,73960,ETF
2026-01-13 08:45:00,290.1300049,290.3800049,290.1199951,290.2999878,33624,ETF
2026-01-13 08:50:00,290.2799988,290.2799988,290.0499878,290.0499878,76402,ETF
2026-01-13 08:55:00,290.0299988,290.0899963,289.9599915,289.9700012,271303,ETF
2026-01-13 09:00:00,289.9700012,290.3900146,289.8999939,290.3099976,136053,ETF
2026-01-13 09:05:00,290.25,290.5499878,290.2000122,290.519989,44686,ETF
2026-01-13 09:10:00,290.5100098,290.7900085,290.3999939,290.7799988,74853,ETF
2026-01-13 09:15:00,290.7799988,290.9400024,290.6499939,290.7000122,39779,ETF
2026-01-13 09:20:00,290.7000122,291,290.6499939,291,38090,ETF
2026-01-13 09:25:00,291,291,290.8599854,290.9500122,49095,ETF
2026-01-13 09:30:00,291,291.2999878,291,291,169558,ETF
2026-01-13 09:35:00,291.0499878,291.3399963,290.8699951,291.2000122,34237,ETF
2026-01-13 09:40:00,291.2000122,291.3099976,291.1000061,291.2600098,112500,ETF
2026-01-13 09:45:00,291.25,291.25,291.1099854,291.2399902,62699,ETF
2026-01-13 09:50:00,291.2399902,291.2399902,291.0599976,291.0899963,120217,ETF
2026-01-13 09:55:00,291.0700073,291.2399902,290.980011,291.2399902,89480,ETF
2026-01-14 03:45:00,290.4299927,291,290.4299927,290.6900024,0,ETF
2026-01-14 03:50:00,290.7000122,291.2000122,290.6900024,291.0599976,87167,ETF
2026-01-14 03:55:00,291.0599976,291.3900146,290.8699951,291.3900146,51285,ETF
2026-01-14 04:00:00,291.3900146,291.5,291.1799927,291.3200073,152114,ETF
2026-01-14 04:05:00,291.3500061,291.5,291.2600098,291.3099976,93576,ETF
2026-01-14 04:10:00,291.3399963,291.3500061,290.9500122,291.0700073,45572,ETF
2026-01-14 04:15:00,291.0799866,291.1000061,290.6900024,290.8399963,45084,ETF
2026-01-14 04:20:00,290.7999878,291.3099976,290.6199951,291.2000122,82225,ETF
2026-01-14 04:25:00,291.2000122,291.4500122,291.0799866,291.1900024,75789,ETF
2026-01-14 04:30:00,291.25,291.2999878,290.9599915,291.1499939,65541,ETF
2026-01-14 04:35:00,291.1499939,291.25,290.9200134,291,27780,ETF
2026-01-14 04:40:00,291,291.0400085,290.8999939,291,39555,ETF
2026-01-14 04:45:00,290.9599915,290.9700012,290.6600037,290.7000122,41371,ETF
2026-01-14 04:50:00,290.7000122,290.730011,290.4500122,290.6199951,97772,ETF
2026-01-14 04:55:00,290.5100098,290.6199951,290.5,290.6199951,53684,ETF
2026-01-14 05:00:00,290.75,290.7999878,290.5100098,290.7900085,30983,ETF
2026-01-14 05:05:00,290.75,290.8399963,290.5100098,290.7000122,39839,ETF
2026-01-14 05:10:00,290.6900024,291.1000061,290.6199951,290.6499939,107031,ETF
2026-01-14 05:15:00,290.6700134,290.8900146,290.519989,290.7999878,40183,ETF
2026-01-14 05:20:00,290.7999878,290.9899902,290.7200012,290.980011,29527,ETF
2026-01-14 05:25:00,290.9899902,291.25,290.9400024,291.1300049,177145,ETF
2026-01-14 05:30:00,291.2000122,291.2900085,291.1000061,291.25,52154,ETF
2026-01-14 05:35:00,291.25,291.3099976,291.1099854,291.2000122,35752,ETF
2026-01-14 05:40:00,291.2000122,291.3500061,291.1099854,291.25,170307,ETF
2026-01-14 05:45:00,291.269989,291.5,291.2099915,291.4500122,95575,ETF
2026-01-14 05:50:00,291.4400024,291.5499878,291.230011,291.230011,69867,ETF
2026-01-14 05:55:00,291.3900146,291.6499939,291.2200012,291.6499939,105926,ETF
2026-01-14 06:00:00,291.6499939,291.7799988,291.5,291.7399902,270228,ETF
2026-01-14 06:05:00,291.7399902,291.7399902,291.6199951,291.7000122,32194,ETF
2026-01-14 06:10:00,291.7000122,291.7900085,291.6300049,291.6300049,39711,ETF
2026-01-14 06:15:00,291.6499939,291.8699951,291.6300049,291.7799988,81297,ETF
2026-01-14 06:20:00,291.8599854,291.8699951,291.6799927,291.8099976,22706,ETF
2026-01-14 06:25:00,291.8099976,291.9200134,291.7000122,291.7799988,56517,ETF
2026-01-14 06:30:00,291.7799988,291.8999939,291.7399902,291.8900146,45752,ETF
2026-01-14 06:35:00,291.8900146,291.8900146,291.6700134,291.6799927,165044,ETF
2026-01-14 06:40:00,291.6700134,291.6900024,291.4500122,291.4500122,331067,ETF
2026-01-14 06:45:00,291.4400024,291.5899963,291.25,291.5899963,175562,ETF
2026-01-14 06:50:00,291.6600037,291.7200012,291.5599976,291.7099915,51446,ETF
2026-01-14 06:55:00,291.7099915,291.7200012,291.4200134,291.5700073,24505,ETF
2026-01-14 07:00:00,291.6000061,291.7000122,291.5,291.6900024,70091,ETF
2026-01-14 07:05:00,291.6900024,291.7200012,291.6199951,291.7200012,15388,ETF
2026-01-14 07:10:00,291.7200012,291.769989,291.5,291.5700073,25170,ETF
2026-01-14 07:15:00,291.5700073,291.730011,291.4400024,291.519989,21623,ETF
2026-01-14 07:20:00,291.5799866,291.6000061,291.4299927,291.5,25215,ETF
2026-01-14 07:25:00,291.4500122,291.5,291.3999939,291.5,51379,ETF
2026-01-14 07:30:00,291.5,291.5599976,291.230011,291.3500061,22549,ETF
2026-01-14 07:35:00,291.3500061,291.5499878,291.3200073,291.5499878,15572,ETF
2026-01-14 07:40:00,291.5499878,291.6499939,291.4599915,291.5100098,19432,ETF
2026-01-14 07:45:00,291.5100098,291.5299988,291.3699951,291.4500122,12639,ETF
2026-01-14 07:50:00,291.4500122,291.4500122,291.1000061,291.1499939,23120,ETF
2026-01-14 07:55:00,291.1000061,291.230011,291.0299988,291.1400146,69436,ETF
2026-01-14 08:00:00,291.1000061,291.1600037,290.9400024,290.9400024,66435,ETF
2026-01-14 08:05:00,290.9899902,291,290.6799927,290.7000122,129724,ETF
2026-01-14 08:10:00,290.6499939,290.730011,290.5100098,290.519989,47472,ETF
2026-01-14 08:15:00,290.5100098,290.6099854,290.4200134,290.4299927,153027,ETF
2026-01-14 08:20:00,290.4299927,290.6300049,290.2799988,290.3399963,53829,ETF
2026-01-14 08:25:00,290.3099976,290.3500061,290.2000122,290.25,41317,ETF
2026-01-14 08:30:00,290.2600098,290.4500122,290.25,290.2999878,32120,ETF
2026-01-14 08:35:00,290.25,290.5,290.2200012,290.3999939,42663,ETF
2026-01-14 08:40:00,290.3999939,290.5,290.3500061,290.5,53420,ETF
2026-01-14 08:45:00,290.5,290.5599976,290.3500061,290.4100037,44080,ETF
2026-01-14 08:50:00,290.3800049,290.3800049,290,290.0100098,173149,ETF
2026-01-14 08:55:00,289.9299927,290.1799927,289.9200134,290.1000061,98549,ETF
2026-01-14 09:00:00,290.1499939,290.269989,290.0799866,290.25,44721,ETF
2026-01-14 09:05:00,290.1700134,290.5,290.1700134,290.5,26467,ETF
2026-01-14 09:10:00,290.4599915,290.7399902,290.4500122,290.6900024,41766,ETF
2026-01-14 09:15:00,290.730011,291,290.730011,290.8200073,62962,ETF
2026-01-14 09:20:00,290.8800049,290.9500122,290.7200012,290.9200134,60053,ETF
2026-01-14 09:25:00,290.9200134,290.9299927,290.5700073,290.75,44251,ETF
2026-01-14 09:30:00,290.75,290.75,290.3999939,290.7000122,45285,ETF
2026-01-14 09:35:00,290.7000122,290.8900146,290.3999939,290.5,62791,ETF
2026-01-14 09:40:00,290.5,290.5899963,290.4200134,290.4599915,72561,ETF
2026-01-14 09:45:00,290.4700012,290.5400085,290.3999939,290.5299988,49040,ETF
2026-01-14 09:50:00,290.519989,290.6499939,290.3999939,290.5,60716,ETF
2026-01-14 09:55:00,290.6900024,291.3999939,290.5,291.1000061,325259,ETF
2026-01-16 03:45:00,291.3900146,291.5799866,291.0899963,291.2000122,0,ETF
2026-01-16 03:50:00,291.3500061,291.5700073,291.25,291.25,65254,ETF
2026-01-16 03:55:00,291.3099976,291.3399963,291.1199951,291.3399963,55320,ETF
2026-01-16 04:00:00,291.3399963,291.4500122,291,291.0400085,60478,ETF
2026-01-16 04:05:00,291.0400085,291.269989,291,291.0799866,43366,ETF
2026-01-16 04:10:00,291.0499878,291.3999939,290.9100037,291.3200073,50299,ETF
2026-01-16 04:15:00,291.3200073,291.5499878,291.3200073,291.5499878,48723,ETF
2026-01-16 04:20:00,291.5499878,291.6000061,291.4500122,291.5899963,38448,ETF
2026-01-16 04:25:00,291.6000061,291.7000122,291.4700012,291.6000061,83595,ETF
2026-01-16 04:30:00,291.6199951,291.7000122,291.5100098,291.6900024,54589,ETF
2026-01-16 04:35:00,291.6900024,291.7000122,291.5700073,291.6499939,52470,ETF
2026-01-16 04:40:00,291.75,291.7999878,291.6900024,291.7799988,72495,ETF
2026-01-16 04:45:00,291.7999878,292.5,291.7999878,292.4899902,172806,ETF
2026-01-16 04:50:00,292.4700012,292.5,292.4299927,292.4899902,115039,ETF
2026-01-16 04:55:00,292.480011,292.769989,292.480011,292.7600098,129722,ETF
2026-01-16 05:00:00,292.769989,292.8099976,292.6199951,292.7000122,141002,ETF
2026-01-16 05:05:00,292.7000122,292.8200073,292.7000122,292.8200073,54157,ETF
2026-01-16 05:10:00,292.8200073,292.8999939,292.5400085,292.7099915,121315,ETF
2026-01-16 05:15:00,292.6600037,292.8299866,292.6499939,292.8099976,90416,ETF
2026-01-16 05:20:00,292.8099976,292.8099976,292.6600037,292.7099915,86132,ETF
2026-01-16 05:25:00,292.7099915,292.730011,292.4200134,292.5299988,41482,ETF
2026-01-16 05:30:00,292.5400085,292.7000122,292.5,292.5299988,145851,ETF
2026-01-16 05:35:00,292.5100098,292.6400146,292.3999939,292.6400146,78788,ETF
2026-01-16 05:40:00,292.5599976,292.5599976,292.1400146,292.3999939,40183,ETF
2026-01-16 05:45:00,292.3900146,292.3999939,292.1199951,292.2999878,16669,ETF
2026-01-16 05:50:00,292.2999878,292.4599915,292.1300049,292.3099976,124677,ETF
2026-01-16 05:55:00,292.3099976,292.4899902,292.2999878,292.3999939,183197,ETF
2026-01-16 06:00:00,292.480011,292.6000061,292.2999878,292.3800049,218322,ETF
2026-01-16 06:05:00,292.3299866,292.4500122,292.0700073,292.25,248970,ETF
2026-01-16 06:10:00,292.1700134,292.3900146,292.1700134,292.2799988,207379,ETF
2026-01-16 06:15:00,292.2600098,292.2600098,292.1099854,292.2000122,201599,ETF
2026-01-16 06:20:00,292.1900024,292.25,292.1199951,292.1700134,106579,ETF
2026-01-16 06:25:00,292.2000122,292.25,291.980011,292.0299988,229938,ETF
2026-01-16 06:30:00,292.0400085,292.1600037,291.9400024,292.1499939,30668,ETF
2026-01-16 06:35:00,292.1499939,292.3999939,292,292.3999939,37908,ETF
2026-01-16 06:40:00,292.3999939,292.5,292.3299866,292.5,29547,ETF
2026-01-16 06:45:00,292.5,292.5,292.269989,292.269989,43335,ETF
2026-01-16 06:50:00,292.3699951,292.4500122,292.2999878,292.3299866,21961,ETF
2026-01-16 06:55:00,292.3299866,292.4100037,291.6199951,291.7399902,47370,ETF
2026-01-16 07:00:00,291.7399902,291.980011,291.6000061,291.9299927,28960,ETF
2026-01-16 07:05:00,291.9400024,291.9400024,291.7999878,291.9299927,71529,ETF
2026-01-16 07:10:00,291.8500061,291.9500122,291.75,291.8299866,81088,ETF
2026-01-16 07:15:00,291.8299866,291.8500061,291.6700134,291.7799988,18888,ETF
2026-01-16 07:20:00,291.7399902,291.8699951,291.5299988,291.8699951,115041,ETF
2026-01-16 07:25:00,291.8900146,291.9200134,291.5499878,291.6600037,65490,ETF
2026-01-16 07:30:00,291.6600037,291.6600037,291.3999939,291.480011,84301,ETF
2026-01-16 07:35:00,291.4700012,291.4700012,291.269989,291.3399963,94507,ETF
2026-01-16 07:40:00,291.3999939,291.4500122,291.2099915,291.2399902,76373,ETF
2026-01-16 07:45:00,291.3399963,291.3800049,291.2099915,291.2900085,43123,ETF
2026-01-16 07:50:00,291.2799988,291.3399963,291.0400085,291.1400146,97615,ETF
2026-01-16 07:55:00,291.1400146,291.1400146,290.75,290.980011,118829,ETF
2026-01-16 08:00:00,291.1000061,291.2999878,290.9899902,291.2200012,60073,ETF
2026-01-16 08:05:00,291.2099915,291.2799988,291,291.2200012,47108,ETF
2026-01-16 08:10:00,291.2200012,291.230011,291.0499878,291.0499878,55512,ETF
2026-01-16 08:15:00,291.0499878,291.3800049,291.0499878,291.2900085,29670,ETF
2026-01-16 08:20:00,291.2799988,291.3399963,290.9599915,290.9599915,44451,ETF
2026-01-16 08:25:00,291.019989,291.0799866,290.8800049,290.8900146,26745,ETF
2026-01-16 08:30:00,290.8900146,291.0499878,290.7999878,291.0100098,60133,ETF
2026-01-16 08:35:00,291.0100098,291.1499939,290.8099976,290.8099976,186080,ETF
2026-01-16 08:40:00,290.8099976,291.0899963,290.7999878,290.9100037,24693,ETF
2026-01-16 08:45:00,290.980011,290.980011,290.75,290.9700012,32430,ETF
2026-01-16 08:50:00,290.980011,291.1000061,290.8299866,291.1000061,42392,ETF
2026-01-16 08:55:00,291.1000061,291.2000122,290.9500122,291.0899963,29061,ETF
2026-01-16 09:00:00,291.1499939,291.2000122,290.8999939,291.1900024,46145,ETF
2026-01-16 09:05:00,291.1900024,291.25,290.9299927,291.2000122,44394,ETF
2026-01-16 09:10:00,291.2000122,291.3200073,291.0899963,291.25,53684,ETF
2026-01-16 09:15:00,291.2799988,291.2799988,291.0299988,291.2099915,27125,ETF
2026-01-16 09:20:00,291.2099915,291.2399902,291.0499878,291.1799927,33315,ETF
2026-01-16 09:25:00,291.1700134,291.2999878,291.0100098,291.2999878,46117,ETF
2026-01-16 09:30:00,291.2000122,291.3099976,291.0100098,291.1900024,66864,ETF
2026-01-16 09:35:00,291.230011,291.25,290.9200134,291.1900024,54232,ETF
2026-01-16 09:40:00,291.1600037,291.1600037,290.8699951,290.9899902,76957,ETF
2026-01-16 09:45:00,290.980011,291.1000061,290.8200073,291.0599976,60247,ETF
2026-01-16 09:50:00,291,291.2999878,290.8699951,291.2999878,85336,ETF
2026-01-16 09:55:00,291.2999878,291.2999878,290.8999939,290.8999939,115940,ETF
2026-01-19 03:45:00,289.1799927,289.8699951,289.1799927,289.7999878,0,ETF
2026-01-19 03:50:00,289.7900085,289.8299866,289.6799927,289.7200012,199266,ETF
2026-01-19 03:55:00,289.7000122,289.7000122,289.519989,289.519989,129495,ETF
2026-01-19 04:00:00,289.480011,289.75,289.2000122,289.75,212210,ETF
2026-01-19 04:05:00,289.75,289.8699951,289.4500122,289.4700012,167779,ETF
2026-01-19 04:10:00,289.4599915,289.5799866,289.3999939,289.5799866,67087,ETF
2026-01-19 04:15:00,289.5700073,289.5799866,289.4100037,289.5100098,141474,ETF
2026-01-19 04:20:00,289.5100098,289.769989,289.4200134,289.4200134,85329,ETF
2026-01-19 04:25:00,289.4200134,289.4700012,289.3299866,289.3299866,100608,ETF
2026-01-19 04:30:00,289.3200073,289.3200073,288.9500122,289,358785,ETF
2026-01-19 04:35:00,289,289.0899963,288.9400024,289.0899963,151660,ETF
2026-01-19 04:40:00,289.0899963,289.1400146,289.0700073,289.1400146,98125,ETF
2026-01-19 04:45:00,289.1400146,289.1900024,289.1199951,289.1900024,85291,ETF
2026-01-19 04:50:00,289.1900024,289.2900085,289.1000061,289.2600098,293549,ETF
2026-01-19 04:55:00,289.2900085,289.2900085,288.8399963,288.9100037,298306,ETF
2026-01-19 05:00:00,288.9100037,289.1499939,288.8999939,288.9599915,238758,ETF
2026-01-19 05:05:00,288.9400024,289.0299988,288.8500061,288.8699951,212680,ETF
2026-01-19 05:10:00,288.8699951,289.0700073,288.8299866,289,220489,ETF
2026-01-19 05:15:00,289,289.0899963,288.980011,289.0499878,182743,ETF
2026-01-19 05:20:00,289.0499878,289.1099854,288.9899902,289.0499878,179187,ETF
2026-01-19 05:25:00,288.9500122,289.3200073,288.9500122,289.3200073,150886,ETF
2026-01-19 05:30:00,289.3200073,289.480011,289.3200073,289.480011,114056,ETF
2026-01-19 05:35:00,289.480011,289.5100098,289.3399963,289.3999939,39517,ETF
2026-01-19 05:40:00,289.3999939,289.4200134,289.0299988,289.1700134,41856,ETF
2026-01-19 05:45:00,291.0400085,291.0400085,289.1099854,289.1400146,94214,ETF
2026-01-19 05:50:00,289.1400146,289.1900024,289,289.0799866,54969,ETF
2026-01-19 05:55:00,289.0799866,289.1499939,289.0400085,289.1499939,49236,ETF
2026-01-19 06:00:00,289.1499939,289.1499939,288.9700012,289.1099854,78199,ETF
2026-01-19 06:05:00,289.1099854,289.2799988,289,289.2799988,36516,ETF
2026-01-19 06:10:00,289.269989,289.3900146,289.2399902,289.3900146,51287,ETF
2026-01-19 06:15:00,289.3999939,289.3999939,289.230011,289.3299866,34268,ETF
2026-01-19 06:20:00,289.3399963,289.4200134,289.25,289.4200134,42837,ETF
2026-01-19 06:25:00,289.4200134,289.4200134,289.1600037,289.2600098,67050,ETF
2026-01-19 06:30:00,289.25,289.269989,289.1000061,289.1099854,50003,ETF
2026-01-19 06:35:00,289.1099854,289.1600037,289.0299988,289.0499878,100939,ETF
2026-01-19 06:40:00,289.019989,289.2399902,289,289.2399902,20929,ETF
2026-01-19 06:45:00,289.2399902,289.4700012,289.2099915,289.3999939,22849,ETF
2026-01-19 06:50:00,289.2999878,289.4500122,289.230011,289.2399902,34497,ETF
2026-01-19 06:55:00,289.2399902,289.2399902,289.1000061,289.1499939,19792,ETF
2026-01-19 07:00:00,289.1499939,289.230011,289.1199951,289.1799927,22749,ETF
2026-01-19 07:05:00,289.1799927,289.1799927,289,289.0700073,69050,ETF
2026-01-19 07:10:00,289.0700073,289.1000061,289.019989,289.0899963,21814,ETF
2026-01-19 07:15:00,289.0499878,289.1499939,289.0299988,289.1300049,50115,ETF
2026-01-19 07:20:00,289.1199951,289.2999878,289.0100098,289.25,45009,ETF
2026-01-19 07:25:00,289.2099915,289.4500122,289.2099915,289.4500122,30329,ETF
2026-01-19 07:30:00,289.4500122,289.4599915,289.3999939,289.4299927,26318,ETF
2026-01-19 07:35:00,289.4299927,289.4299927,289.3599854,289.3999939,32643,ETF
2026-01-19 07:40:00,289.3999939,289.3999939,289.0700073,289.1499939,47178,ETF
2026-01-19 07:45:00,289.2399902,289.269989,289.0599976,289.1300049,49346,ETF
2026-01-19 07:50:00,289.2799988,289.3500061,289.2000122,289.2600098,15406,ETF
2026-01-19 07:55:00,289.2600098,289.2600098,289.1000061,289.1799927,33679,ETF
2026-01-19 08:00:00,289.1799927,289.3500061,289.1300049,289.3500061,16080,ETF
2026-01-19 08:05:00,289.25,289.4299927,289.2399902,289.4299927,18617,ETF
2026-01-19 08:10:00,289.4299927,289.4299927,289.3299866,289.3800049,47495,ETF
2026-01-19 08:15:00,289.4100037,289.5,289.2000122,289.5,243017,ETF
2026-01-19 08:20:00,289.5,289.8900146,289.5,289.7999878,278570,ETF
2026-01-19 08:25:00,289.8299866,289.9400024,289.8099976,289.9200134,109331,ETF
2026-01-19 08:30:00,289.9200134,290.1600037,289.8999939,290.0799866,181306,ETF
2026-01-19 08:35:00,290.0599976,290.2999878,290.0599976,290.1499939,93515,ETF
2026-01-19 08:40:00,290.1499939,290.1900024,289.7999878,289.8900146,51862,ETF
2026-01-19 08:45:00,289.8900146,289.8999939,289.75,289.8999939,55946,ETF
2026-01-19 08:50:00,289.8999939,289.8999939,289.8900146,289.8900146,53426,ETF
2026-01-19 08:55:00,289.8999939,289.8999939,289.769989,289.8099976,32665,ETF
2026-01-19 09:00:00,289.75,289.8999939,289.75,289.8099976,33243,ETF
2026-01-19 09:05:00,289.8999939,289.8999939,289.8099976,289.8999939,73120,ETF
2026-01-19 09:10:00,289.8999939,290,289.8399963,289.9500122,127417,ETF
2026-01-19 09:15:00,289.9500122,290,289.9100037,290,42489,ETF
2026-01-19 09:20:00,290,290.1199951,289.9100037,290.1000061,73938,ETF
2026-01-19 09:25:00,290.0499878,290.1000061,289.9200134,289.9700012,51968,ETF
2026-01-19 09:30:00,290,290,289.7000122,289.8500061,79629,ETF
2026-01-19 09:35:00,289.7999878,289.8999939,289.7900085,289.8500061,96974,ETF
2026-01-19 09:40:00,289.8500061,289.8500061,289.7099915,289.75,44499,ETF
2026-01-19 09:45:00,289.75,289.7900085,289.6099854,289.6099854,97504,ETF
2026-01-19 09:50:00,289.6099854,289.6099854,289.269989,289.4299927,84614,ETF
2026-01-19 09:55:00,289.4200134,289.4500122,289.2900085,289.3399963,83782,ETF
2026-01-20 03:45:00,289.3699951,289.6199951,289.1600037,289.3999939,0,ETF
2026-01-20 03:50:00,289.3999939,289.3999939,288.9400024,289,150751,ETF
2026-01-20 03:55:00,289,289.0299988,288.7099915,288.7600098,145934,ETF
2026-01-20 04:00:00,288.75,288.9299927,288.7000122,288.8699951,106572,ETF
2026-01-20 04:05:00,288.8299866,288.8299866,288.3999939,288.4500122,138091,ETF
2026-01-20 04:10:00,288.4500122,288.6799927,288.3299866,288.5100098,118363,ETF
2026-01-20 04:15:00,288.519989,288.5700073,288.3699951,288.4200134,92114,ETF
2026-01-20 04:20:00,288.4100037,288.5700073,288.1799927,288.1799927,174165,ETF
2026-01-20 04:25:00,288.1600037,288.4500122,288.0100098,288.2799988,275569,ETF
2026-01-20 04:30:00,288.2799988,288.4200134,288.0700073,288.3500061,83408,ETF
2026-01-20 04:35:00,288.3900146,288.6900024,288.3900146,288.6799927,111098,ETF
2026-01-20 04:40:00,288.6499939,288.75,288.5,288.5700073,97271,ETF
2026-01-20 04:45:00,288.5700073,288.75,288.4200134,288.730011,119394,ETF
2026-01-20 04:50:00,288.730011,288.8800049,288.6099854,288.75,64233,ETF
2026-01-20 04:55:00,288.7099915,288.7900085,288.6000061,288.6000061,63305,ETF
2026-01-20 05:00:00,288.7200012,288.730011,288.5499878,288.5499878,60845,ETF
2026-01-20 05:05:00,288.6000061,288.8500061,288.5100098,288.7999878,71047,ETF
2026-01-20 05:10:00,288.7000122,288.7999878,288.6000061,288.6000061,53611,ETF
2026-01-20 05:15:00,288.6499939,288.7799988,288.5599976,288.7000122,48553,ETF
2026-01-20 05:20:00,288.5499878,288.6300049,288.4599915,288.5,63661,ETF
2026-01-20 05:25:00,288.5,288.5,288.4200134,288.4500122,40972,ETF
2026-01-20 05:30:00,288.4500122,288.4500122,288.3200073,288.3999939,131724,ETF
2026-01-20 05:35:00,288.3999939,288.3999939,288.2999878,288.2999878,53869,ETF
2026-01-20 05:40:00,288.2999878,288.2999878,288.1499939,288.2999878,103006,ETF
2026-01-20 05:45:00,288.2999878,288.5400085,288.25,288.3599854,37868,ETF
2026-01-20 05:50:00,288.3500061,288.4100037,288.2799988,288.3500061,27931,ETF
2026-01-20 05:55:00,288.3500061,288.5,288.25,288.4700012,79682,ETF
2026-01-20 06:00:00,288.4599915,288.4899902,288.3200073,288.3599854,113444,ETF
2026-01-20 06:05:00,288.3900146,288.5499878,288.3599854,288.5299988,35231,ETF
2026-01-20 06:10:00,288.519989,288.5599976,288.4200134,288.480011,21188,ETF
2026-01-20 06:15:00,288.5299988,288.5799866,288.4200134,288.5599976,28333,ETF
2026-01-20 06:20:00,288.5799866,288.7000122,288.5100098,288.7000122,330914,ETF
2026-01-20 06:25:00,288.6799927,288.7000122,288.5,288.6300049,36776,ETF
2026-01-20 06:30:00,288.6199951,288.6199951,288.2999878,288.3399963,98003,ETF
2026-01-20 06:35:00,288.3399963,288.3399963,288.1000061,288.1099854,81205,ETF
2026-01-20 06:40:00,288.1199951,288.1600037,288.0299988,288.0899963,84329,ETF
2026-01-20 06:45:00,288.0499878,288.0899963,288.0499878,288.0799866,54326,ETF
2026-01-20 06:50:00,288.0899963,288.1000061,288,288.0299988,173781,ETF
2026-01-20 06:55:00,288.0299988,288.2000122,288.0100098,288.0700073,47992,ETF
2026-01-20 07:00:00,288.1400146,288.1600037,288.0100098,288.019989,86194,ETF
2026-01-20 07:05:00,288.019989,288.0899963,288,288.0400085,60238,ETF
2026-01-20 07:10:00,288.0299988,288.0400085,287.8500061,287.8500061,171767,ETF
2026-01-20 07:15:00,287.8900146,288,287.7999878,288,150531,ETF
2026-01-20 07:20:00,287.980011,288.0899963,287.9100037,288.0499878,48961,ETF
2026-01-20 07:25:00,288.0700073,288.1700134,288.019989,288.1199951,52693,ETF
2026-01-20 07:30:00,288.1400146,288.1499939,288,288.0400085,143876,ETF
2026-01-20 07:35:00,288.0499878,288.0499878,287.9299927,287.9899902,63376,ETF
2026-01-20 07:40:00,287.9899902,288.0499878,287.8999939,287.9100037,46695,ETF
2026-01-20 07:45:00,287.9599915,287.9899902,287.8999939,287.8999939,33714,ETF
2026-01-20 07:50:00,287.9599915,288.0700073,287.9200134,287.980011,61241,ETF
2026-01-20 07:55:00,287.980011,288.0400085,287.8500061,287.8500061,39342,ETF
2026-01-20 08:00:00,287.9599915,287.9599915,287.7099915,287.7099915,71491,ETF
2026-01-20 08:05:00,287.7200012,287.730011,287.4700012,287.4700012,221462,ETF
2026-01-20 08:10:00,287.4700012,287.5,287.3200073,287.480011,106269,ETF
2026-01-20 08:15:00,287.480011,287.480011,287.230011,287.25,133642,ETF
2026-01-20 08:20:00,287.25,287.4500122,287.2099915,287.4100037,97125,ETF
2026-01-20 08:25:00,287.4100037,287.5,287.3099976,287.3500061,71600,ETF
2026-01-20 08:30:00,287.3500061,287.4899902,287.2000122,287.3900146,113958,ETF
2026-01-20 08:35:00,287.3999939,287.3999939,287.2000122,287.2399902,86079,ETF
2026-01-20 08:40:00,287.2399902,287.2999878,287.2000122,287.25,96886,ETF
2026-01-20 08:45:00,287.25,287.4899902,287.25,287.3099976,66224,ETF
2026-01-20 08:50:00,287.2999878,287.3900146,287.2399902,287.3699951,43298,ETF
2026-01-20 08:55:00,287.3900146,287.6000061,287.3699951,287.5499878,105366,ETF
2026-01-20 09:00:00,287.6000061,287.6199951,287.5,287.5700073,63833,ETF
2026-01-20 09:05:00,287.5700073,287.5700073,287.3099976,287.3299866,157799,ETF
2026-01-20 09:10:00,287.3299866,287.3299866,287.0400085,287.0899963,195970,ETF
2026-01-20 09:15:00,287.0899963,287.1700134,287.0700073,287.1499939,93156,ETF
2026-01-20 09:20:00,287.1499939,287.1700134,286.8200073,286.9200134,285489,ETF
2026-01-20 09:25:00,286.9200134,287.0499878,286.7099915,286.75,185527,ETF
2026-01-20 09:30:00,286.7200012,286.7200012,286.2200012,286.3599854,364701,ETF
2026-01-20 09:35:00,286.3599854,286.4100037,286.2200012,286.2799988,230574,ETF
2026-01-20 09:40:00,286.1300049,286.1300049,285.7900085,286.0299988,617719,ETF
2026-01-20 09:45:00,286.0400085,286.5899963,285.8200073,286,429840,ETF
2026-01-20 09:50:00,286.0100098,286.5899963,286.0100098,286.480011,332415,ETF
2026-01-20 09:55:00,286.480011,287,286.480011,287,463642,ETF
2026-01-21 03:45:00,285.9899902,286.3699951,285.2000122,286.1000061,0,ETF
2026-01-21 03:50:00,286,286,285.3800049,285.6900024,303133,ETF
2026-01-21 03:55:00,285.6600037,286.0799866,285.5,285.5299988,208675,ETF
2026-01-21 04:00:00,285.5299988,286.0100098,285.5299988,285.9899902,164127,ETF
2026-01-21 04:05:00,285.980011,285.980011,285.3999939,285.4100037,126645,ETF
2026-01-21 04:10:00,285.3999939,285.6700134,285.3800049,285.4200134,402023,ETF
2026-01-21 04:15:00,285.4100037,285.4100037,285.1099854,285.2999878,121484,ETF
2026-01-21 04:20:00,285.3500061,285.4200134,285.0400085,285.0899963,100280,ETF
2026-01-21 04:25:00,285.1199951,285.3200073,285,285,125356,ETF
2026-01-21 04:30:00,285.019989,285.1000061,284.8599854,284.9899902,375141,ETF
2026-01-21 04:35:00,285.0299988,285.1000061,284.8999939,284.9599915,114229,ETF
2026-01-21 04:40:00,284.9299927,285.2399902,284.7999878,284.9599915,136317,ETF
2026-01-21 04:45:00,284.8999939,285,284.769989,284.8999939,111711,ETF
2026-01-21 04:50:00,284.8999939,284.9899902,284.3999939,284.3999939,156079,ETF
2026-01-21 04:55:00,284.480011,284.5100098,284.2999878,284.3900146,175437,ETF
2026-01-21 05:00:00,284.3900146,284.4299927,284.2999878,284.4100037,106918,ETF
2026-01-21 05:05:00,284.4100037,284.4299927,284.1700134,284.1700134,241586,ETF
2026-01-21 05:10:00,284.1600037,284.2000122,283.5400085,283.6000061,484091,ETF
2026-01-21 05:15:00,283.6000061,283.6000061,283.3099976,283.3699951,217239,ETF
2026-01-21 05:20:00,283.3699951,283.4500122,282.9500122,282.9500122,321751,ETF
2026-01-21 05:25:00,282.8999939,283.3800049,282.4500122,283.2999878,722400,ETF
2026-01-21 05:30:00,283.1499939,283.4599915,283.1000061,283.1799927,292191,ETF
2026-01-21 05:35:00,283.2000122,283.3299866,283.019989,283.3299866,325056,ETF
2026-01-21 05:40:00,283.3200073,283.8999939,283.3200073,283.8399963,498249,ETF
2026-01-21 05:45:00,283.8399963,284.0499878,283.6199951,284.0499878,222900,ETF
2026-01-21 05:50:00,284.0499878,284.0499878,283.7999878,283.9299927,235550,ETF
2026-01-21 05:55:00,283.9299927,283.9599915,283.6000061,283.6000061,106130,ETF
2026-01-21 06:00:00,283.6000061,283.980011,283.5499878,283.7999878,127904,ETF
2026-01-21 06:05:00,283.7999878,283.9299927,283.7000122,283.7399902,93398,ETF
2026-01-21 06:10:00,283.7399902,283.8800049,283.6900024,283.8299866,102106,ETF
2026-01-21 06:15:00,283.7999878,283.980011,283.7999878,283.8599854,144479,ETF
2026-01-21 06:20:00,283.8500061,284.1400146,283.8500061,284.0100098,126852,ETF
2026-01-21 06:25:00,284.019989,284.1000061,283.8500061,284.0400085,92848,ETF
2026-01-21 06:30:00,284.0899963,284.5400085,283.9599915,284.5299988,120780,ETF
2026-01-21 06:35:00,284.5400085,284.6499939,284.4500122,284.5799866,191679,ETF
2026-01-21 06:40:00,284.5799866,284.7399902,284.5599976,284.7399902,112168,ETF
2026-01-21 06:45:00,284.75,285,284.7000122,285,143109,ETF
2026-01-21 06:50:00,284.9899902,285.3800049,284.9599915,285.3699951,116896,ETF
2026-01-21 06:55:00,285.3699951,285.3699951,284.6499939,284.7999878,171462,ETF
2026-01-21 07:00:00,284.8200073,285.4200134,284.7999878,285.3800049,82679,ETF
2026-01-21 07:05:00,285.3999939,285.7900085,285.3699951,285.7900085,149782,ETF
2026-01-21 07:10:00,285.7900085,285.980011,285.6700134,285.7900085,161269,ETF
2026-01-21 07:15:00,285.8099976,286.25,285.8099976,286.25,105349,ETF
2026-01-21 07:20:00,286.2999878,286.5499878,286.2799988,286.519989,236634,ETF
2026-01-21 07:25:00,286.519989,286.519989,286.1600037,286.3699951,87989,ETF
2026-01-21 07:30:00,286.3299866,286.6799927,286.3299866,286.5700073,101815,ETF
2026-01-21 07:35:00,286.5799866,286.5799866,286.0899963,286.0899963,64324,ETF
2026-01-21 07:40:00,286.0899963,286.2000122,285.5100098,285.8999939,116536,ETF
2026-01-21 07:45:00,285.7799988,285.8200073,285.2999878,285.5400085,316648,ETF
2026-01-21 07:50:00,285.5499878,285.7000122,285.269989,285.5499878,58618,ETF
2026-01-21 07:55:00,285.4200134,285.5700073,285.3299866,285.5,64286,ETF
2026-01-21 08:00:00,285.480011,285.6400146,285.1199951,285.3099976,83378,ETF
2026-01-21 08:05:00,285.3800049,285.7799988,285.1799927,285.6300049,54816,ETF
2026-01-21 08:10:00,285.6799927,285.6799927,285.2000122,285.4500122,71269,ETF
2026-01-21 08:15:00,285.4500122,285.6199951,285.3999939,285.5,54680,ETF
2026-01-21 08:20:00,285.5,285.5599976,285.1199951,285.1900024,85595,ETF
2026-01-21 08:25:00,285.1600037,285.25,284.9400024,284.9400024,163188,ETF
2026-01-21 08:30:00,284.9400024,284.9500122,284.6499939,284.8900146,93188,ETF
2026-01-21 08:35:00,284.8999939,285.019989,284.8299866,284.8999939,51100,ETF
2026-01-21 08:40:00,284.8900146,284.9599915,284.6900024,284.8500061,35284,ETF
2026-01-21 08:45:00,284.8099976,285.1400146,284.6099854,284.9899902,86306,ETF
2026-01-21 08:50:00,284.9299927,285.1400146,284.6300049,284.7000122,56015,ETF
2026-01-21 08:55:00,284.769989,284.8900146,284.6499939,284.6499939,41373,ETF
2026-01-21 09:00:00,284.6499939,285,284.6000061,285,41832,ETF
2026-01-21 09:05:00,285.0499878,285.1000061,284.8699951,284.9700012,46777,ETF
2026-01-21 09:10:00,284.9899902,285,284.7600098,284.9200134,42035,ETF
2026-01-21 09:15:00,284.9700012,285,284.8500061,285,61133,ETF
2026-01-21 09:20:00,285,285,284.7000122,284.8500061,77025,ETF
2026-01-21 09:25:00,284.8200073,285,284.5100098,284.7000122,47219,ETF
2026-01-21 09:30:00,284.6600037,285.1199951,284.5700073,285.1199951,88444,ETF
2026-01-21 09:35:00,285,285.1300049,284.75,285.019989,79566,ETF
2026-01-21 09:40:00,285.019989,285.0799866,284.8500061,284.8500061,94293,ETF
2026-01-21 09:45:00,284.8699951,285,284.75,285,104200,ETF
2026-01-21 09:50:00,284.9899902,285.1499939,284.5,284.7799988,306257,ETF
2026-01-21 09:55:00,284.7999878,285.5499878,284.6600037,285.3099976,170330,ETF
2026-01-22 03:45:00,287.1000061,287.1000061,286.4500122,286.6700134,0,ETF
2026-01-22 03:50:00,286.7000122,287.1099854,286.7000122,287.0599976,199584,ETF
2026-01-22 03:55:00,287.0700073,287.6499939,286.9899902,287.6300049,428628,ETF
2026-01-22 04:00:00,287.6900024,287.8999939,287.6300049,287.8699951,454420,ETF
2026-01-22 04:05:00,287.9200134,288.0899963,287.7000122,287.8699951,278393,ETF
2026-01-22 04:10:00,287.8599854,287.8599854,287.5400085,287.6000061,174030,ETF
2026-01-22 04:15:00,287.5599976,288.019989,287.5599976,287.9299927,131239,ETF
2026-01-22 04:20:00,287.9899902,288.0499878,287.5100098,287.6900024,162217,ETF
2026-01-22 04:25:00,287.6900024,287.7799988,287.3800049,287.75,122740,ETF
2026-01-22 04:30:00,287.7200012,287.8099976,287.2999878,287.519989,93932,ETF
2026-01-22 04:35:00,287.519989,287.6000061,287.3500061,287.3500061,57949,ETF
2026-01-22 04:40:00,287.3900146,287.6900024,287.2900085,287.4400024,71136,ETF
2026-01-22 04:45:00,287.5299988,287.6199951,287.1099854,287.1099854,51888,ETF
2026-01-22 04:50:00,287.0599976,287.2200012,286.8699951,287.1799927,141373,ETF
2026-01-22 04:55:00,287.1799927,287.1799927,286.5499878,286.5700073,90139,ETF
2026-01-22 05:00:00,286.5599976,286.730011,286.0700073,286.6400146,137038,ETF
2026-01-22 05:05:00,286.6400146,286.9400024,286.2999878,286.480011,93262,ETF
2026-01-22 05:10:00,286.4599915,286.6400146,286.3299866,286.6199951,57894,ETF
2026-01-22 05:15:00,286.6199951,286.6300049,286.3599854,286.3599854,37262,ETF
2026-01-22 05:20:00,286.3599854,286.3599854,286.1400146,286.3099976,65828,ETF
2026-01-22 05:25:00,286.2000122,286.3500061,285.6099854,285.7000122,358656,ETF
2026-01-22 05:30:00,285.7000122,286.0499878,285.7000122,285.8900146,88461,ETF
2026-01-22 05:35:00,285.8599854,285.8800049,285.6000061,285.8200073,55716,ETF
2026-01-22 05:40:00,285.8200073,285.9100037,285.5400085,285.7000122,110475,ETF
2026-01-22 05:45:00,285.7000122,285.8500061,285.6600037,285.6600037,58607,ETF
2026-01-22 05:50:00,285.6499939,286.2200012,285.6499939,286.1600037,74351,ETF
2026-01-22 05:55:00,286.1000061,286.3399963,286.0100098,286.0599976,71346,ETF
2026-01-22 06:00:00,286.0599976,286.1300049,285.8099976,286.0700073,52552,ETF
2026-01-22 06:05:00,286.0700073,286.1900024,285.7999878,285.9299927,70724,ETF
2026-01-22 06:10:00,285.8200073,285.9599915,285.480011,285.480011,103901,ETF
2026-01-22 06:15:00,285.5599976,285.6199951,285.2099915,285.6199951,88979,ETF
2026-01-22 06:20:00,285.6199951,285.769989,285.5100098,285.5700073,105904,ETF
2026-01-22 06:25:00,285.5700073,285.5700073,285.230011,285.4200134,81006,ETF
2026-01-22 06:30:00,285.4200134,285.5700073,285.3099976,285.5599976,55985,ETF
2026-01-22 06:35:00,285.6199951,285.9200134,285.6199951,285.8699951,60509,ETF
2026-01-22 06:40:00,285.8599854,285.8800049,285.6000061,285.8800049,35309,ETF
2026-01-22 06:45:00,285.9500122,286.019989,285.7200012,286,46650,ETF
2026-01-22 06:50:00,285.980011,286.3500061,285.980011,285.980011,216506,ETF
2026-01-22 06:55:00,285.980011,286.1900024,285.9599915,286.1900024,36154,ETF
2026-01-22 07:00:00,286.1300049,286.1499939,285.9200134,286.1400146,28330,ETF
2026-01-22 07:05:00,286.1000061,286.25,285.8999939,286.1099854,123459,ETF
2026-01-22 07:10:00,286.1099854,286.1099854,285.6099854,286,32727,ETF
2026-01-22 07:15:00,286,286.1199951,285.7200012,286.1199951,25389,ETF
2026-01-22 07:20:00,286.1000061,286.1900024,285.769989,285.8999939,31422,ETF
2026-01-22 07:25:00,285.8500061,285.8500061,285.5,285.6199951,39938,ETF
2026-01-22 07:30:00,285.6099854,285.6499939,285.3099976,285.5,43942,ETF
2026-01-22 07:35:00,285.5,285.5,285.4100037,285.4599915,34873,ETF
2026-01-22 07:40:00,285.4400024,285.5,285.3800049,285.3900146,25508,ETF
2026-01-22 07:45:00,285.3900146,285.5,285.2000122,285.5,30227,ETF
2026-01-22 07:50:00,285.5,285.5799866,285.3900146,285.519989,37573,ETF
2026-01-22 07:55:00,285.5100098,285.519989,285.230011,285.25,31033,ETF
2026-01-22 08:00:00,285.2999878,285.6499939,285.2000122,285.5499878,38589,ETF
2026-01-22 08:05:00,285.6499939,285.7999878,285.3999939,285.4100037,35511,ETF
2026-01-22 08:10:00,285.4400024,285.6199951,285.25,285.6000061,89911,ETF
2026-01-22 08:15:00,285.6000061,285.6499939,285.3500061,285.6499939,44042,ETF
2026-01-22 08:20:00,285.6499939,285.9599915,285.5499878,285.8800049,28412,ETF
2026-01-22 08:25:00,285.8900146,285.8999939,285.730011,285.8699951,58801,ETF
2026-01-22 08:30:00,285.8699951,285.8999939,285.7000122,285.7000122,54772,ETF
2026-01-22 08:35:00,285.6400146,285.8099976,285.5400085,285.6000061,44077,ETF
2026-01-22 08:40:00,285.6000061,285.6600037,285.25,285.2799988,38329,ETF
2026-01-22 08:45:00,285.2799988,285.3900146,285.1799927,285.2000122,319243,ETF
2026-01-22 08:50:00,285.230011,285.6000061,285.230011,285.5,31588,ETF
2026-01-22 08:55:00,285.5,285.8800049,285.4400024,285.8200073,80144,ETF
2026-01-22 09:00:00,285.9599915,286.3800049,285.8299866,286.2999878,63688,ETF
2026-01-22 09:05:00,286.3800049,286.5299988,286.2000122,286.3999939,97277,ETF
2026-01-22 09:10:00,286.3999939,286.5,286.1099854,286.3500061,38522,ETF
2026-01-22 09:15:00,286.3500061,286.75,286.3299866,286.6700134,73806,ETF
2026-01-22 09:20:00,286.6199951,286.6799927,286.4599915,286.4700012,51844,ETF
2026-01-22 09:25:00,286.519989,286.6000061,286.3500061,286.5499878,45057,ETF
2026-01-22 09:30:00,286.5599976,286.5599976,286.0299988,286.2600098,133193,ETF
2026-01-22 09:35:00,286.1900024,286.5,286.0499878,286.4899902,58386,ETF
2026-01-22 09:40:00,286.4599915,286.6400146,286.2600098,286.269989,97799,ETF
2026-01-22 09:45:00,286.5,286.6700134,286.3699951,286.6600037,70797,ETF
2026-01-22 09:50:00,286.6400146,287.0499878,286.6000061,286.9400024,164865,ETF
2026-01-22 09:55:00,286.9200134,287.0299988,286.7999878,286.8200073,135224,ETF
2026-01-23 03:45:00,286.6499939,287.0599976,286.1000061,286.2399902,0,ETF
2026-01-23 03:50:00,286.25,286.6499939,286.0700073,286.6499939,158348,ETF
2026-01-23 03:55:00,286.6499939,287.0799866,286.5899963,287.0799866,161269,ETF
2026-01-23 04:00:00,287.1499939,287.1499939,286.7399902,286.9299927,120679,ETF
2026-01-23 04:05:00,286.9299927,286.9299927,286.7200012,286.7999878,78381,ETF
2026-01-23 04:10:00,286.8200073,286.9500122,286.5599976,286.5799866,62887,ETF
2026-01-23 04:15:00,286.5700073,286.7999878,286.3200073,286.730011,104735,ETF
2026-01-23 04:20:00,286.7200012,286.730011,286.5,286.5100098,62931,ETF
2026-01-23 04:25:00,286.4700012,286.6799927,286.4400024,286.6799927,30634,ETF
2026-01-23 04:30:00,286.6600037,286.75,286.3500061,286.4400024,67785,ETF
2026-01-23 04:35:00,286.5,286.7999878,286.3999939,286.5,60147,ETF
2026-01-23 04:40:00,286.5,286.6600037,286.5,286.5899963,63500,ETF
2026-01-23 04:45:00,286.5499878,286.6000061,286.2099915,286.3299866,46868,ETF
2026-01-23 04:50:00,286.3299866,286.3800049,286.2799988,286.3200073,38035,ETF
2026-01-23 04:55:00,286.3500061,286.6900024,286.25,286.6199951,40436,ETF
2026-01-23 05:00:00,286.6400146,286.8999939,286.5599976,286.7399902,58790,ETF
2026-01-23 05:05:00,286.7399902,286.7399902,286.5,286.5899963,62236,ETF
2026-01-23 05:10:00,286.6000061,286.6700134,286.1799927,286.5899963,173507,ETF
2026-01-23 05:15:00,286.6400146,286.6700134,286.4100037,286.4400024,100095,ETF
2026-01-23 05:20:00,286.4299927,286.5499878,286.4200134,286.5100098,69237,ETF
2026-01-23 05:25:00,286.519989,286.5599976,286.4100037,286.5,213074,ETF
2026-01-23 05:30:00,286.5,286.5400085,286.3699951,286.3900146,173440,ETF
2026-01-23 05:35:00,286.3699951,286.4400024,286.3599854,286.4400024,103256,ETF
2026-01-23 05:40:00,286.4400024,286.6300049,286.4400024,286.6000061,51881,ETF
2026-01-23 05:45:00,286.6099854,286.6300049,286.3800049,286.3800049,275486,ETF
2026-01-23 05:50:00,286.3800049,286.4299927,286.2900085,286.3500061,114557,ETF
2026-01-23 05:55:00,286.3999939,286.480011,286.3599854,286.4700012,26077,ETF
2026-01-23 06:00:00,286.4700012,286.5,286.2900085,286.2900085,118759,ETF
2026-01-23 06:05:00,286.2999878,286.3200073,286.019989,286.019989,60355,ETF
2026-01-23 06:10:00,285.980011,285.980011,285.7799988,285.7900085,166399,ETF
2026-01-23 06:15:00,285.769989,285.8200073,285.5599976,285.5599976,57288,ETF
2026-01-23 06:20:00,285.5799866,285.730011,285.5400085,285.7000122,52945,ETF
2026-01-23 06:25:00,285.7099915,285.730011,285.6099854,285.730011,14970,ETF
2026-01-23 06:30:00,285.730011,285.8699951,285.6099854,285.8500061,46976,ETF
2026-01-23 06:35:00,285.8500061,285.8500061,285.3999939,285.5,63722,ETF
2026-01-23 06:40:00,285.4599915,285.5799866,285.4100037,285.4700012,77154,ETF
2026-01-23 06:45:00,285.4700012,285.7600098,285.4500122,285.6900024,33103,ETF
2026-01-23 06:50:00,285.7000122,285.75,285.5899963,285.6499939,60437,ETF
2026-01-23 06:55:00,285.6400146,285.6499939,285.5899963,285.6199951,28078,ETF
2026-01-23 07:00:00,285.6199951,285.7600098,285.6000061,285.6900024,22276,ETF
2026-01-23 07:05:00,285.6900024,285.7999878,285.6000061,285.75,39481,ETF
2026-01-23 07:10:00,285.75,285.8999939,285.7000122,285.75,46312,ETF
2026-01-23 07:15:00,285.8299866,285.8500061,285.6499939,285.6499939,49663,ETF
2026-01-23 07:20:00,285.7399902,285.8500061,285.6499939,285.8399963,96809,ETF
2026-01-23 07:25:00,285.8500061,285.8999939,285.6600037,285.6600037,84148,ETF
2026-01-23 07:30:00,285.6600037,285.6900024,285.5499878,285.5799866,19272,ETF
2026-01-23 07:35:00,285.5799866,285.5799866,285.3999939,285.480011,137063,ETF
2026-01-23 07:40:00,285.4500122,285.5899963,285.4500122,285.5899963,25851,ETF
2026-01-23 07:45:00,285.5899963,285.5899963,285,285.0299988,271668,ETF
2026-01-23 07:50:00,285.0299988,285.0299988,284.75,284.7600098,70387,ETF
2026-01-23 07:55:00,284.8699951,285,284.75,284.769989,54490,ETF
2026-01-23 08:00:00,284.7799988,284.7799988,284.1000061,284.1499939,157415,ETF
2026-01-23 08:05:00,284.1499939,284.1499939,284,284.0400085,132427,ETF
2026-01-23 08:10:00,284.0400085,284.2399902,283.9100037,283.9100037,314693,ETF
2026-01-23 08:15:00,283.8999939,284.0899963,283.7999878,284.0299988,213745,ETF
2026-01-23 08:20:00,284.0100098,284.1099854,283.9299927,284.0700073,84909,ETF
2026-01-23 08:25:00,284.1099854,284.1099854,283.9100037,283.9100037,98020,ETF
2026-01-23 08:30:00,283.9100037,284.0700073,283.8900146,283.9400024,163768,ETF
2026-01-23 08:35:00,284,284,283.9500122,284,133105,ETF
2026-01-23 08:40:00,284,284.1900024,283.8399963,284.0899963,95439,ETF
2026-01-23 08:45:00,284.0700073,284.3800049,283.9700012,284.0499878,117423,ETF
2026-01-23 08:50:00,284.0499878,284.1000061,283.75,283.8500061,140937,ETF
2026-01-23 08:55:00,283.8500061,284.3500061,283.8500061,284.1600037,163817,ETF
2026-01-23 09:00:00,284.1400146,284.4899902,284.1199951,284.3599854,158436,ETF
2026-01-23 09:05:00,284.3699951,284.4100037,284.1400146,284.3500061,95514,ETF
2026-01-23 09:10:00,284.3500061,284.6000061,284.269989,284.3299866,170301,ETF
2026-01-23 09:15:00,284.4299927,284.5100098,284.1000061,284.1000061,165143,ETF
2026-01-23 09:20:00,284.1000061,284.3900146,284.0700073,284.3900146,72029,ETF
2026-01-23 09:25:00,284.4400024,284.6400146,284.3599854,284.5599976,132373,ETF
2026-01-23 09:30:00,284.5599976,284.5599976,284.0400085,284.1900024,116055,ETF
2026-01-23 09:35:00,284.2600098,284.2900085,283.7600098,283.7600098,193065,ETF
2026-01-23 09:40:00,283.7600098,283.9400024,283.75,283.8500061,315905,ETF
2026-01-23 09:45:00,283.8500061,284.0899963,283.7000122,283.7799988,198084,ETF
2026-01-23 09:50:00,283.8200073,283.8800049,283.7999878,283.8800049,231765,ETF
2026-01-23 09:55:00,283.8999939,284,283.8500061,284,240336,ETF
2026-01-27 03:45:00,284.2799988,284.4899902,283.2600098,283.4599915,0,ETF
2026-01-27 03:50:00,283.2000122,283.2000122,282.5,282.6400146,419683,ETF
2026-01-27 03:55:00,282.6400146,282.8800049,282.5,282.7399902,426322,ETF
2026-01-27 04:00:00,282.7600098,283.1199951,282.5799866,283.1000061,184187,ETF
2026-01-27 04:05:00,283.0599976,284.1700134,283.019989,284.1499939,307271,ETF
2026-01-27 04:10:00,284.1900024,284.7399902,283.980011,284.7000122,188035,ETF
2026-01-27 04:15:00,284.7000122,284.8299866,284.4700012,284.7999878,216037,ETF
2026-01-27 04:20:00,284.7999878,284.9500122,284.5700073,284.6799927,136220,ETF
2026-01-27 04:25:00,284.6799927,284.7000122,284.2999878,284.3800049,97448,ETF
2026-01-27 04:30:00,284.4100037,284.7999878,284.4100037,284.6700134,140614,ETF
2026-01-27 04:35:00,284.6900024,284.7000122,284.2000122,284.3800049,123617,ETF
2026-01-27 04:40:00,284.3800049,284.6499939,284.2600098,284.6499939,91056,ETF
2026-01-27 04:45:00,284.6499939,285.230011,284.5299988,285.2200012,150791,ETF
2026-01-27 04:50:00,285.1600037,285.2000122,285.0100098,285.019989,89790,ETF
2026-01-27 04:55:00,285.0100098,285.1000061,284.5499878,284.5799866,106615,ETF
2026-01-27 05:00:00,284.5400085,284.7000122,284.3699951,284.6000061,95729,ETF
2026-01-27 05:05:00,284.6000061,284.6700134,284.4299927,284.4899902,78800,ETF
2026-01-27 05:10:00,284.4700012,284.4700012,283.4100037,283.5499878,151975,ETF
2026-01-27 05:15:00,283.5499878,283.6700134,283.3299866,283.6000061,63936,ETF
2026-01-27 05:20:00,283.6300049,283.6300049,283,283.1600037,85875,ETF
2026-01-27 05:25:00,283.1199951,283.3299866,283,283.0299988,74063,ETF
2026-01-27 05:30:00,283.0299988,283.3900146,283.0100098,283.3900146,64796,ETF
2026-01-27 05:35:00,283.3500061,283.5499878,283.1000061,283.4400024,79381,ETF
2026-01-27 05:40:00,283.3999939,283.519989,283.3500061,283.519989,47524,ETF
2026-01-27 05:45:00,283.5100098,283.8200073,283.3800049,283.75,51793,ETF
2026-01-27 05:50:00,283.75,283.8999939,283.6000061,283.6000061,55684,ETF
2026-01-27 05:55:00,283.6600037,283.8999939,283.5,283.8699951,49950,ETF
2026-01-27 06:00:00,283.8699951,284.1099854,283.7999878,283.9100037,77992,ETF
2026-01-27 06:05:00,283.9200134,284.1900024,283.7999878,284.1900024,41359,ETF
2026-01-27 06:10:00,284.1900024,284.8900146,284.1300049,284.8200073,97009,ETF
2026-01-27 06:15:00,284.8399963,284.9200134,284.3200073,284.3999939,182739,ETF
2026-01-27 06:20:00,284.3999939,284.3999939,284.0499878,284.0599976,42837,ETF
2026-01-27 06:25:00,284.2099915,284.3900146,284.1499939,284.3500061,41348,ETF
2026-01-27 06:30:00,284.3599854,284.6499939,284.2200012,284.5100098,59669,ETF
2026-01-27 06:35:00,284.5,284.6000061,284.3999939,284.5299988,44904,ETF
2026-01-27 06:40:00,284.5299988,284.6700134,284.5,284.5799866,27199,ETF
2026-01-27 06:45:00,284.5899963,284.6199951,284.1799927,284.25,38158,ETF
2026-01-27 06:50:00,284.25,284.6900024,284.1400146,284.6300049,32308,ETF
2026-01-27 06:55:00,284.5700073,284.730011,284.3500061,284.3500061,28486,ETF
2026-01-27 07:00:00,284.3500061,284.3999939,284.0499878,284.2000122,77635,ETF
2026-01-27 07:05:00,284.1300049,284.2200012,284,284.1700134,78592,ETF
2026-01-27 07:10:00,284.1799927,284.2399902,284.0499878,284.1199951,23899,ETF
2026-01-27 07:15:00,284.1199951,284.1199951,283.7399902,283.8599854,261879,ETF
2026-01-27 07:20:00,283.8500061,284.2000122,283.8099976,284.2000122,19290,ETF
2026-01-27 07:25:00,284.2000122,284.230011,284.0499878,284.2000122,41692,ETF
2026-01-27 07:30:00,284.2000122,284.2200012,283.9200134,283.980011,39220,ETF
2026-01-27 07:35:00,283.980011,284.25,283.980011,284.1000061,45994,ETF
2026-01-27 07:40:00,284.2000122,284.2000122,284,284.1700134,29841,ETF
2026-01-27 07:45:00,284.1700134,284.25,284.0599976,284.2200012,31429,ETF
2026-01-27 07:50:00,284.2200012,284.4299927,284.1700134,284.3500061,42403,ETF
2026-01-27 07:55:00,284.2999878,284.5,284.2000122,284.5,87381,ETF
2026-01-27 08:00:00,284.6000061,284.6199951,284.2999878,284.4400024,34926,ETF
2026-01-27 08:05:00,284.3699951,284.4299927,283.5,283.5499878,115927,ETF
2026-01-27 08:10:00,283.6300049,283.8699951,283.3500061,283.5299988,44784,ETF
2026-01-27 08:15:00,283.5299988,283.8200073,283.5299988,283.7900085,603582,ETF
2026-01-27 08:20:00,283.7900085,283.8399963,283.6099854,283.7099915,33435,ETF
2026-01-27 08:25:00,283.7099915,283.8500061,283.6099854,283.7900085,82080,ETF
2026-01-27 08:30:00,283.7900085,283.8399963,283.3500061,283.3999939,159563,ETF
2026-01-27 08:35:00,283.4400024,283.5799866,283.230011,283.5,92398,ETF
2026-01-27 08:40:00,283.519989,283.7999878,283.3999939,283.5100098,33614,ETF
2026-01-27 08:45:00,283.6099854,283.6400146,283.3699951,283.5499878,50151,ETF
2026-01-27 08:50:00,283.5499878,283.5499878,283.3500061,283.4500122,26956,ETF
2026-01-27 08:55:00,283.480011,283.6199951,283.3900146,283.5499878,26950,ETF
2026-01-27 09:00:00,283.5799866,283.769989,283.5,283.6000061,37301,ETF
2026-01-27 09:05:00,283.5499878,284.0599976,283.5499878,284.0599976,62780,ETF
2026-01-27 09:10:00,284.1700134,284.3999939,284.0799866,284.25,81742,ETF
2026-01-27 09:15:00,284.25,284.5,284.25,284.4299927,34592,ETF
2026-01-27 09:20:00,284.4599915,284.8399963,284.4100037,284.7999878,154304,ETF
2026-01-27 09:25:00,284.7999878,284.8999939,284.6000061,284.75,106920,ETF
2026-01-27 09:30:00,284.8599854,284.8599854,284.4200134,284.7000122,105025,ETF
2026-01-27 09:35:00,284.6300049,285.0700073,284.6199951,284.9400024,194421,ETF
2026-01-27 09:40:00,284.8800049,285.2000122,284.8800049,285.1799927,75833,ETF
2026-01-27 09:45:00,285.1799927,285.5599976,285.1799927,285.5299988,197974,ETF
2026-01-27 09:50:00,285.5599976,285.6000061,285.4100037,285.6000061,154003,ETF
2026-01-27 09:55:00,285.5799866,285.8999939,285.5499878,285.8900146,150951,ETF
2026-01-28 03:45:00,286.0799866,286.5799866,286,286.5499878,0,ETF
2026-01-28 03:50:00,286.5499878,286.8399963,286.5499878,286.7999878,136216,ETF
2026-01-28 03:55:00,286.8299866,286.8299866,286.3999939,286.730011,139874,ETF
2026-01-28 04:00:00,286.5,286.5,286.2999878,286.2999878,243777,ETF
2026-01-28 04:05:00,286.3500061,286.4100037,286.0100098,286.2000122,211177,ETF
2026-01-28 04:10:00,286.2000122,286.2000122,286,286.1799927,138723,ETF
2026-01-28 04:15:00,286.1799927,286.2000122,286,286.0499878,143694,ETF
2026-01-28 04:20:00,286.1000061,286.1600037,285.8299866,285.8999939,97366,ETF
2026-01-28 04:25:00,285.9500122,286.2000122,285.7999878,286.2000122,194768,ETF
2026-01-28 04:30:00,286.1700134,286.2799988,285.8099976,285.9899902,91254,ETF
2026-01-28 04:35:00,286,286.019989,285.3699951,285.4599915,116961,ETF
2026-01-28 04:40:00,285.4500122,285.6199951,285.230011,285.5,170570,ETF
2026-01-28 04:45:00,285.4299927,285.5599976,285.2399902,285.5599976,177186,ETF
2026-01-28 04:50:00,285.4599915,285.8399963,285.4200134,285.6499939,193543,ETF
2026-01-28 04:55:00,285.6499939,286,285.3999939,285.3999939,224709,ETF
2026-01-28 05:00:00,285.3999939,285.6099854,285.25,285.6000061,60779,ETF
2026-01-28 05:05:00,285.5700073,286,285.5,286,68205,ETF
2026-01-28 05:10:00,286.0100098,286.1400146,285.8200073,285.8999939,241507,ETF
2026-01-28 05:15:00,285.8999939,285.9500122,285.7099915,285.8999939,41315,ETF
2026-01-28 05:20:00,285.8999939,286.1799927,285.8200073,286.019989,38830,ETF
2026-01-28 05:25:00,286.0599976,286.2799988,286,286.1499939,43818,ETF
2026-01-28 05:30:00,286.25,286.3999939,286.019989,286.3999939,25331,ETF
2026-01-28 05:35:00,286.4200134,286.4899902,286.3699951,286.4400024,39411,ETF
2026-01-28 05:40:00,286.3999939,286.4899902,286.3999939,286.4400024,40850,ETF
2026-01-28 05:45:00,286.4899902,286.5,286.4100037,286.5,32452,ETF
2026-01-28 05:50:00,286.4899902,286.5,286.3900146,286.4899902,100237,ETF
2026-01-28 05:55:00,286.5,286.6700134,286.4899902,286.5700073,102370,ETF
2026-01-28 06:00:00,286.5700073,286.6400146,286.5599976,286.6300049,85948,ETF
2026-01-28 06:05:00,286.6300049,286.6300049,286.25,286.3999939,296494,ETF
2026-01-28 06:10:00,286.4299927,286.5,286.2999878,286.3399963,104334,ETF
2026-01-28 06:15:00,286.3800049,286.6000061,286.3099976,286.5499878,20040,ETF
2026-01-28 06:20:00,286.5,286.6000061,286.4500122,286.4500122,27896,ETF
2026-01-28 06:25:00,286.4899902,286.5100098,286.4500122,286.5100098,67379,ETF
2026-01-28 06:30:00,286.5100098,286.6400146,286.5100098,286.6300049,27080,ETF
2026-01-28 06:35:00,286.6300049,286.7000122,286.6000061,286.6300049,35767,ETF
2026-01-28 06:40:00,286.6099854,286.6199951,286.4500122,286.5700073,26883,ETF
2026-01-28 06:45:00,286.5700073,286.6199951,286.2999878,286.3999939,27202,ETF
2026-01-28 06:50:00,286.3999939,286.5100098,286.2099915,286.2099915,158155,ETF
2026-01-28 06:55:00,286.2099915,286.2099915,286.0100098,286.0400085,31892,ETF
2026-01-28 07:00:00,286.1499939,286.2200012,286,286.0100098,61789,ETF
2026-01-28 07:05:00,286.019989,286.230011,285.6900024,285.7799988,127900,ETF
2026-01-28 07:10:00,285.8900146,285.9899902,285.730011,285.980011,18732,ETF
2026-01-28 07:15:00,285.9299927,286,285.8999939,285.9400024,29188,ETF
2026-01-28 07:20:00,285.9400024,285.9599915,285.8999939,285.9500122,28330,ETF
2026-01-28 07:25:00,285.8800049,285.9599915,285.7999878,285.9500122,26307,ETF
2026-01-28 07:30:00,285.9500122,286,285.75,286,26308,ETF
2026-01-28 07:35:00,285.9899902,286,285.75,285.9200134,23608,ETF
2026-01-28 07:40:00,286,286.1499939,285.9200134,286,27436,ETF
2026-01-28 07:45:00,286,286.3299866,285.9100037,286.269989,121431,ETF
2026-01-28 07:50:00,286.2999878,286.2999878,285.6799927,285.8800049,326228,ETF
2026-01-28 07:55:00,285.8599854,286.0299988,285.8200073,285.9500122,141695,ETF
2026-01-28 08:00:00,285.9299927,286.0599976,285.8200073,285.8699951,32980,ETF
2026-01-28 08:05:00,285.8500061,285.8699951,285.7999878,285.8399963,39893,ETF
2026-01-28 08:10:00,285.8399963,285.9200134,285.6000061,285.6000061,78371,ETF
2026-01-28 08:15:00,285.5700073,285.6099854,285.3999939,285.480011,109985,ETF
2026-01-28 08:20:00,285.4700012,285.7200012,285.3599854,285.6600037,47222,ETF
2026-01-28 08:25:00,285.7200012,285.8399963,285.5299988,285.8399963,96349,ETF
2026-01-28 08:30:00,285.8500061,285.8900146,285.7600098,285.7900085,73741,ETF
2026-01-28 08:35:00,285.8399963,285.8399963,285.6000061,285.730011,45487,ETF
2026-01-28 08:40:00,285.7000122,285.7200012,285.5299988,285.6099854,77013,ETF
2026-01-28 08:45:00,285.5700073,285.6900024,285.3099976,285.6900024,50972,ETF
2026-01-28 08:50:00,285.6900024,285.75,285.6000061,285.7000122,21726,ETF
2026-01-28 08:55:00,285.7000122,285.7999878,285.6499939,285.7999878,31989,ETF
2026-01-28 09:00:00,285.8699951,285.9899902,285.7900085,285.8099976,38483,ETF
2026-01-28 09:05:00,285.75,285.8399963,285.7000122,285.7999878,45335,ETF
2026-01-28 09:10:00,285.7900085,286,285.7900085,286,35285,ETF
2026-01-28 09:15:00,286,286.2000122,286,286.2000122,102438,ETF
2026-01-28 09:20:00,286.2200012,286.4700012,286.1300049,286.4200134,51049,ETF
2026-01-28 09:25:00,286.4599915,286.5,286.3099976,286.5,59302,ETF
2026-01-28 09:30:00,286.6000061,286.6000061,286.4899902,286.5899963,59063,ETF
2026-01-28 09:35:00,286.5,286.5899963,286.480011,286.5,77000,ETF
2026-01-28 09:40:00,286.5,286.5899963,286.480011,286.480011,43607,ETF
2026-01-28 09:45:00,286.5899963,286.75,286.480011,286.75,116146,ETF
2026-01-28 09:50:00,286.6900024,286.7399902,286.6000061,286.7399902,93298,ETF
2026-01-28 09:55:00,286.7399902,286.7399902,286.519989,286.7399902,107128,ETF
2026-01-29 03:45:00,286.1499939,286.3699951,285.7000122,286.3699951,0,ETF
2026-01-29 03:50:00,286.2799988,286.3699951,286,286.2099915,170601,ETF
2026-01-29 03:55:00,286.2799988,286.5700073,286.1700134,286.1799927,106538,ETF
2026-01-29 04:00:00,286.2399902,286.3399963,286.019989,286.2799988,123933,ETF
2026-01-29 04:05:00,286.3099976,286.3099976,285.7000122,285.7600098,168112,ETF
2026-01-29 04:10:00,285.7999878,285.8399963,285.6000061,285.6099854,103208,ETF
2026-01-29 04:15:00,285.5899963,285.7399902,285.5,285.7399902,95261,ETF
2026-01-29 04:20:00,285.7399902,285.8900146,285.2200012,285.2200012,154302,ETF
2026-01-29 04:25:00,285.0799866,285.3500061,285,285,237028,ETF
2026-01-29 04:30:00,285.2999878,285.2999878,284.6799927,284.9200134,417093,ETF
2026-01-29 04:35:00,284.9899902,285,284.4100037,284.4400024,827578,ETF
2026-01-29 04:40:00,284.6300049,284.8399963,284.3299866,284.8200073,666595,ETF
2026-01-29 04:45:00,284.75,284.980011,284.7000122,284.7999878,110821,ETF
2026-01-29 04:50:00,284.7999878,284.8999939,284.3999939,284.8699951,120518,ETF
2026-01-29 04:55:00,284.8599854,284.8599854,284.519989,284.6000061,78571,ETF
2026-01-29 05:00:00,284.6700134,284.9500122,284.5299988,284.9200134,64356,ETF
2026-01-29 05:05:00,284.8500061,285,284.6900024,284.6900024,80028,ETF
2026-01-29 05:10:00,284.6499939,284.8399963,284.519989,284.7000122,57266,ETF
2026-01-29 05:15:00,284.7000122,284.7399902,284.5499878,284.6300049,43815,ETF
2026-01-29 05:20:00,284.6300049,285.0599976,284.6300049,285.0599976,38277,ETF
2026-01-29 05:25:00,285,285.2000122,285,285.2000122,81552,ETF
2026-01-29 05:30:00,285.2000122,285.2999878,285.1499939,285.1499939,62614,ETF
2026-01-29 05:35:00,285.1499939,285.5799866,285.1099854,285.5,599823,ETF
2026-01-29 05:40:00,285.5,285.6499939,285.4400024,285.5499878,79687,ETF
2026-01-29 05:45:00,285.5499878,285.7999878,285.5499878,285.769989,70502,ETF
2026-01-29 05:50:00,285.7200012,286,285.7000122,285.9700012,114277,ETF
2026-01-29 05:55:00,285.9599915,285.9599915,285.6799927,285.7799988,110538,ETF
2026-01-29 06:00:00,285.7900085,285.9100037,285.730011,285.730011,120538,ETF
2026-01-29 06:05:00,285.730011,285.730011,285.5299988,285.5700073,59038,ETF
2026-01-29 06:10:00,285.6499939,285.8800049,285.5899963,285.8099976,61615,ETF
2026-01-29 06:15:00,285.7999878,285.7999878,285.5100098,285.6700134,60297,ETF
2026-01-29 06:20:00,285.730011,285.7799988,285.4500122,285.5499878,45477,ETF
2026-01-29 06:25:00,285.5499878,285.730011,285.4599915,285.7000122,33605,ETF
2026-01-29 06:30:00,285.7000122,285.7999878,285.6199951,285.7900085,31566,ETF
2026-01-29 06:35:00,285.7799988,285.9100037,285.6400146,285.8999939,88808,ETF
2026-01-29 06:40:00,285.8999939,285.980011,285.7000122,285.8699951,26534,ETF
2026-01-29 06:45:00,285.8699951,285.8999939,285.7200012,285.8800049,24697,ETF
2026-01-29 06:50:00,285.8599854,285.8999939,285.7600098,285.8999939,38286,ETF
2026-01-29 06:55:00,285.8999939,285.980011,285.7999878,285.8500061,80977,ETF
2026-01-29 07:00:00,285.8900146,286.1099854,285.8900146,286.0599976,99013,ETF
2026-01-29 07:05:00,286.0499878,286.0799866,285.8999939,286,32096,ETF
2026-01-29 07:10:00,286,286.0299988,285.8999939,285.980011,88786,ETF
2026-01-29 07:15:00,285.9599915,286.1499939,285.8999939,286.1499939,54299,ETF
2026-01-29 07:20:00,286.1499939,286.3999939,286.1199951,286.3299866,69265,ETF
2026-01-29 07:25:00,286.3299866,286.4500122,286.2000122,286.2799988,68095,ETF
2026-01-29 07:30:00,286.2799988,286.5,286.2600098,286.5,79336,ETF
2026-01-29 07:35:00,286.5,286.6900024,286.5,286.6700134,91697,ETF
2026-01-29 07:40:00,286.6600037,286.7399902,286.6000061,286.6700134,123721,ETF
2026-01-29 07:45:00,286.7000122,286.7399902,286.5400085,286.5799866,83536,ETF
2026-01-29 07:50:00,286.5599976,286.6700134,286.5100098,286.6600037,55031,ETF
2026-01-29 07:55:00,286.6400146,286.6799927,286.3399963,286.4599915,104527,ETF
2026-01-29 08:00:00,286.5499878,286.8599854,286.5,286.8599854,108981,ETF
2026-01-29 08:05:00,286.8800049,287,286.8800049,286.9899902,78403,ETF
2026-01-29 08:10:00,287,287.1000061,286.980011,287.1000061,63173,ETF
2026-01-29 08:15:00,287.1000061,287.3999939,287.1000061,287.3999939,116292,ETF
2026-01-29 08:20:00,287.3999939,287.4400024,287.3800049,287.4400024,89345,ETF
2026-01-29 08:25:00,287.4400024,287.4899902,287.269989,287.3800049,108729,ETF
2026-01-29 08:30:00,287.3800049,287.5,287.3800049,287.3999939,151433,ETF
2026-01-29 08:35:00,287.3900146,287.3900146,287.0899963,287.0899963,143026,ETF
2026-01-29 08:40:00,287.1199951,287.3800049,287.0100098,287.3500061,114644,ETF
2026-01-29 08:45:00,287.3599854,287.3599854,287.2600098,287.2600098,98447,ETF
2026-01-29 08:50:00,287.2600098,287.2600098,287.2000122,287.2099915,56800,ETF
2026-01-29 08:55:00,287.230011,287.3999939,287.2200012,287.3599854,126764,ETF
2026-01-29 09:00:00,287.3999939,287.6000061,287.3800049,287.5899963,111163,ETF
2026-01-29 09:05:00,287.5899963,287.6000061,287.4899902,287.5700073,142528,ETF
2026-01-29 09:10:00,287.5899963,287.6000061,287.5100098,287.5899963,86452,ETF
2026-01-29 09:15:00,287.5799866,287.6099854,287.5100098,287.6000061,70195,ETF
2026-01-29 09:20:00,287.6000061,287.769989,287.6000061,287.6900024,74107,ETF
2026-01-29 09:25:00,287.6900024,287.6900024,287.3500061,287.6000061,139781,ETF
2026-01-29 09:30:00,287.6900024,287.6900024,287.2799988,287.3599854,92600,ETF
2026-01-29 09:35:00,287.3500061,287.3999939,287.1799927,287.2999878,115109,ETF
2026-01-29 09:40:00,287.2799988,287.3999939,287.2600098,287.2999878,158447,ETF
2026-01-29 09:45:00,287.2999878,287.519989,287.2900085,287.4500122,187505,ETF
2026-01-29 09:50:00,287.4400024,287.4599915,287.3099976,287.4599915,161091,ETF
2026-01-29 09:55:00,287.4500122,287.4899902,287.3599854,287.4899902,134452,ETF
2026-01-30 03:45:00,285.3699951,285.980011,285.3699951,285.769989,0,ETF
2026-01-30 03:50:00,285.730011,285.7999878,285.5799866,285.6499939,224728,ETF
2026-01-30 03:55:00,285.5700073,285.8399963,285.5599976,285.6499939,159973,ETF
2026-01-30 04:00:00,285.6499939,285.9100037,285.5,285.8500061,139737,ETF
2026-01-30 04:05:00,286.0599976,286.5400085,286.0599976,286.3900146,115108,ETF
2026-01-30 04:10:00,286.3999939,286.5,286.1499939,286.2000122,161675,ETF
2026-01-30 04:15:00,286.2999878,286.4400024,286.2799988,286.2900085,75346,ETF
2026-01-30 04:20:00,286.2900085,286.3399963,286.1400146,286.3399963,154866,ETF
2026-01-30 04:25:00,286.3200073,286.4400024,286.2000122,286.4400024,263730,ETF
2026-01-30 04:30:00,286.4299927,286.6199951,286.2399902,286.269989,148915,ETF
2026-01-30 04:35:00,286.2600098,286.3099976,286.019989,286.3099976,71392,ETF
2026-01-30 04:40:00,286.230011,286.4899902,286.1400146,286.4899902,63604,ETF
2026-01-30 04:45:00,286.480011,286.6700134,286.480011,286.5899963,38862,ETF
2026-01-30 04:50:00,286.5499878,286.5599976,286.2200012,286.4200134,116908,ETF
2026-01-30 04:55:00,286.4200134,286.4500122,286.25,286.4200134,115204,ETF
2026-01-30 05:00:00,286.4400024,286.519989,286.3599854,286.5,53741,ETF
2026-01-30 05:05:00,286.519989,286.5899963,286.4100037,286.5899963,21948,ETF
2026-01-30 05:10:00,286.5899963,286.7099915,286.5499878,286.7099915,67592,ETF
2026-01-30 05:15:00,286.6700134,286.769989,286.5499878,286.6400146,32612,ETF
2026-01-30 05:20:00,286.6199951,286.6199951,286.480011,286.6000061,33485,ETF
2026-01-30 05:25:00,286.6000061,286.7099915,286.5499878,286.7099915,25255,ETF
2026-01-30 05:30:00,286.7099915,286.769989,286.6400146,286.7000122,29007,ETF
2026-01-30 05:35:00,286.5499878,286.6499939,286.2799988,286.2799988,86985,ETF
2026-01-30 05:40:00,286.2999878,286.3099976,286.1000061,286.2099915,163081,ETF
2026-01-30 05:45:00,286.1900024,286.25,286.0499878,286.1700134,44611,ETF
2026-01-30 05:50:00,286.1600037,286.2900085,286,286.2900085,49308,ETF
2026-01-30 05:55:00,286.2900085,286.480011,286.2200012,286.230011,29488,ETF
2026-01-30 06:00:00,286.2399902,286.2600098,285.8999939,286.0700073,74190,ETF
2026-01-30 06:05:00,286.0700073,286.3900146,286.0700073,286.2999878,27258,ETF
2026-01-30 06:10:00,286.2999878,286.4500122,286.1499939,286.3900146,46994,ETF
2026-01-30 06:15:00,286.3999939,286.3999939,286.1099854,286.2000122,27638,ETF
2026-01-30 06:20:00,286.2600098,286.5499878,286.1499939,286.5,626099,ETF
2026-01-30 06:25:00,286.5,286.5700073,286.1499939,286.2999878,35576,ETF
2026-01-30 06:30:00,286.2999878,286.3099976,286.1000061,286.1600037,30044,ETF
2026-01-30 06:35:00,286.1600037,286.3800049,286.1099854,286.3800049,16253,ETF
2026-01-30 06:40:00,286.3900146,286.5499878,286.3500061,286.519989,138160,ETF
2026-01-30 06:45:00,286.5499878,286.6799927,286.3200073,286.3200073,51283,ETF
2026-01-30 06:50:00,286.3399963,286.7000122,286.3399963,286.7000122,26288,ETF
2026-01-30 06:55:00,286.6400146,286.7799988,286.2999878,286.5400085,65894,ETF
2026-01-30 07:00:00,286.5400085,286.6000061,286.3299866,286.5100098,22768,ETF
2026-01-30 07:05:00,286.4500122,286.6199951,286.3999939,286.5899963,22573,ETF
2026-01-30 07:10:00,286.5899963,286.6000061,286.4299927,286.5100098,20769,ETF
2026-01-30 07:15:00,286.5899963,286.5899963,286.4500122,286.480011,17488,ETF
2026-01-30 07:20:00,286.480011,286.5899963,286.4299927,286.5599976,10363,ETF
2026-01-30 07:25:00,286.5599976,286.5700073,286.3999939,286.5299988,22892,ETF
2026-01-30 07:30:00,286.5299988,286.5299988,286.3599854,286.4200134,86323,ETF
2026-01-30 07:35:00,286.3999939,286.3999939,286.1000061,286.1000061,65391,ETF
2026-01-30 07:40:00,286.0799866,286.2399902,286.0100098,286.1400146,80051,ETF
2026-01-30 07:45:00,286.0100098,286.0400085,285.769989,285.9599915,89691,ETF
2026-01-30 07:50:00,285.9599915,286.019989,285.75,285.8999939,103746,ETF
2026-01-30 07:55:00,285.9599915,286.019989,285.8500061,285.9599915,35859,ETF
2026-01-30 08:00:00,285.9599915,286.1700134,285.8599854,286.1300049,50614,ETF
2026-01-30 08:05:00,286.1799927,286.1799927,286.0100098,286.1799927,67287,ETF
2026-01-30 08:10:00,286.1799927,286.5499878,286.019989,286.4700012,162499,ETF
2026-01-30 08:15:00,286.4599915,286.5400085,286.25,286.3299866,53784,ETF
2026-01-30 08:20:00,286.3299866,286.75,286.3200073,286.6600037,70958,ETF
2026-01-30 08:25:00,286.7399902,286.9299927,286.6099854,286.9299927,61234,ETF
2026-01-30 08:30:00,286.9500122,287.3699951,286.8299866,286.8999939,51494,ETF
2026-01-30 08:35:00,286.980011,287.2000122,286.8999939,287.1499939,83870,ETF
2026-01-30 08:40:00,287.1499939,287.1499939,286.8099976,286.9200134,75432,ETF
2026-01-30 08:45:00,286.9200134,287.0799866,286.8399963,287,35997,ETF
2026-01-30 08:50:00,287,287,286.7999878,286.8599854,68440,ETF
2026-01-30 08:55:00,286.9700012,286.9700012,286.75,286.9400024,30204,ETF
2026-01-30 09:00:00,286.9700012,287.0100098,286.8500061,286.9299927,185410,ETF
2026-01-30 09:05:00,286.9400024,287,286.8999939,287,72755,ETF
2026-01-30 09:10:00,286.9200134,287.0100098,286.5,286.6000061,123664,ETF
2026-01-30 09:15:00,286.5299988,287,286.5299988,287,351291,ETF
2026-01-30 09:20:00,287,287,286.8999939,287,41479,ETF
2026-01-30 09:25:00,286.980011,287.3200073,286.8699951,287.25,189414,ETF
2026-01-30 09:30:00,287.3099976,287.3099976,286.6099854,286.8299866,113596,ETF
2026-01-30 09:35:00,286.8800049,286.9400024,286.7000122,286.9299927,87200,ETF
2026-01-30 09:40:00,286.9299927,287.0100098,286.7200012,286.7900085,155268,ETF
2026-01-30 09:45:00,286.7900085,286.8800049,286.7000122,286.75,56262,ETF
2026-01-30 09:50:00,286.7399902,286.75,286.5,286.7000122,96071,ETF
2026-01-30 09:55:00,286.6300049,286.75,286.4599915,286.75,182177,ETF
2026-02-03 03:45:00,295.2900085,295.2900085,290.5100098,291.3500061,2879283,ETF
2026-02-03 03:50:00,291.3599854,292.4700012,291.3500061,291.5,1471165,ETF
2026-02-03 03:55:00,291.3999939,291.6900024,291.0100098,291.4500122,722031,ETF
2026-02-03 04:00:00,291.480011,291.5899963,291.230011,291.3800049,773173,ETF
2026-02-03 04:05:00,291.3299866,291.519989,291.1499939,291.480011,471863,ETF
2026-02-03 04:10:00,291.4899902,291.519989,291.1300049,291.2000122,403834,ETF
2026-02-03 04:15:00,291.2999878,291.2999878,290.4100037,291.2000122,416640,ETF
2026-02-03 04:20:00,291.2000122,291.2999878,291,291.0299988,166001,ETF
2026-02-03 04:25:00,291.0299988,291.0299988,290.6199951,290.6799927,254898,ETF
2026-02-03 04:30:00,290.730011,290.8800049,290.6199951,290.7200012,121619,ETF
2026-02-03 04:35:00,290.6300049,290.6400146,290.0899963,290.5,253255,ETF
2026-02-03 04:40:00,290.4599915,290.4599915,290.0599976,290.3699951,155027,ETF
2026-02-03 04:45:00,290.4100037,291.2999878,290.4100037,291.2900085,277617,ETF
2026-02-03 04:50:00,291.25,291.519989,291.25,291.519989,192148,ETF
2026-02-03 04:55:00,291.519989,291.6499939,291.5,291.5700073,143512,ETF
2026-02-03 05:00:00,291.6000061,291.7999878,291.5,291.7999878,168909,ETF
2026-02-03 05:05:00,291.8500061,292.1799927,291.769989,292.1799927,581878,ETF
2026-02-03 05:10:00,292.2000122,292.2999878,292,292.1000061,247311,ETF
2026-02-03 05:15:00,292.1000061,292.1499939,291.3299866,291.5,144971,ETF
2026-02-03 05:20:00,291.5,291.7000122,291.2099915,291.4899902,153059,ETF
2026-02-03 05:25:00,291.4899902,291.7799988,291.4599915,291.5499878,140186,ETF
2026-02-03 05:30:00,291.6700134,291.8999939,291.5599976,291.8299866,91480,ETF
2026-02-03 05:35:00,291.6799927,291.8699951,291.6000061,291.6900024,140761,ETF
2026-02-03 05:40:00,291.6700134,291.7399902,291.5,291.6900024,58315,ETF
2026-02-03 05:45:00,291.6900024,291.730011,291.6799927,291.6799927,71125,ETF
2026-02-03 05:50:00,291.7000122,291.769989,291.6499939,291.7600098,105690,ETF
2026-02-03 05:55:00,291.7000122,291.8999939,291.7000122,291.8900146,117634,ETF
2026-02-03 06:00:00,291.8999939,292.2399902,291.7799988,292.2399902,212308,ETF
2026-02-03 06:05:00,292.2399902,292.2999878,292.1499939,292.2000122,172526,ETF
2026-02-03 06:10:00,292.2000122,292.4500122,292.1499939,292.4500122,256175,ETF
2026-02-03 06:15:00,292.3800049,292.4500122,292.1199951,292.25,165697,ETF
2026-02-03 06:20:00,292.2099915,292.3200073,292.1400146,292.269989,90521,ETF
2026-02-03 06:25:00,292.269989,292.4500122,292.2600098,292.4500122,136275,ETF
2026-02-03 06:30:00,292.4500122,292.5,292.1400146,292.2799988,226899,ETF
2026-02-03 06:35:00,292.2799988,292.2999878,291.8999939,292,301673,ETF
2026-02-03 06:40:00,291.9899902,292.1900024,291.9599915,292,311609,ETF
2026-02-03 06:45:00,292,292.0499878,291.9599915,292.0499878,64645,ETF
2026-02-03 06:50:00,292.0100098,292.0100098,291.8900146,291.8900146,93350,ETF
2026-02-03 06:55:00,291.8999939,291.8999939,291.6099854,291.769989,197975,ETF
2026-02-03 07:00:00,291.769989,292,291.7600098,291.8599854,123266,ETF
2026-02-03 07:05:00,291.8399963,291.8500061,291.5599976,291.7799988,150936,ETF
2026-02-03 07:10:00,291.7799988,291.9599915,291.769989,291.9200134,95934,ETF
2026-02-03 07:15:00,291.9200134,291.9200134,291.6700134,291.7999878,58877,ETF
2026-02-03 07:20:00,291.7999878,291.9500122,291.75,291.8200073,67233,ETF
2026-02-03 07:25:00,291.9299927,291.9400024,291.8200073,291.8999939,41994,ETF
2026-02-03 07:30:00,291.8999939,292,291.8599854,292,118137,ETF
2026-02-03 07:35:00,291.9899902,292,291.8999939,291.8999939,56773,ETF
2026-02-03 07:40:00,291.8500061,292,291.8399963,291.9500122,161805,ETF
2026-02-03 07:45:00,291.9500122,292,291.7999878,291.980011,51495,ETF
2026-02-03 07:50:00,291.9500122,292,291.7999878,291.9299927,138744,ETF
2026-02-03 07:55:00,291.9500122,291.9599915,291.5100098,291.7999878,74468,ETF
2026-02-03 08:00:00,291.8200073,291.8900146,291.6799927,291.7000122,132735,ETF
2026-02-03 08:05:00,291.7000122,291.8699951,291.4100037,291.7999878,112436,ETF
2026-02-03 08:10:00,291.8599854,292.1900024,291.7900085,292.1600037,214991,ETF
2026-02-03 08:15:00,292.1499939,292.25,292.0899963,292.1000061,93811,ETF
2026-02-03 08:20:00,292.1799927,292.1799927,291.5299988,291.9100037,258568,ETF
2026-02-03 08:25:00,291.9100037,292,291.6799927,291.7200012,62391,ETF
2026-02-03 08:30:00,291.7200012,291.75,291.4899902,291.6099854,42806,ETF
2026-02-03 08:35:00,291.6600037,291.75,291.5799866,291.6499939,46486,ETF
2026-02-03 08:40:00,291.6499939,291.7999878,291.5799866,291.75,63869,ETF
2026-02-03 08:45:00,291.7000122,291.75,291.5,291.5499878,42757,ETF
2026-02-03 08:50:00,291.5499878,291.6600037,291.3999939,291.5499878,67781,ETF
2026-02-03 08:55:00,291.6000061,291.6700134,291.5499878,291.6400146,44615,ETF
2026-02-03 09:00:00,291.6700134,291.7000122,291.4200134,291.5100098,106286,ETF
2026-02-03 09:05:00,291.5499878,291.8299866,291.5100098,291.6600037,94156,ETF
2026-02-03 09:10:00,291.6199951,291.7000122,291.2600098,291.519989,78011,ETF
2026-02-03 09:15:00,291.5299988,291.6400146,291.3900146,291.5700073,37603,ETF
2026-02-03 09:20:00,291.6300049,291.6499939,291.5100098,291.5799866,45719,ETF
2026-02-03 09:25:00,291.519989,291.7999878,291.5,291.6400146,52155,ETF
2026-02-03 09:30:00,291.7200012,291.7399902,291,291.0499878,201039,ETF
2026-02-03 09:35:00,291.2000122,291.3200073,291,291.269989,107918,ETF
2026-02-03 09:40:00,291.25,291.3099976,290.9700012,291.2600098,133089,ETF
2026-02-03 09:45:00,291.1199951,291.480011,291.0499878,291.3399963,143586,ETF
2026-02-03 09:50:00,291.3399963,291.3999939,291.1499939,291.3399963,148578,ETF
2026-02-03 09:55:00,291.2999878,291.3399963,291,291.2000122,160499,ETF
2026-02-04 03:45:00,289.9100037,291.0599976,289.8099976,290.8900146,0,ETF
2026-02-04 03:50:00,290.8900146,291.4400024,290.7099915,291.4400024,154393,ETF
2026-02-04 03:55:00,291.3900146,291.6000061,291.2999878,291.3599854,101546,ETF
2026-02-04 04:00:00,291.3800049,291.7000122,291.3699951,291.4500122,94376,ETF
2026-02-04 04:05:00,291.4500122,291.4599915,291.1000061,291.1600037,98655,ETF
2026-02-04 04:10:00,291.1499939,291.7000122,291.1499939,291.6799927,96851,ETF
2026-02-04 04:15:00,291.6700134,291.7799988,291.6600037,291.75,92743,ETF
2026-02-04 04:20:00,291.75,291.75,291.2999878,291.5,127931,ETF
2026-02-04 04:25:00,291.480011,291.7000122,291.480011,291.6900024,61413,ETF
2026-02-04 04:30:00,291.6900024,291.730011,291.5799866,291.7000122,60499,ETF
2026-02-04 04:35:00,291.7000122,291.7999878,291.6000061,291.7999878,49412,ETF
2026-02-04 04:40:00,291.7999878,291.8699951,291.6700134,291.75,87810,ETF
2026-02-04 04:45:00,291.75,291.7600098,291.5,291.5599976,96301,ETF
2026-02-04 04:50:00,291.5400085,291.6700134,291.25,291.3500061,61241,ETF
2026-02-04 04:55:00,291.3500061,291.4700012,291.2200012,291.3599854,61568,ETF
2026-02-04 05:00:00,291.3599854,291.4400024,291.2099915,291.269989,153423,ETF
2026-02-04 05:05:00,291.25,291.2600098,291,291.0899963,81518,ETF
2026-02-04 05:10:00,291.1499939,291.3500061,291.1300049,291.3099976,52361,ETF
2026-02-04 05:15:00,291.3099976,291.5599976,291.25,291.5599976,44008,ETF
2026-02-04 05:20:00,291.4899902,291.5700073,291.3599854,291.4700012,49595,ETF
2026-02-04 05:25:00,291.4700012,291.5,291.2099915,291.3999939,48141,ETF
2026-02-04 05:30:00,291.3999939,291.3999939,291.2200012,291.3900146,39034,ETF
2026-02-04 05:35:00,291.3900146,291.3900146,291.3200073,291.3699951,42239,ETF
2026-02-04 05:40:00,291.3699951,291.3699951,291.0700073,291.2900085,97713,ETF
2026-02-04 05:45:00,291.2900085,291.2999878,291.1000061,291.1499939,37405,ETF
2026-02-04 05:50:00,291.1499939,291.230011,291.0899963,291.0899963,48277,ETF
2026-02-04 05:55:00,291.0499878,291.1199951,290.8500061,291,70014,ETF
2026-02-04 06:00:00,291.0899963,291.2000122,291,291.1799927,27430,ETF
2026-02-04 06:05:00,291.1799927,291.1799927,291,291.019989,24479,ETF
2026-02-04 06:10:00,291.1199951,291.25,290.9599915,291.2399902,32454,ETF
2026-02-04 06:15:00,291.25,291.269989,290.9299927,291.1900024,25797,ETF
2026-02-04 06:20:00,291.1900024,291.2200012,290.8999939,291.2000122,45022,ETF
2026-02-04 06:25:00,291.2000122,291.269989,291.0599976,291.2600098,21018,ETF
2026-02-04 06:30:00,291.269989,291.2799988,291.0499878,291.2000122,30556,ETF
2026-02-04 06:35:00,291.1900024,291.4500122,291.1000061,291.3800049,55336,ETF
2026-02-04 06:40:00,291.2900085,291.4599915,291.2900085,291.4299927,60761,ETF
2026-02-04 06:45:00,291.4299927,291.5100098,291.3999939,291.4200134,40634,ETF
2026-02-04 06:50:00,291.4299927,291.4599915,291.2000122,291.3800049,53672,ETF
2026-02-04 06:55:00,291.3800049,291.5899963,291.269989,291.5799866,43803,ETF
2026-02-04 07:00:00,291.5799866,291.5799866,291.2099915,291.3800049,199072,ETF
2026-02-04 07:05:00,291.3800049,291.480011,291.2399902,291.2900085,41681,ETF
2026-02-04 07:10:00,291.4200134,291.6000061,291.3299866,291.3399963,41359,ETF
2026-02-04 07:15:00,291.3200073,291.480011,291.25,291.2999878,67641,ETF
2026-02-04 07:20:00,291.2999878,291.3500061,291.1099854,291.1300049,33922,ETF
2026-02-04 07:25:00,291.2799988,291.2900085,291.019989,291.1300049,50428,ETF
2026-02-04 07:30:00,291.1499939,291.2000122,291.019989,291.1700134,28762,ETF
2026-02-04 07:35:00,291.2000122,291.3800049,291.1600037,291.3699951,27308,ETF
2026-02-04 07:40:00,291.3500061,291.3999939,291.1900024,291.3800049,42728,ETF
2026-02-04 07:45:00,291.3999939,291.3999939,291.2900085,291.2999878,54592,ETF
2026-02-04 07:50:00,291.3500061,291.3999939,291.3500061,291.3900146,48528,ETF
2026-02-04 07:55:00,291.3999939,291.4299927,291.3900146,291.3999939,75630,ETF
2026-02-04 08:00:00,291.3900146,291.3999939,291.3900146,291.3999939,96161,ETF
2026-02-04 08:05:00,291.3999939,291.5499878,291.3800049,291.5499878,67692,ETF
2026-02-04 08:10:00,291.5499878,291.8399963,291.519989,291.8099976,125797,ETF
2026-02-04 08:15:00,291.8099976,291.8399963,291.5299988,291.6199951,38833,ETF
2026-02-04 08:20:00,291.6499939,291.6799927,291.5400085,291.6700134,50174,ETF
2026-02-04 08:25:00,291.6799927,291.8200073,291.6700134,291.75,95372,ETF
2026-02-04 08:30:00,291.75,291.75,291.5499878,291.5899963,54741,ETF
2026-02-04 08:35:00,291.7200012,291.75,291.5899963,291.6000061,41953,ETF
2026-02-04 08:40:00,291.6099854,291.8999939,291.6000061,291.8999939,53424,ETF
2026-02-04 08:45:00,291.8999939,291.9899902,291.8999939,291.980011,100323,ETF
2026-02-04 08:50:00,291.9700012,291.9899902,291.8999939,291.9500122,116456,ETF
2026-02-04 08:55:00,291.9500122,291.9700012,291.9100037,291.9500122,84575,ETF
2026-02-04 09:00:00,291.9500122,292,291.9500122,292,94623,ETF
2026-02-04 09:05:00,291.9899902,292,291.9599915,291.9899902,66394,ETF
2026-02-04 09:10:00,291.9899902,292.0299988,291.9299927,292.0100098,286780,ETF
2026-02-04 09:15:00,292.0299988,292.0299988,291.8200073,291.9500122,60126,ETF
2026-02-04 09:20:00,291.9400024,292,291.8999939,291.9400024,32779,ETF
2026-02-04 09:25:00,291.9299927,291.9899902,291.8299866,291.8900146,41299,ETF
2026-02-04 09:30:00,291.8999939,291.9500122,291.75,291.9200134,101042,ETF
2026-02-04 09:35:00,291.9100037,291.9299927,291.7099915,291.7999878,49348,ETF
2026-02-04 09:40:00,291.7399902,291.7999878,291.7099915,291.7799988,48335,ETF
2026-02-04 09:45:00,291.7399902,291.8999939,291.7399902,291.8599854,85281,ETF
2026-02-04 09:50:00,291.8500061,291.8500061,291.4200134,291.5,157270,ETF
2026-02-04 09:55:00,291.4899902,291.5899963,291.2099915,291.2999878,190758,ETF
2026-02-05 03:45:00,291.0599976,291.3099976,291,291.1499939,0,ETF
2026-02-05 03:50:00,291.0499878,291.0700073,290.6000061,290.6900024,138652,ETF
2026-02-05 03:55:00,290.6799927,290.7399902,290.519989,290.7399902,87080,ETF
2026-02-05 04:00:00,290.7999878,291.1700134,290.7999878,290.8900146,94331,ETF
2026-02-05 04:05:00,290.8900146,290.9500122,290.5899963,290.6799927,44915,ETF
2026-02-05 04:10:00,290.6799927,290.6799927,290.2999878,290.2999878,97577,ETF
2026-02-05 04:15:00,290.4100037,290.4700012,290.3099976,290.4200134,87439,ETF
2026-02-05 04:20:00,290.4200134,290.5,290.2600098,290.2600098,114579,ETF
2026-02-05 04:25:00,290.2999878,290.4899902,290.2099915,290.4500122,68555,ETF
2026-02-05 04:30:00,290.4500122,290.5,290.2600098,290.4200134,79327,ETF
2026-02-05 04:35:00,290.480011,290.5,290.3999939,290.4700012,170818,ETF
2026-02-05 04:40:00,290.4700012,290.7999878,290.4700012,290.7999878,42456,ETF
2026-02-05 04:45:00,290.730011,290.7900085,290.519989,290.7399902,37416,ETF
2026-02-05 04:50:00,290.7399902,290.9899902,290.6799927,290.9899902,79878,ETF
2026-02-05 04:55:00,290.9899902,290.9899902,290.7000122,290.7900085,34440,ETF
2026-02-05 05:00:00,290.7399902,290.8200073,290.5100098,290.5700073,65356,ETF
2026-02-05 05:05:00,290.5799866,290.6300049,290.3500061,290.3599854,125114,ETF
2026-02-05 05:10:00,290.3599854,290.5899963,290.3099976,290.5299988,107236,ETF
2026-02-05 05:15:00,290.5299988,290.5700073,290.3500061,290.3999939,115727,ETF
2026-02-05 05:20:00,290.4599915,290.5700073,290.3800049,290.4500122,149845,ETF
2026-02-05 05:25:00,290.4400024,290.4400024,290.2099915,290.2900085,169271,ETF
2026-02-05 05:30:00,290.3200073,290.5400085,290.1499939,290.5400085,176748,ETF
2026-02-05 05:35:00,290.5299988,290.7000122,290.5,290.6900024,144695,ETF
2026-02-05 05:40:00,290.730011,290.8800049,290.5400085,290.8800049,143473,ETF
2026-02-05 05:45:00,290.8800049,290.8800049,290.5,290.6000061,94417,ETF
2026-02-05 05:50:00,290.6000061,290.6499939,290.4200134,290.5,26774,ETF
2026-02-05 05:55:00,290.5499878,290.6199951,290.4200134,290.6199951,37189,ETF
2026-02-05 06:00:00,290.5599976,290.7000122,290.5499878,290.5499878,25587,ETF
2026-02-05 06:05:00,290.5700073,290.7900085,290.5,290.7799988,41218,ETF
2026-02-05 06:10:00,290.7900085,290.7900085,290.5499878,290.7900085,46540,ETF
2026-02-05 06:15:00,290.7799988,290.7799988,290.3800049,290.3800049,29213,ETF
2026-02-05 06:20:00,290.3800049,290.4700012,290.2999878,290.4599915,31138,ETF
2026-02-05 06:25:00,290.4700012,290.5799866,290.4100037,290.5599976,39924,ETF
2026-02-05 06:30:00,290.6099854,290.6300049,290.3900146,290.6300049,32549,ETF
2026-02-05 06:35:00,290.6300049,290.6300049,290.3800049,290.4400024,19299,ETF
2026-02-05 06:40:00,290.4400024,290.4500122,290.2999878,290.3299866,27574,ETF
2026-02-05 06:45:00,290.3299866,290.3299866,290.2000122,290.2099915,41398,ETF
2026-02-05 06:50:00,290.1700134,290.2600098,290.1199951,290.1799927,44227,ETF
2026-02-05 06:55:00,290.1799927,290.2999878,290.1199951,290.2999878,23316,ETF
2026-02-05 07:00:00,290.2799988,290.3999939,290.1000061,290.1700134,36748,ETF
2026-02-05 07:05:00,290.230011,290.3399963,290.230011,290.25,27271,ETF
2026-02-05 07:10:00,290.2799988,290.3099976,290.1600037,290.230011,25751,ETF
2026-02-05 07:15:00,290.230011,290.3399963,290.1900024,290.2799988,31259,ETF
2026-02-05 07:20:00,290.3399963,290.4599915,290.2600098,290.3200073,85039,ETF
2026-02-05 07:25:00,290.3299866,290.480011,290.1600037,290.480011,16372,ETF
2026-02-05 07:30:00,290.4899902,290.5,290.3999939,290.3999939,24518,ETF
2026-02-05 07:35:00,290.3500061,290.3999939,290.2399902,290.25,53175,ETF
2026-02-05 07:40:00,290.25,290.25,290.2000122,290.25,32530,ETF
2026-02-05 07:45:00,290.25,290.5,290.1600037,290.5,119515,ETF
2026-02-05 07:50:00,290.5,290.5799866,290.3999939,290.4899902,29107,ETF
2026-02-05 07:55:00,290.4899902,290.4899902,290.1700134,290.1700134,103943,ETF
2026-02-05 08:00:00,290.1700134,290.3800049,290.1700134,290.3800049,28482,ETF
2026-02-05 08:05:00,290.3500061,290.4400024,290.2099915,290.4100037,21960,ETF
2026-02-05 08:10:00,290.4100037,290.4500122,290.2399902,290.4299927,17692,ETF
2026-02-05 08:15:00,290.4400024,290.5,290.2999878,290.480011,21811,ETF
2026-02-05 08:20:00,290.480011,290.5,290.1499939,290.2900085,49277,ETF
2026-02-05 08:25:00,290.2900085,290.3800049,290.2399902,290.3500061,68579,ETF
2026-02-05 08:30:00,290.3800049,290.3900146,290.2799988,290.2799988,49817,ETF
2026-02-05 08:35:00,290.3200073,290.3200073,289.9500122,289.980011,174545,ETF
2026-02-05 08:40:00,289.980011,290.0400085,289.8399963,290.0400085,141386,ETF
2026-02-05 08:45:00,290.0400085,290.0400085,289.8399963,290,136889,ETF
2026-02-05 08:50:00,290.0100098,290.0899963,290,290.0599976,217320,ETF
2026-02-05 08:55:00,290.0700073,290.2399902,290.0499878,290.2000122,145720,ETF
2026-02-05 09:00:00,290.1099854,290.3200073,290.1000061,290.3099976,124751,ETF
2026-02-05 09:05:00,290.2900085,290.4899902,290.2900085,290.3900146,126782,ETF
2026-02-05 09:10:00,290.3999939,290.3999939,290.2000122,290.3200073,124837,ETF
2026-02-05 09:15:00,290.2999878,290.2999878,290.0599976,290.2799988,130850,ETF
2026-02-05 09:20:00,290.269989,290.269989,290.1499939,290.25,143416,ETF
2026-02-05 09:25:00,290.25,290.5499878,290.25,290.5499878,145041,ETF
2026-02-05 09:30:00,290.5899963,290.6499939,290.4700012,290.6499939,175606,ETF
2026-02-05 09:35:00,290.6499939,290.7099915,290.4299927,290.5,117219,ETF
2026-02-05 09:40:00,290.5,290.5,290.3999939,290.4500122,35738,ETF
2026-02-05 09:45:00,290.3900146,290.4500122,290.2000122,290.2000122,75999,ETF
2026-02-05 09:50:00,290.2099915,290.2099915,290.0599976,290.1900024,145883,ETF
2026-02-05 09:55:00,290.1499939,290.4500122,290.1300049,290.3500061,162190,ETF
2026-02-06 03:45:00,289.3999939,289.8900146,289.2600098,289.6400146,0,ETF
2026-02-06 03:50:00,289.6400146,289.6799927,289.3999939,289.5100098,119208,ETF
2026-02-06 03:55:00,289.5799866,289.7200012,289.4200134,289.5400085,64934,ETF
2026-02-06 04:00:00,289.5400085,289.6600037,289.4100037,289.5,111842,ETF
2026-02-06 04:05:00,289.5899963,289.5899963,289.25,289.3999939,92793,ETF
2026-02-06 04:10:00,289.3999939,289.3999939,289.1000061,289.2000122,71896,ETF
2026-02-06 04:15:00,289.2000122,289.5,289.1600037,289.5,69628,ETF
2026-02-06 04:20:00,289.5,289.5,289.4100037,289.480011,29849,ETF
2026-02-06 04:25:00,289.4599915,289.4700012,289.2600098,289.3500061,23077,ETF
2026-02-06 04:30:00,289.3500061,289.5,289.1499939,289.2799988,46690,ETF
2026-02-06 04:35:00,289.2799988,289.3599854,289.1700134,289.3599854,78303,ETF
2026-02-06 04:40:00,289.3599854,289.3699951,289.0499878,289.1900024,78804,ETF
2026-02-06 04:45:00,289.2000122,289.5499878,289.1000061,289.480011,97183,ETF
2026-02-06 04:50:00,289.480011,289.5499878,289.25,289.519989,45494,ETF
2026-02-06 04:55:00,289.519989,289.519989,289.0700073,289.1099854,54522,ETF
2026-02-06 05:00:00,289.0799866,289.0799866,288.9500122,289,103919,ETF
2026-02-06 05:05:00,289,289.2399902,288.9599915,289.2399902,25218,ETF
2026-02-06 05:10:00,289.230011,289.230011,289.0100098,289.0100098,63176,ETF
2026-02-06 05:15:00,289.0299988,289.2000122,288.9299927,289.0799866,37177,ETF
2026-02-06 05:20:00,289.0700073,289.1400146,288.9100037,288.980011,46835,ETF
2026-02-06 05:25:00,288.9700012,289.2000122,288.8999939,289.1900024,29210,ETF
2026-02-06 05:30:00,289.1900024,289.4500122,289.1900024,289.4500122,47191,ETF
2026-02-06 05:35:00,289.4500122,289.5899963,289.3299866,289.4500122,159636,ETF
2026-02-06 05:40:00,289.5599976,289.7000122,289.5100098,289.7000122,61161,ETF
2026-02-06 05:45:00,289.7000122,289.75,289.519989,289.6700134,38705,ETF
2026-02-06 05:50:00,289.6900024,289.7999878,289.6499939,289.75,38109,ETF
2026-02-06 05:55:00,289.75,289.7999878,289.6900024,289.769989,28111,ETF
2026-02-06 06:00:00,289.769989,289.8900146,289.6199951,289.8900146,30572,ETF
2026-02-06 06:05:00,289.8999939,290.2000122,289.7799988,290.1600037,77515,ETF
2026-02-06 06:10:00,290.1600037,290.25,290.019989,290.1000061,46251,ETF
2026-02-06 06:15:00,290.0499878,290.25,290,290.2399902,45235,ETF
2026-02-06 06:20:00,290.1400146,290.2200012,290.0100098,290.1499939,24694,ETF
2026-02-06 06:25:00,290.1600037,290.2000122,290.0499878,290.1900024,20389,ETF
2026-02-06 06:30:00,290.2000122,290.3999939,290.0499878,290.1700134,62155,ETF
2026-02-06 06:35:00,290.2099915,290.3299866,290,290,403278,ETF
2026-02-06 06:40:00,290.0700073,290.1700134,289.9400024,290.1600037,47690,ETF
2026-02-06 06:45:00,290.1700134,290.2200012,289.9400024,290.1400146,17177,ETF
2026-02-06 06:50:00,290.1400146,290.1400146,289.8099976,289.8299866,35720,ETF
2026-02-06 06:55:00,289.7999878,289.8500061,289.6700134,289.7999878,45482,ETF
2026-02-06 07:00:00,289.8200073,289.8200073,289.3999939,289.4500122,33995,ETF
2026-02-06 07:05:00,289.4500122,289.6600037,289.4500122,289.5700073,24968,ETF
2026-02-06 07:10:00,289.5599976,289.5899963,289.3099976,289.480011,26573,ETF
2026-02-06 07:15:00,289.480011,289.7600098,289.3599854,289.480011,54832,ETF
2026-02-06 07:20:00,289.480011,289.5499878,289.2999878,289.3800049,27541,ETF
2026-02-06 07:25:00,289.3699951,289.6000061,289.2600098,289.5799866,33267,ETF
2026-02-06 07:30:00,289.5799866,289.6000061,289.4299927,289.6000061,72393,ETF
2026-02-06 07:35:00,289.6000061,289.769989,289.5,289.5,24767,ETF
2026-02-06 07:40:00,289.6199951,289.7000122,289.519989,289.5400085,26014,ETF
2026-02-06 07:45:00,289.6000061,289.769989,289.5400085,289.75,30810,ETF
2026-02-06 07:50:00,289.75,289.7999878,289.6199951,289.7999878,23998,ETF
2026-02-06 07:55:00,289.7999878,289.7999878,289.6400146,289.7600098,4757,ETF
2026-02-06 08:00:00,289.6700134,289.7000122,289.5,289.6499939,49793,ETF
2026-02-06 08:05:00,289.6300049,289.8800049,289.5799866,289.8500061,24107,ETF
2026-02-06 08:10:00,289.8500061,289.9899902,289.7000122,289.8699951,39353,ETF
2026-02-06 08:15:00,289.8699951,289.9899902,289.7000122,289.980011,21782,ETF
2026-02-06 08:20:00,289.9899902,290.1000061,289.8599854,290.1000061,27929,ETF
2026-02-06 08:25:00,290.1000061,290.1600037,290.0100098,290.0700073,26692,ETF
2026-02-06 08:30:00,290.0700073,290.2999878,290.019989,290.2099915,24729,ETF
2026-02-06 08:35:00,290.2000122,290.3999939,290.2000122,290.3699951,26129,ETF
2026-02-06 08:40:00,290.3500061,290.3500061,290.0299988,290.2399902,22753,ETF
2026-02-06 08:45:00,290.2399902,290.2900085,290.0299988,290.230011,27552,ETF
2026-02-06 08:50:00,290.25,290.5,290.0499878,290.1499939,106287,ETF
2026-02-06 08:55:00,290.1499939,290.269989,290.0100098,290.1799927,22200,ETF
2026-02-06 09:00:00,290.1799927,290.2000122,290.1000061,290.1700134,17689,ETF
2026-02-06 09:05:00,290.2000122,290.3900146,290.1799927,290.3500061,24532,ETF
2026-02-06 09:10:00,290.3500061,290.5,290.2999878,290.5,37177,ETF
2026-02-06 09:15:00,290.5,290.519989,290.2999878,290.4200134,51885,ETF
2026-02-06 09:20:00,290.4200134,290.5499878,290.2999878,290.5499878,32411,ETF
2026-02-06 09:25:00,290.4100037,290.730011,290.4100037,290.6900024,68728,ETF
2026-02-06 09:30:00,290.7000122,290.7999878,290.7000122,290.75,53890,ETF
2026-02-06 09:35:00,290.7900085,290.8999939,290.730011,290.7999878,87283,ETF
2026-02-06 09:40:00,290.8399963,290.8699951,290.7000122,290.8399963,42865,ETF
2026-02-06 09:45:00,290.8399963,290.8399963,290.75,290.7999878,76491,ETF
2026-02-06 09:50:00,290.7999878,290.8399963,290.7099915,290.75,63234,ETF
2026-02-06 09:55:00,290.7799988,290.7999878,290.1000061,290.7999878,279213,ETF
2026-02-09 03:45:00,291.980011,292.2399902,291.8699951,291.9899902,0,ETF
2026-02-09 03:50:00,291.980011,292.1799927,291.980011,292.1799927,203176,ETF
2026-02-09 03:55:00,292.1799927,292.2000122,292,292.2000122,79950,ETF
2026-02-09 04:00:00,292.2000122,292.4899902,292.019989,292.1000061,154024,ETF
2026-02-09 04:05:00,292.1000061,292.1499939,291.8699951,291.9100037,122999,ETF
2026-02-09 04:10:00,291.9400024,292.0799866,291.7799988,292,78005,ETF
2026-02-09 04:15:00,292,292.1000061,291.9200134,292.0299988,79196,ETF
2026-02-09 04:20:00,292.1000061,292.1199951,292.0599976,292.1199951,44966,ETF
2026-02-09 04:25:00,292.1300049,292.1499939,292.0100098,292.1499939,50987,ETF
2026-02-09 04:30:00,292.1499939,292.1799927,292.1499939,292.1700134,69985,ETF
2026-02-09 04:35:00,292.1799927,292.2200012,292.0799866,292.1300049,76047,ETF
2026-02-09 04:40:00,292.1400146,292.1499939,292.0400085,292.0499878,52067,ETF
2026-02-09 04:45:00,292.0499878,292.1799927,291.980011,292.1799927,43225,ETF
2026-02-09 04:50:00,292.1799927,292.2999878,292.1700134,292.2999878,163917,ETF
2026-02-09 04:55:00,292.2999878,292.3800049,292.1700134,292.3299866,52506,ETF
2026-02-09 05:00:00,292.3099976,292.4400024,292.2000122,292.4400024,53178,ETF
2026-02-09 05:05:00,292.4400024,292.7000122,292.3599854,292.6499939,129174,ETF
2026-02-09 05:10:00,292.6400146,292.6499939,292.4700012,292.6499939,46593,ETF
2026-02-09 05:15:00,292.6499939,292.6499939,292.6000061,292.6199951,57701,ETF
2026-02-09 05:20:00,292.6099854,292.6199951,292.5,292.6199951,43771,ETF
2026-02-09 05:25:00,292.6199951,292.6199951,292.6099854,292.6199951,47732,ETF
2026-02-09 05:30:00,292.6199951,292.75,292.6099854,292.6799927,68577,ETF
2026-02-09 05:35:00,292.6199951,292.75,292.6099854,292.6700134,66321,ETF
2026-02-09 05:40:00,292.6199951,292.7200012,292.5599976,292.5599976,52321,ETF
2026-02-09 05:45:00,292.6199951,292.7000122,292.519989,292.6300049,35690,ETF
2026-02-09 05:50:00,292.6199951,292.6600037,292.6199951,292.6300049,40906,ETF
2026-02-09 05:55:00,292.6400146,292.7000122,292.6199951,292.6799927,80478,ETF
2026-02-09 06:00:00,292.6799927,292.6799927,292.3999939,292.480011,57855,ETF
2026-02-09 06:05:00,292.4700012,292.7000122,292.4700012,292.6600037,39143,ETF
2026-02-09 06:10:00,292.6600037,292.75,292.5100098,292.5400085,164202,ETF
2026-02-09 06:15:00,292.5400085,292.6499939,292.3999939,292.6199951,133575,ETF
2026-02-09 06:20:00,292.6199951,292.6400146,292.3999939,292.5,61080,ETF
2026-02-09 06:25:00,292.5,292.5,292.4100037,292.4700012,32181,ETF
2026-02-09 06:30:00,292.4700012,292.5599976,292.4200134,292.5,39982,ETF
2026-02-09 06:35:00,292.4599915,292.5599976,292.4299927,292.5599976,23675,ETF
2026-02-09 06:40:00,292.5599976,292.730011,292.5599976,292.7099915,62401,ETF
2026-02-09 06:45:00,292.6799927,292.7200012,292.6300049,292.6499939,15833,ETF
2026-02-09 06:50:00,292.6499939,292.6799927,292.6000061,292.6300049,28003,ETF
2026-02-09 06:55:00,292.6300049,292.7000122,292.6000061,292.6499939,24255,ETF
2026-02-09 07:00:00,292.6499939,292.6600037,292.3500061,292.4899902,59829,ETF
2026-02-09 07:05:00,292.4899902,292.5700073,292.3900146,292.5299988,56146,ETF
2026-02-09 07:10:00,292.519989,292.5599976,292.2999878,292.3200073,41710,ETF
2026-02-09 07:15:00,292.4200134,292.4700012,292.2999878,292.4500122,21204,ETF
2026-02-09 07:20:00,292.3999939,292.5,292.2999878,292.3500061,28769,ETF
2026-02-09 07:25:00,292.3500061,292.4400024,292.230011,292.4400024,20250,ETF
2026-02-09 07:30:00,292.4500122,292.519989,292.3599854,292.5100098,27541,ETF
2026-02-09 07:35:00,292.5100098,292.519989,292.4100037,292.5100098,32450,ETF
2026-02-09 07:40:00,292.5,292.6000061,292.4400024,292.5499878,16343,ETF
2026-02-09 07:45:00,292.5499878,292.6499939,292.480011,292.6199951,34795,ETF
2026-02-09 07:50:00,292.6499939,292.6499939,292.3800049,292.5,71503,ETF
2026-02-09 07:55:00,292.5400085,292.6000061,292.3399963,292.4700012,25888,ETF
2026-02-09 08:00:00,292.480011,292.5799866,292.3299866,292.4899902,30073,ETF
2026-02-09 08:05:00,292.5799866,292.6000061,292.4700012,292.5799866,17974,ETF
2026-02-09 08:10:00,292.5,292.6400146,292.5,292.6000061,20964,ETF
2026-02-09 08:15:00,292.6000061,292.6400146,292.3999939,292.5,26164,ETF
2026-02-09 08:20:00,292.5,292.5100098,292.3900146,292.480011,15118,ETF
2026-02-09 08:25:00,292.5,292.6300049,292.4700012,292.5599976,24208,ETF
2026-02-09 08:30:00,292.5700073,292.6000061,292.480011,292.519989,27907,ETF
2026-02-09 08:35:00,292.5,292.5499878,292.3999939,292.5,33445,ETF
2026-02-09 08:40:00,292.5,292.5,292.3699951,292.3800049,164235,ETF
2026-02-09 08:45:00,292.3800049,292.6000061,292.3399963,292.3900146,118932,ETF
2026-02-09 08:50:00,292.3999939,292.6000061,292.3900146,292.5400085,54648,ETF
2026-02-09 08:55:00,292.5799866,292.6499939,292.5599976,292.5700073,35153,ETF
2026-02-09 09:00:00,292.6199951,292.6499939,292.5,292.5499878,25873,ETF
2026-02-09 09:05:00,292.5499878,292.5499878,292.4400024,292.480011,78898,ETF
2026-02-09 09:10:00,292.4500122,292.5299988,292.3299866,292.4100037,45080,ETF
2026-02-09 09:15:00,292.519989,292.519989,292.3500061,292.5,73340,ETF
2026-02-09 09:20:00,292.5,292.519989,292.3099976,292.4500122,47984,ETF
2026-02-09 09:25:00,292.4500122,292.5299988,292.4500122,292.480011,62897,ETF
2026-02-09 09:30:00,292.5,292.5899963,292.480011,292.519989,193398,ETF
2026-02-09 09:35:00,292.5799866,292.6499939,292.5100098,292.6400146,90355,ETF
2026-02-09 09:40:00,292.6400146,292.6499939,292.5899963,292.6000061,51777,ETF
2026-02-09 09:45:00,292.6300049,292.6499939,292.519989,292.6499939,74412,ETF
2026-02-09 09:50:00,292.6300049,292.6499939,292.4899902,292.5499878,68568,ETF
2026-02-09 09:55:00,292.5100098,292.6799927,292.3999939,292.3999939,95686,ETF
2026-02-10 03:45:00,292.8900146,293.25,292.8200073,293.1099854,0,ETF
2026-02-10 03:50:00,293.1099854,293.1099854,292.7999878,292.9100037,74787,ETF
2026-02-10 03:55:00,292.9599915,293.0799866,292.9400024,293.0299988,94276,ETF
2026-02-10 04:00:00,293.0499878,293.25,293.0499878,293.25,123591,ETF
2026-02-10 04:05:00,293.25,293.2999878,293.2399902,293.269989,101202,ETF
2026-02-10 04:10:00,293.25,293.4299927,293.25,293.4299927,139034,ETF
2026-02-10 04:15:00,293.4299927,293.4500122,293.4100037,293.4400024,90928,ETF
2026-02-10 04:20:00,293.4200134,293.4500122,293.2900085,293.3099976,153886,ETF
2026-02-10 04:25:00,293.3399963,293.480011,293.3200073,293.480011,80602,ETF
2026-02-10 04:30:00,293.4899902,293.5,293.4899902,293.5,64444,ETF
2026-02-10 04:35:00,293.5,293.5700073,293.4899902,293.5499878,149329,ETF
2026-02-10 04:40:00,293.5599976,293.6099854,293.5,293.5100098,225461,ETF
2026-02-10 04:45:00,293.5100098,293.5100098,293.5,293.5,616027,ETF
2026-02-10 04:50:00,293.5100098,293.5100098,293.480011,293.5100098,62607,ETF
2026-02-10 04:55:00,293.519989,293.519989,293.4899902,293.4899902,240966,ETF
2026-02-10 05:00:00,293.5,293.5299988,293.480011,293.5100098,531324,ETF
2026-02-10 05:05:00,293.5100098,293.6199951,293.5,293.5899963,250928,ETF
2026-02-10 05:10:00,293.6000061,293.6000061,293.4500122,293.5499878,104396,ETF
2026-02-10 05:15:00,293.5799866,293.6799927,293.5,293.5,78786,ETF
2026-02-10 05:20:00,293.5700073,293.6600037,293.5,293.5499878,63738,ETF
2026-02-10 05:25:00,293.5599976,293.6000061,293.5499878,293.5700073,46093,ETF
2026-02-10 05:30:00,293.5799866,293.5899963,293.4899902,293.5100098,137220,ETF
2026-02-10 05:35:00,293.5299988,293.5700073,293.5299988,293.5700073,43398,ETF
2026-02-10 05:40:00,293.5599976,293.6000061,293.5499878,293.5700073,40130,ETF
2026-02-10 05:45:00,293.5599976,293.5599976,293.4899902,293.4899902,88184,ETF
2026-02-10 05:50:00,293.5,293.5,293.480011,293.5,48992,ETF
2026-02-10 05:55:00,293.5,293.5,293.4500122,293.4599915,62435,ETF
2026-02-10 06:00:00,293.480011,293.5,293.4700012,293.5,35455,ETF
2026-02-10 06:05:00,293.5,293.5,293.4599915,293.5,55599,ETF
2026-02-10 06:10:00,293.4899902,293.5,293.480011,293.5,36324,ETF
2026-02-10 06:15:00,293.5,293.5,293.480011,293.5,37274,ETF
2026-02-10 06:20:00,293.4899902,293.519989,293.4899902,293.5100098,68017,ETF
2026-02-10 06:25:00,293.519989,293.5400085,293.5100098,293.5400085,71372,ETF
2026-02-10 06:30:00,293.5400085,293.5400085,293.4899902,293.5,95781,ETF
2026-02-10 06:35:00,293.5,293.5,293.4700012,293.4700012,79598,ETF
2026-02-10 06:40:00,293.4700012,293.519989,293.4700012,293.5,93797,ETF
2026-02-10 06:45:00,293.4899902,293.5299988,293.4899902,293.519989,106642,ETF
2026-02-10 06:50:00,293.5299988,293.5400085,293.4899902,293.5299988,52426,ETF
2026-02-10 06:55:00,293.5299988,293.5299988,293.4700012,293.5,75780,ETF
2026-02-10 07:00:00,293.5,293.5400085,293.5,293.5299988,50343,ETF
2026-02-10 07:05:00,293.5299988,293.5299988,293.5,293.519989,29843,ETF
2026-02-10 07:10:00,293.5299988,293.5299988,293.519989,293.5299988,49139,ETF
2026-02-10 07:15:00,293.5299988,293.7000122,293.5299988,293.6700134,330367,ETF
2026-02-10 07:20:00,293.6900024,293.7000122,293.6799927,293.6900024,50963,ETF
2026-02-10 07:25:00,293.6799927,293.769989,293.6600037,293.730011,102035,ETF
2026-02-10 07:30:00,293.730011,293.730011,293.5599976,293.6000061,106860,ETF
2026-02-10 07:35:00,293.6199951,293.7000122,293.6099854,293.6600037,79081,ETF
2026-02-10 07:40:00,293.6600037,293.7900085,293.6499939,293.7799988,115373,ETF
2026-02-10 07:45:00,293.7900085,293.7999878,293.6000061,293.6199951,138561,ETF
2026-02-10 07:50:00,293.6199951,293.6400146,293.3999939,293.480011,237125,ETF
2026-02-10 07:55:00,293.4700012,293.6000061,293.3999939,293.3999939,309109,ETF
2026-02-10 08:00:00,293.3500061,293.480011,293.1700134,293.2999878,106918,ETF
2026-02-10 08:05:00,293.2999878,293.2999878,293.2200012,293.25,89002,ETF
2026-02-10 08:10:00,293.25,293.3800049,293.2399902,293.3500061,71994,ETF
2026-02-10 08:15:00,293.3999939,293.4500122,293.2999878,293.3599854,145801,ETF
2026-02-10 08:20:00,293.3299866,293.5,293.2799988,293.4500122,114180,ETF
2026-02-10 08:25:00,293.4899902,293.4899902,293.2000122,293.2000122,135852,ETF
2026-02-10 08:30:00,293.2399902,293.2399902,293.1600037,293.2000122,215763,ETF
2026-02-10 08:35:00,293.2099915,293.3900146,293.1799927,293.3200073,32463,ETF
2026-02-10 08:40:00,293.3200073,293.3200073,293.1600037,293.2799988,26612,ETF
2026-02-10 08:45:00,293.3200073,293.5,293.230011,293.5,57739,ETF
2026-02-10 08:50:00,293.5,293.5599976,293.269989,293.4700012,140512,ETF
2026-02-10 08:55:00,293.3500061,293.4599915,293.2399902,293.4299927,69591,ETF
2026-02-10 09:00:00,293.4299927,293.5100098,293.3099976,293.5,62085,ETF
2026-02-10 09:05:00,293.5,293.5700073,293.3299866,293.4599915,40005,ETF
2026-02-10 09:10:00,293.4500122,293.4500122,293.2000122,293.3500061,63132,ETF
2026-02-10 09:15:00,293.3500061,293.5,293.269989,293.5,57336,ETF
2026-02-10 09:20:00,293.5,293.5,293.4400024,293.480011,62921,ETF
2026-02-10 09:25:00,293.480011,293.5499878,293.4400024,293.5499878,71951,ETF
2026-02-10 09:30:00,293.5499878,293.8500061,293.5499878,293.6099854,135969,ETF
2026-02-10 09:35:00,293.6300049,293.7799988,293.5499878,293.6799927,119523,ETF
2026-02-10 09:40:00,293.6300049,293.8399963,293.5499878,293.5700073,116061,ETF
2026-02-10 09:45:00,293.5499878,293.5599976,293.2999878,293.4500122,52397,ETF
2026-02-10 09:50:00,293.4400024,293.4400024,293.2799988,293.2799988,37530,ETF
2026-02-10 09:55:00,293.2900085,293.2999878,293.1799927,293.2999878,79531,ETF
2026-02-11 03:45:00,293.7900085,294.1000061,293.6900024,294.0400085,0,ETF
2026-02-11 03:50:00,294.0700073,294.1000061,293.8900146,293.8999939,76378,ETF
2026-02-11 03:55:00,294.0499878,294.0499878,293.8900146,293.9899902,55420,ETF
2026-02-11 04:00:00,293.9899902,294.0799866,293.8900146,293.9100037,143944,ETF
2026-02-11 04:05:00,293.9200134,293.9500122,293.6099854,293.7200012,132305,ETF
2026-02-11 04:10:00,293.7000122,293.7900085,293.6199951,293.7900085,88199,ETF
2026-02-11 04:15:00,293.75,293.8399963,293.75,293.7600098,73546,ETF
2026-02-11 04:20:00,293.7000122,293.8299866,293.6799927,293.8299866,63562,ETF
2026-02-11 04:25:00,293.8299866,293.8399963,293.7600098,293.7999878,67219,ETF
2026-02-11 04:30:00,293.8299866,293.8299866,293.5499878,293.5899963,86907,ETF
2026-02-11 04:35:00,293.5499878,293.7000122,293.5499878,293.6799927,37262,ETF
2026-02-11 04:40:00,293.6799927,293.75,293.5,293.5700073,33600,ETF
2026-02-11 04:45:00,293.5899963,293.8299866,293.5299988,293.8200073,30099,ETF
2026-02-11 04:50:00,293.7999878,293.9400024,293.7999878,293.9400024,38321,ETF
2026-02-11 04:55:00,293.9400024,293.9500122,293.8599854,293.9299927,36326,ETF
2026-02-11 05:00:00,293.9500122,293.9500122,293.9200134,293.9200134,60444,ETF
2026-02-11 05:05:00,293.9500122,294,293.8299866,294,45189,ETF
2026-02-11 05:10:00,294,294.0499878,293.9899902,294,45314,ETF
2026-02-11 05:15:00,294,294.1000061,293.9400024,294.0899963,29883,ETF
2026-02-11 05:20:00,294.0100098,294.1000061,293.9400024,293.9599915,25986,ETF
2026-02-11 05:25:00,293.9599915,294,293.8999939,293.8999939,26944,ETF
2026-02-11 05:30:00,293.9500122,293.9500122,293.8500061,293.8999939,25540,ETF
2026-02-11 05:35:00,293.9299927,293.9500122,293.6300049,293.7600098,27104,ETF
2026-02-11 05:40:00,293.769989,293.9500122,293.7000122,293.9500122,17329,ETF
2026-02-11 05:45:00,293.9299927,294,293.8099976,293.9400024,27842,ETF
2026-02-11 05:50:00,293.9400024,294,293.75,293.9899902,24734,ETF
2026-02-11 05:55:00,294,294,293.7799988,293.9700012,14748,ETF
2026-02-11 06:00:00,293.9700012,294.0799866,293.8500061,294.0799866,29181,ETF
2026-02-11 06:05:00,294.0499878,294.1000061,293.9500122,294.0599976,20661,ETF
2026-02-11 06:10:00,294.0499878,294.0899963,293.8800049,293.9500122,25226,ETF
2026-02-11 06:15:00,293.9500122,294,293.8399963,293.9500122,13402,ETF
2026-02-11 06:20:00,293.9899902,294,293.8200073,293.8999939,17189,ETF
2026-02-11 06:25:00,293.9700012,293.9700012,293.7799988,293.8399963,35217,ETF
2026-02-11 06:30:00,293.7799988,293.9100037,293.7600098,293.9100037,52956,ETF
2026-02-11 06:35:00,293.9100037,293.9100037,293.6400146,293.769989,31758,ETF
2026-02-11 06:40:00,293.7900085,293.9200134,293.6700134,293.7999878,24500,ETF
2026-02-11 06:45:00,293.8800049,293.9200134,293.7000122,293.8200073,43072,ETF
2026-02-11 06:50:00,293.7600098,293.8200073,293.7000122,293.7600098,13174,ETF
2026-02-11 06:55:00,293.7600098,293.7999878,293.6600037,293.7399902,19297,ETF
2026-02-11 07:00:00,293.75,293.75,293.5400085,293.5400085,48752,ETF
2026-02-11 07:05:00,293.5499878,293.6000061,293.3800049,293.4500122,114776,ETF
2026-02-11 07:10:00,293.4599915,293.5700073,293.2600098,293.2999878,55681,ETF
2026-02-11 07:15:00,293.2999878,293.480011,293.2200012,293.3999939,56404,ETF
2026-02-11 07:20:00,293.3999939,293.5899963,293.3999939,293.5499878,38214,ETF
2026-02-11 07:25:00,293.480011,293.75,293.4599915,293.7000122,41019,ETF
2026-02-11 07:30:00,293.7099915,293.7099915,293.2000122,293.4400024,227335,ETF
2026-02-11 07:35:00,293.4400024,293.6400146,293.3800049,293.6000061,33688,ETF
2026-02-11 07:40:00,293.6000061,293.6499939,293.4400024,293.5599976,22575,ETF
2026-02-11 07:45:00,293.5700073,293.7399902,293.4400024,293.6799927,32310,ETF
2026-02-11 07:50:00,293.5499878,293.75,293.519989,293.6799927,18207,ETF
2026-02-11 07:55:00,293.6900024,293.75,293.6099854,293.7099915,13148,ETF
2026-02-11 08:00:00,293.75,293.8999939,293.75,293.8999939,51824,ETF
2026-02-11 08:05:00,293.8999939,293.980011,293.8500061,293.9700012,39195,ETF
2026-02-11 08:10:00,293.9599915,293.9899902,293.8800049,293.9500122,31710,ETF
2026-02-11 08:15:00,293.9599915,293.9599915,293.8099976,293.8099976,83622,ETF
2026-02-11 08:20:00,293.7900085,293.8399963,293.7000122,293.7600098,15500,ETF
2026-02-11 08:25:00,293.7799988,293.8299866,293.75,293.7999878,18313,ETF
2026-02-11 08:30:00,293.8099976,293.8299866,293.6700134,293.8299866,19774,ETF
2026-02-11 08:35:00,293.8299866,293.8299866,293.4599915,293.769989,94232,ETF
2026-02-11 08:40:00,293.7000122,293.8200073,293.6000061,293.8099976,19328,ETF
2026-02-11 08:45:00,293.8099976,293.9200134,293.7799988,293.8800049,36222,ETF
2026-02-11 08:50:00,293.8800049,293.9400024,293.6700134,293.7200012,18772,ETF
2026-02-11 08:55:00,293.769989,293.8699951,293.6300049,293.7600098,17732,ETF
2026-02-11 09:00:00,293.769989,293.8599854,293.6199951,293.7200012,19678,ETF
2026-02-11 09:05:00,293.8299866,293.8900146,293.6900024,293.769989,18688,ETF
2026-02-11 09:10:00,293.769989,293.8699951,293.4899902,293.8500061,117567,ETF
2026-02-11 09:15:00,293.8500061,293.9299927,293.7000122,293.7999878,25651,ETF
2026-02-11 09:20:00,293.769989,293.9299927,293.7000122,293.9299927,27222,ETF
2026-02-11 09:25:00,293.9299927,294,293.7999878,293.980011,28936,ETF
2026-02-11 09:30:00,294,294,293.8500061,293.980011,39131,ETF
2026-02-11 09:35:00,293.980011,293.980011,293.8200073,293.8999939,38752,ETF
2026-02-11 09:40:00,293.8999939,293.8999939,293.7799988,293.8500061,25954,ETF
2026-02-11 09:45:00,293.8399963,293.8999939,293.75,293.7600098,84970,ETF
2026-02-11 09:50:00,293.8500061,293.8999939,293.7999878,293.8299866,25432,ETF
2026-02-11 09:55:00,293.8399963,293.8900146,293.7200012,293.8900146,57608,ETF
2026-02-12 03:45:00,293.0599976,293.1600037,292.7399902,292.7399902,0,ETF
2026-02-12 03:50:00,292.7000122,292.75,292.5400085,292.5400085,216724,ETF
2026-02-12 03:55:00,292.5400085,292.6499939,292.4899902,292.6000061,158794,ETF
2026-02-12 04:00:00,292.6199951,292.6900024,292.5100098,292.6799927,121992,ETF
2026-02-12 04:05:00,292.6099854,292.6900024,292.6000061,292.6900024,73141,ETF
2026-02-12 04:10:00,292.6900024,292.730011,292.6400146,292.730011,71042,ETF
2026-02-12 04:15:00,292.730011,292.9599915,292.6400146,292.8500061,101622,ETF
2026-02-12 04:20:00,292.9599915,293.0400085,292.9400024,293.0100098,51071,ETF
2026-02-12 04:25:00,292.9899902,293.1099854,292.9100037,293.0899963,35452,ETF
2026-02-12 04:30:00,293.1000061,293.1300049,292.9100037,293,42574,ETF
2026-02-12 04:35:00,293,293,292.7600098,292.9400024,45003,ETF
2026-02-12 04:40:00,292.9899902,293.1499939,292.8599854,293.1400146,57306,ETF
2026-02-12 04:45:00,293.1400146,293.1900024,292.8099976,293.1900024,75647,ETF
2026-02-12 04:50:00,293.1700134,293.2000122,293.0100098,293.0599976,39402,ETF
2026-02-12 04:55:00,293.0599976,293.0599976,292.7399902,292.75,245124,ETF
2026-02-12 05:00:00,292.75,292.980011,292.7399902,292.9500122,110317,ETF
2026-02-12 05:05:00,292.9599915,292.9599915,292.6900024,292.7399902,24201,ETF
2026-02-12 05:10:00,292.8200073,292.9599915,292.7999878,292.8399963,29225,ETF
2026-02-12 05:15:00,292.8299866,292.8999939,292.7799988,292.7799988,27620,ETF
2026-02-12 05:20:00,292.8399963,292.8699951,292.7099915,292.7999878,34389,ETF
2026-02-12 05:25:00,292.7200012,292.9200134,292.7200012,292.8800049,18930,ETF
2026-02-12 05:30:00,292.8800049,292.9400024,292.7999878,292.8999939,17918,ETF
2026-02-12 05:35:00,292.9299927,292.9500122,292.730011,292.8999939,39834,ETF
2026-02-12 05:40:00,292.9500122,292.9500122,292.730011,292.8099976,39405,ETF
2026-02-12 05:45:00,292.8099976,292.8099976,292.6499939,292.730011,17375,ETF
2026-02-12 05:50:00,292.730011,292.730011,292.6199951,292.6400146,45420,ETF
2026-02-12 05:55:00,292.6499939,292.7200012,292.5499878,292.6000061,25243,ETF
2026-02-12 06:00:00,292.6900024,292.7000122,292.4100037,292.519989,286407,ETF
2026-02-12 06:05:00,292.519989,292.5499878,292.4100037,292.5,40123,ETF
2026-02-12 06:10:00,292.5,292.5,292.4599915,292.5,31017,ETF
2026-02-12 06:15:00,292.5,292.6600037,292.4500122,292.6400146,32808,ETF
2026-02-12 06:20:00,292.6300049,292.6300049,292.3999939,292.5,28558,ETF
2026-02-12 06:25:00,292.5100098,292.6000061,292.4599915,292.5499878,17976,ETF
2026-02-12 06:30:00,292.6000061,292.6499939,292.4500122,292.5299988,48729,ETF
2026-02-12 06:35:00,292.5299988,292.6199951,292.4899902,292.6099854,22263,ETF
2026-02-12 06:40:00,292.6199951,292.7000122,292.5,292.6700134,29694,ETF
2026-02-12 06:45:00,292.6700134,292.7399902,292.4899902,292.7000122,42439,ETF
2026-02-12 06:50:00,292.7000122,292.769989,292.6000061,292.7600098,16434,ETF
2026-02-12 06:55:00,292.75,292.7600098,292.5,292.6799927,11703,ETF
2026-02-12 07:00:00,292.6799927,292.7999878,292.5599976,292.7900085,18212,ETF
2026-02-12 07:05:00,292.7900085,292.7999878,292.5799866,292.7000122,32142,ETF
2026-02-12 07:10:00,292.7000122,292.75,292.6000061,292.730011,8238,ETF
2026-02-12 07:15:00,292.730011,292.7600098,292.6300049,292.75,18186,ETF
2026-02-12 07:20:00,292.75,292.7999878,292.6499939,292.7999878,11451,ETF
2026-02-12 07:25:00,292.8099976,292.8099976,292.7200012,292.7999878,25579,ETF
2026-02-12 07:30:00,292.8500061,292.8500061,292.6400146,292.8399963,14835,ETF
2026-02-12 07:35:00,292.8399963,292.8599854,292.7200012,292.7900085,21174,ETF
2026-02-12 07:40:00,292.7900085,292.7999878,292.5299988,292.6799927,73903,ETF
2026-02-12 07:45:00,292.6799927,292.8500061,292.5599976,292.8500061,19557,ETF
2026-02-12 07:50:00,292.8399963,292.8399963,292.5499878,292.8399963,22323,ETF
2026-02-12 07:55:00,292.8399963,292.9100037,292.7099915,292.8999939,116498,ETF
2026-02-12 08:00:00,292.9100037,292.9100037,292.8500061,292.9100037,47240,ETF
2026-02-12 08:05:00,292.9299927,292.9500122,292.730011,292.9500122,30252,ETF
2026-02-12 08:10:00,292.8599854,292.9500122,292.75,292.8599854,9136,ETF
2026-02-12 08:15:00,292.8599854,292.8599854,292.6000061,292.6000061,46460,ETF
2026-02-12 08:20:00,292.6000061,292.6000061,292.4100037,292.480011,64371,ETF
2026-02-12 08:25:00,292.480011,292.6199951,292.4400024,292.5,61453,ETF
2026-02-12 08:30:00,292.5299988,292.5700073,292.4299927,292.4599915,20405,ETF
2026-02-12 08:35:00,292.5599976,292.6000061,292.4400024,292.5599976,40115,ETF
2026-02-12 08:40:00,292.5599976,292.6000061,292.4100037,292.5599976,25963,ETF
2026-02-12 08:45:00,292.5599976,292.5599976,292.4400024,292.4500122,15515,ETF
2026-02-12 08:50:00,292.4700012,292.7000122,292.4400024,292.6000061,19118,ETF
2026-02-12 08:55:00,292.6000061,292.6900024,292.4299927,292.6199951,36998,ETF
2026-02-12 09:00:00,292.6400146,292.6499939,292.3999939,292.5899963,59825,ETF
2026-02-12 09:05:00,292.5899963,292.6400146,292.2999878,292.3999939,33866,ETF
2026-02-12 09:10:00,292.3999939,292.5599976,292.269989,292.3399963,35485,ETF
2026-02-12 09:15:00,292.3299866,292.3399963,291.8200073,291.8200073,185422,ETF
2026-02-12 09:20:00,291.8500061,292.0700073,291.8200073,292,57335,ETF
2026-02-12 09:25:00,292,292,291.9299927,291.9599915,92445,ETF
2026-02-12 09:30:00,292,292.5,292,292.4200134,75375,ETF
2026-02-12 09:35:00,292.269989,292.4100037,292.0499878,292.3399963,108117,ETF
2026-02-12 09:40:00,292.3399963,292.3900146,292.230011,292.3200073,95306,ETF
2026-02-12 09:45:00,292.3699951,292.4299927,292.2999878,292.3599854,71576,ETF
2026-02-12 09:50:00,292.3800049,292.4200134,292.2999878,292.3200073,69623,ETF
2026-02-12 09:55:00,292.2999878,292.3999939,292.2999878,292.3999939,73110,ETF
2026-02-13 03:45:00,290.2200012,290.480011,289.769989,290,0,ETF
2026-02-13 03:50:00,289.9599915,290.1400146,289.8999939,290.1099854,245902,ETF
2026-02-13 03:55:00,290.1000061,290.1300049,289.8900146,289.8999939,142049,ETF
2026-02-13 04:00:00,289.8599854,289.8999939,289.5599976,289.5599976,171445,ETF
2026-02-13 04:05:00,289.5700073,289.5799866,289.4599915,289.4599915,270320,ETF
2026-02-13 04:10:00,289.4599915,289.769989,289.3599854,289.7399902,185524,ETF
2026-02-13 04:15:00,289.7600098,289.7799988,289.5599976,289.5700073,195910,ETF
2026-02-13 04:20:00,289.5700073,289.7000122,289.4700012,289.4700012,212634,ETF
2026-02-13 04:25:00,289.3999939,289.5299988,289.3999939,289.480011,168836,ETF
2026-02-13 04:30:00,289.480011,289.6300049,289.4700012,289.6300049,63664,ETF
2026-02-13 04:35:00,289.6199951,289.6300049,289.3800049,289.3999939,70858,ETF
2026-02-13 04:40:00,289.3999939,289.6099854,289.3299866,289.3900146,117098,ETF
2026-02-13 04:45:00,289.3900146,289.4400024,289.269989,289.3900146,105248,ETF
2026-02-13 04:50:00,289.3999939,289.4500122,289.269989,289.3999939,100010,ETF
2026-02-13 04:55:00,289.4500122,289.6499939,289.4500122,289.6000061,46884,ETF
2026-02-13 05:00:00,289.6000061,289.8299866,289.5799866,289.7799988,118672,ETF
2026-02-13 05:05:00,289.7799988,289.8599854,289.7000122,289.7999878,92509,ETF
2026-02-13 05:10:00,289.7999878,289.9200134,289.769989,289.8699951,46988,ETF
2026-02-13 05:15:00,289.8599854,289.8699951,289.7600098,289.769989,99020,ETF
2026-02-13 05:20:00,289.7600098,289.8399963,289.6099854,289.7999878,71022,ETF
2026-02-13 05:25:00,289.7799988,289.8999939,289.75,289.7999878,32006,ETF
2026-02-13 05:30:00,289.7999878,289.7999878,289.5100098,289.6000061,109579,ETF
2026-02-13 05:35:00,289.6000061,289.6300049,289.5,289.519989,40567,ETF
2026-02-13 05:40:00,289.519989,289.6600037,289.5100098,289.6600037,52525,ETF
2026-02-13 05:45:00,289.6799927,289.6900024,289.4100037,289.4500122,118026,ETF
2026-02-13 05:50:00,289.4400024,289.5100098,289.4100037,289.4899902,70176,ETF
2026-02-13 05:55:00,289.4899902,289.6499939,289.4100037,289.6300049,57128,ETF
2026-02-13 06:00:00,289.6400146,289.6499939,289.480011,289.5,59879,ETF
2026-02-13 06:05:00,289.5,289.5100098,289.4299927,289.4899902,70634,ETF
2026-02-13 06:10:00,289.4400024,289.5599976,289.4100037,289.5599976,107367,ETF
2026-02-13 06:15:00,289.5599976,289.6499939,289.5100098,289.5899963,27063,ETF
2026-02-13 06:20:00,289.5899963,289.730011,289.5499878,289.6199951,86280,ETF
2026-02-13 06:25:00,289.6600037,289.75,289.6600037,289.75,43030,ETF
2026-02-13 06:30:00,289.75,289.8200073,289.6300049,289.7099915,117062,ETF
2026-02-13 06:35:00,289.7099915,289.8599854,289.6600037,289.7900085,40231,ETF
2026-02-13 06:40:00,289.769989,289.8500061,289.7000122,289.8399963,45558,ETF
2026-02-13 06:45:00,289.8500061,289.8699951,289.6600037,289.8099976,67083,ETF
2026-02-13 06:50:00,289.8399963,290,289.75,290,50017,ETF
2026-02-13 06:55:00,290,290.2000122,289.980011,290.0599976,50267,ETF
2026-02-13 07:00:00,290.0499878,290.1199951,289.8999939,290.1000061,63175,ETF
2026-02-13 07:05:00,290.1400146,290.1499939,289.980011,289.980011,32889,ETF
2026-02-13 07:10:00,290.0499878,290.0499878,289.9400024,289.9899902,20553,ETF
2026-02-13 07:15:00,289.9899902,290.0499878,289.8399963,289.8500061,54744,ETF
2026-02-13 07:20:00,289.8599854,289.8599854,289.6900024,289.7200012,43839,ETF
2026-02-13 07:25:00,289.7200012,289.730011,289.5,289.5,43636,ETF
2026-02-13 07:30:00,289.5599976,289.6799927,289.5,289.5499878,78576,ETF
2026-02-13 07:35:00,289.5700073,289.6300049,289.480011,289.6300049,82296,ETF
2026-02-13 07:40:00,289.6300049,289.8999939,289.6300049,289.8900146,46230,ETF
2026-02-13 07:45:00,289.8900146,289.9899902,289.7999878,289.9899902,45062,ETF
2026-02-13 07:50:00,289.9899902,289.9899902,289.6000061,289.6900024,24702,ETF
2026-02-13 07:55:00,289.6900024,289.6900024,289.5,289.6300049,43747,ETF
2026-02-13 08:00:00,289.6199951,289.6199951,289.4500122,289.5499878,27671,ETF
2026-02-13 08:05:00,289.5499878,289.5499878,289.5,289.5,43218,ETF
2026-02-13 08:10:00,289.5,289.5,289.4599915,289.5,33480,ETF
2026-02-13 08:15:00,289.5,289.5,289.1099854,289.1099854,192940,ETF
2026-02-13 08:20:00,289.1799927,289.230011,289.1000061,289.2099915,69201,ETF
2026-02-13 08:25:00,289.25,289.4100037,289.2099915,289.3699951,57873,ETF
2026-02-13 08:30:00,289.3599854,289.3900146,289.2000122,289.3299866,68828,ETF
2026-02-13 08:35:00,289.269989,289.4599915,289.0400085,289.230011,231343,ETF
2026-02-13 08:40:00,289.25,289.3800049,289.1199951,289.3800049,30879,ETF
2026-02-13 08:45:00,289.3699951,289.4200134,289.2999878,289.2999878,50494,ETF
2026-02-13 08:50:00,289.3500061,289.4500122,289.1799927,289.2999878,47435,ETF
2026-02-13 08:55:00,289.2999878,289.4500122,289.2999878,289.3900146,53018,ETF
2026-02-13 09:00:00,289.3900146,289.4500122,289.2200012,289.2200012,56349,ETF
2026-02-13 09:05:00,289.1600037,289.2999878,289.1000061,289.2399902,95013,ETF
2026-02-13 09:10:00,289.230011,289.25,289.1300049,289.2200012,49422,ETF
2026-02-13 09:15:00,289.2200012,289.2399902,289.1099854,289.1400146,69454,ETF
2026-02-13 09:20:00,289.1400146,289.3099976,289.1099854,289.2600098,244734,ETF
2026-02-13 09:25:00,289.230011,289.3399963,289.2200012,289.3299866,38484,ETF
2026-02-13 09:30:00,289.3299866,289.3299866,288.9500122,289.019989,278271,ETF
2026-02-13 09:35:00,289.019989,289.0599976,288.8200073,288.8999939,148711,ETF
2026-02-13 09:40:00,288.9200134,288.9299927,288.8299866,288.8699951,110481,ETF
2026-02-13 09:45:00,288.8699951,288.9500122,288.7999878,288.9500122,153344,ETF
2026-02-13 09:50:00,288.9500122,288.9500122,288.7200012,288.7200012,229716,ETF
2026-02-13 09:55:00,288.7799988,288.8599854,288.519989,288.8399963,201280,ETF
2026-02-16 03:45:00,288.3800049,288.8900146,288,288.8800049,0,ETF
2026-02-16 03:50:00,288.9100037,289.4500122,288.7999878,289.1700134,267892,ETF
2026-02-16 03:55:00,289.1700134,289.1700134,288.7000122,288.7000122,104697,ETF
2026-02-16 04:00:00,288.75,289,288.75,288.9200134,212674,ETF
2026-02-16 04:05:00,288.9200134,288.9299927,288.7099915,288.7099915,166848,ETF
2026-02-16 04:10:00,288.75,288.75,288.2200012,288.2200012,158252,ETF
2026-02-16 04:15:00,288.2799988,288.3200073,288,288,213772,ETF
2026-02-16 04:20:00,288,288.1400146,287.9100037,288.0700073,133012,ETF
2026-02-16 04:25:00,288.0799866,288.3999939,288.0700073,288.3800049,268189,ETF
2026-02-16 04:30:00,288.4500122,289.1000061,288.4299927,289.0100098,567439,ETF
2026-02-16 04:35:00,289.0100098,289.019989,289,289.0100098,255940,ETF
2026-02-16 04:40:00,289.0100098,289.5100098,289,289.5100098,573099,ETF
2026-02-16 04:45:00,289.519989,289.5899963,289.5,289.5100098,430576,ETF
2026-02-16 04:50:00,289.519989,289.519989,289.5,289.5100098,390878,ETF
2026-02-16 04:55:00,289.5,289.519989,289.5,289.519989,153409,ETF
2026-02-16 05:00:00,289.519989,289.519989,289.3599854,289.5100098,306545,ETF
2026-02-16 05:05:00,289.5100098,289.519989,289.1099854,289.1499939,126944,ETF
2026-02-16 05:10:00,289.1600037,289.25,289.1000061,289.1799927,71774,ETF
2026-02-16 05:15:00,289.1499939,289.1499939,288.980011,289,63087,ETF
2026-02-16 05:20:00,289,289,288.7600098,288.8500061,86662,ETF
2026-02-16 05:25:00,288.8500061,288.8500061,288.730011,288.8200073,50104,ETF
2026-02-16 05:30:00,288.8299866,288.8800049,288.75,288.8800049,64999,ETF
2026-02-16 05:35:00,288.8800049,288.980011,288.8800049,288.980011,115870,ETF
2026-02-16 05:40:00,288.980011,289,288.9700012,289,31546,ETF
2026-02-16 05:45:00,289,289.019989,288.9700012,289.019989,31207,ETF
2026-02-16 05:50:00,289.0100098,289.0299988,288.9500122,289.0299988,54104,ETF
2026-02-16 05:55:00,289.0299988,289.0700073,288.8500061,288.8500061,28519,ETF
2026-02-16 06:00:00,288.8500061,288.8800049,288.769989,288.8800049,63603,ETF
2026-02-16 06:05:00,288.8800049,288.9500122,288.8500061,288.9500122,24420,ETF
2026-02-16 06:10:00,288.9500122,289,288.8599854,288.9700012,25718,ETF
2026-02-16 06:15:00,288.980011,288.980011,288.730011,288.769989,30754,ETF
2026-02-16 06:20:00,288.769989,288.769989,288.75,288.769989,16279,ETF
2026-02-16 06:25:00,288.769989,288.8800049,288.730011,288.8800049,38489,ETF
2026-02-16 06:30:00,288.8800049,288.9599915,288.8699951,288.9299927,45945,ETF
2026-02-16 06:35:00,288.9200134,288.9899902,288.9100037,288.9899902,41291,ETF
2026-02-16 06:40:00,288.9899902,289.1000061,288.9899902,289.0400085,132888,ETF
2026-02-16 06:45:00,289.0400085,289.2999878,289.0100098,289.2200012,33093,ETF
2026-02-16 06:50:00,289.2999878,289.3699951,289.1700134,289.2999878,97450,ETF
2026-02-16 06:55:00,289.3599854,289.4500122,289.2999878,289.4500122,18203,ETF
2026-02-16 07:00:00,289.4500122,289.5599976,289.4299927,289.5,36422,ETF
2026-02-16 07:05:00,289.5,289.5,289.3800049,289.4700012,31872,ETF
2026-02-16 07:10:00,289.4700012,289.480011,289.3099976,289.4700012,35433,ETF
2026-02-16 07:15:00,289.4700012,289.4700012,289.2000122,289.2000122,138718,ETF
2026-02-16 07:20:00,289.25,289.3800049,289.1499939,289.3800049,13098,ETF
2026-02-16 07:25:00,289.3800049,289.3800049,289.1099854,289.25,14745,ETF
2026-02-16 07:30:00,289.25,289.4500122,289.25,289.3900146,16294,ETF
2026-02-16 07:35:00,289.3900146,289.4400024,289.3599854,289.4200134,16636,ETF
2026-02-16 07:40:00,289.4200134,289.4700012,289.3999939,289.4700012,23904,ETF
2026-02-16 07:45:00,289.4599915,289.4700012,289.3999939,289.4500122,45691,ETF
2026-02-16 07:50:00,289.4500122,289.4899902,289.3999939,289.4899902,8645,ETF
2026-02-16 07:55:00,289.4899902,289.5,289.4500122,289.5,23181,ETF
2026-02-16 08:00:00,289.5,289.5599976,289.4100037,289.5400085,21303,ETF
2026-02-16 08:05:00,289.5400085,289.6000061,289.5100098,289.6000061,18212,ETF
2026-02-16 08:10:00,289.6000061,289.6000061,289.5700073,289.5899963,21491,ETF
2026-02-16 08:15:00,289.5899963,289.6499939,289.5599976,289.6400146,28039,ETF
2026-02-16 08:20:00,289.6400146,289.6499939,289.5,289.5,17624,ETF
2026-02-16 08:25:00,289.5,289.5100098,289.2399902,289.480011,19574,ETF
2026-02-16 08:30:00,289.480011,289.5,289.2999878,289.5,42770,ETF
2026-02-16 08:35:00,289.4599915,289.5,289.2600098,289.4400024,36011,ETF
2026-02-16 08:40:00,289.4400024,289.6000061,289.3999939,289.5799866,35611,ETF
2026-02-16 08:45:00,289.5799866,289.6300049,289.5,289.5899963,20778,ETF
2026-02-16 08:50:00,289.5,289.6000061,289.5,289.6000061,21202,ETF
2026-02-16 08:55:00,289.5599976,289.8800049,289.5499878,289.8299866,169874,ETF
2026-02-16 09:00:00,289.8299866,290.1099854,289.8299866,290.1099854,98629,ETF
2026-02-16 09:05:00,290.1499939,290.2999878,290,290.1300049,52649,ETF
2026-02-16 09:10:00,290.0100098,290.2000122,290.0100098,290.1799927,52209,ETF
2026-02-16 09:15:00,290.1799927,290.480011,290.1199951,290.4500122,65038,ETF
2026-02-16 09:20:00,290.4500122,290.480011,290.2099915,290.25,42450,ETF
2026-02-16 09:25:00,290.25,290.5499878,290.230011,290.5400085,130810,ETF
2026-02-16 09:30:00,290.6199951,290.7000122,290.5,290.6199951,75527,ETF
2026-02-16 09:35:00,290.7000122,290.8200073,290.6199951,290.75,83385,ETF
2026-02-16 09:40:00,290.8099976,290.8699951,290.75,290.8500061,53475,ETF
2026-02-16 09:45:00,290.8500061,290.8500061,290.769989,290.8399963,78461,ETF
2026-02-16 09:50:00,290.8399963,290.9400024,290.7000122,290.7999878,89401,ETF
2026-02-16 09:55:00,290.7000122,290.9400024,290.5100098,290.8900146,74705,ETF
2026-02-17 03:45:00,290.2399902,290.269989,289.6600037,289.9100037,0,ETF
2026-02-17 03:50:00,289.7999878,289.9299927,289.6000061,289.6799927,112845,ETF
2026-02-17 03:55:00,289.6799927,289.8800049,289.6000061,289.8299866,36688,ETF
2026-02-17 04:00:00,289.8599854,290.1000061,289.730011,290.1000061,82593,ETF
2026-02-17 04:05:00,290.0799866,290.1099854,289.8099976,289.9599915,79562,ETF
2026-02-17 04:10:00,289.9599915,290.2200012,289.8999939,290.2200012,26336,ETF
2026-02-17 04:15:00,290.2099915,290.230011,290.0899963,290.2000122,33814,ETF
2026-02-17 04:20:00,290.2000122,290.4500122,290.1600037,290.3999939,53691,ETF
2026-02-17 04:25:00,290.4500122,290.5799866,290.3599854,290.5799866,43062,ETF
2026-02-17 04:30:00,290.5899963,290.6000061,290.3999939,290.5,35475,ETF
2026-02-17 04:35:00,290.5,290.6000061,290.3999939,290.6000061,48488,ETF
2026-02-17 04:40:00,290.6000061,290.7900085,290.5899963,290.7900085,19818,ETF
2026-02-17 04:45:00,290.7799988,290.7900085,290.5499878,290.7600098,43670,ETF
2026-02-17 04:50:00,290.7399902,290.7799988,290.6700134,290.75,35665,ETF
2026-02-17 04:55:00,290.769989,291.1000061,290.7099915,291.0899963,65247,ETF
2026-02-17 05:00:00,291.0299988,291.1499939,290.9700012,291.0400085,59839,ETF
2026-02-17 05:05:00,291,291.0599976,290.8999939,290.9200134,84567,ETF
2026-02-17 05:10:00,290.9200134,290.9700012,290.5100098,290.519989,67113,ETF
2026-02-17 05:15:00,290.5799866,290.75,290.4500122,290.75,69615,ETF
2026-02-17 05:20:00,290.7000122,290.7600098,290.5499878,290.7200012,36661,ETF
2026-02-17 05:25:00,290.7200012,290.8399963,290.6000061,290.8099976,36719,ETF
2026-02-17 05:30:00,290.8099976,290.8500061,290.6499939,290.8399963,59085,ETF
2026-02-17 05:35:00,290.8500061,290.8500061,290.6499939,290.8500061,38329,ETF
2026-02-17 05:40:00,290.8500061,290.9400024,290.5299988,290.8099976,63619,ETF
2026-02-17 05:45:00,290.8900146,290.9700012,290.7999878,290.9700012,33030,ETF
2026-02-17 05:50:00,290.9599915,290.9700012,290.5799866,290.8500061,265762,ETF
2026-02-17 05:55:00,290.8800049,290.9700012,290.6900024,290.9700012,45261,ETF
2026-02-17 06:00:00,290.9700012,291.1000061,290.8500061,291.0899963,86639,ETF
2026-02-17 06:05:00,291.0899963,291.3500061,290.9899902,291.2000122,58382,ETF
2026-02-17 06:10:00,291.2999878,291.2999878,291.0799866,291.25,46754,ETF
2026-02-17 06:15:00,291.25,291.3699951,291.0899963,291.3500061,41359,ETF
2026-02-17 06:20:00,291.2999878,291.480011,291.2999878,291.4400024,38424,ETF
2026-02-17 06:25:00,291.4899902,291.4899902,291.3399963,291.3999939,47353,ETF
2026-02-17 06:30:00,291.3999939,291.4599915,291.2200012,291.4400024,114607,ETF
2026-02-17 06:35:00,291.3099976,291.5499878,291.3099976,291.5,41029,ETF
2026-02-17 06:40:00,291.4899902,291.5299988,291.2999878,291.4100037,38005,ETF
2026-02-17 06:45:00,291.4100037,291.6000061,291.3099976,291.6000061,41807,ETF
2026-02-17 06:50:00,291.6300049,291.75,291.6099854,291.75,39945,ETF
2026-02-17 06:55:00,291.75,291.7600098,291.5400085,291.5400085,55134,ETF
2026-02-17 07:00:00,291.5700073,291.6600037,291.5,291.6099854,47122,ETF
2026-02-17 07:05:00,291.6099854,291.6099854,291.3099976,291.4500122,46513,ETF
2026-02-17 07:10:00,291.4500122,291.4500122,291.2999878,291.3999939,42023,ETF
2026-02-17 07:15:00,291.4500122,291.6400146,291.3200073,291.6400146,38584,ETF
2026-02-17 07:20:00,291.6199951,291.7000122,291.3699951,291.5599976,33937,ETF
2026-02-17 07:25:00,291.4400024,291.6799927,291.3999939,291.5700073,47028,ETF
2026-02-17 07:30:00,291.5599976,291.6499939,291.3999939,291.4700012,92609,ETF
2026-02-17 07:35:00,291.3999939,291.6000061,291.2999878,291.6000061,64697,ETF
2026-02-17 07:40:00,291.6000061,291.6600037,291.3999939,291.6000061,47769,ETF
2026-02-17 07:45:00,291.6400146,291.6400146,291.3999939,291.5,32417,ETF
2026-02-17 07:50:00,291.5899963,291.5899963,291.5,291.5899963,29669,ETF
2026-02-17 07:55:00,291.5100098,291.6799927,291.5,291.519989,44081,ETF
2026-02-17 08:00:00,291.6799927,291.7799988,291.5,291.769989,43632,ETF
2026-02-17 08:05:00,291.7799988,291.7799988,291.6099854,291.75,46557,ETF
2026-02-17 08:10:00,291.6099854,291.7799988,291.6099854,291.769989,29652,ETF
2026-02-17 08:15:00,291.769989,291.7799988,291.480011,291.6600037,74469,ETF
2026-02-17 08:20:00,291.6499939,291.7000122,291.4700012,291.6400146,39112,ETF
2026-02-17 08:25:00,291.6000061,291.6199951,291.230011,291.25,80210,ETF
2026-02-17 08:30:00,291.25,291.2900085,291.25,291.2900085,41324,ETF
2026-02-17 08:35:00,291.2900085,291.5700073,291.2900085,291.3999939,54432,ETF
2026-02-17 08:40:00,291.3699951,291.3699951,290.8999939,290.9500122,51022,ETF
2026-02-17 08:45:00,290.9500122,291.2799988,290.8599854,291.2200012,29068,ETF
2026-02-17 08:50:00,291.2000122,291.2799988,291.1300049,291.2099915,29793,ETF
2026-02-17 08:55:00,291.2200012,291.2200012,290.9599915,291.0899963,38034,ETF
2026-02-17 09:00:00,291.0799866,291.2000122,290.9100037,291.2000122,28165,ETF
2026-02-17 09:05:00,291.2000122,291.3999939,291.1000061,291.3500061,29610,ETF
2026-02-17 09:10:00,291.3500061,291.4899902,291.230011,291.3999939,26827,ETF
2026-02-17 09:15:00,291.3999939,291.3999939,291.1499939,291.2099915,18605,ETF
2026-02-17 09:20:00,291.2200012,291.2600098,291.1400146,291.1499939,20303,ETF
2026-02-17 09:25:00,291.25,291.25,290.9299927,291.1400146,69824,ETF
2026-02-17 09:30:00,291.2600098,291.480011,291.2600098,291.4200134,90375,ETF
2026-02-17 09:35:00,291.4200134,291.5,291.2600098,291.480011,62562,ETF
2026-02-17 09:40:00,291.480011,291.5100098,291.3599854,291.3999939,122817,ETF
2026-02-17 09:45:00,291.519989,291.6000061,291.4100037,291.5,136158,ETF
2026-02-17 09:50:00,291.4100037,291.6600037,291.2799988,291.5799866,135888,ETF
2026-02-17 09:55:00,291.6499939,291.7999878,291.5499878,291.6900024,119646,ETF
2026-02-18 03:45:00,291.9899902,291.9899902,291.3999939,291.5499878,0,ETF
2026-02-18 03:50:00,291.5499878,291.6600037,291.3099976,291.3399963,47026,ETF
2026-02-18 03:55:00,291.3399963,291.6000061,291.3099976,291.5,59428,ETF
2026-02-18 04:00:00,291.5599976,291.7000122,291.3999939,291.7000122,104488,ETF
2026-02-18 04:05:00,291.7000122,291.7000122,291.5,291.6900024,67716,ETF
2026-02-18 04:10:00,291.6499939,291.7000122,291.5400085,291.6799927,17801,ETF
2026-02-18 04:15:00,291.6600037,291.6900024,291.4100037,291.5499878,23699,ETF
2026-02-18 04:20:00,291.5499878,291.5499878,291.3299866,291.3699951,104346,ETF
2026-02-18 04:25:00,291.3699951,291.3699951,290.6799927,290.8200073,215048,ETF
2026-02-18 04:30:00,290.8200073,290.8800049,290.7000122,290.8299866,66741,ETF
2026-02-18 04:35:00,290.8699951,291,290.75,290.7999878,61179,ETF
2026-02-18 04:40:00,290.7999878,290.8500061,290.6499939,290.7999878,85864,ETF
2026-02-18 04:45:00,290.7999878,290.8500061,290.6799927,290.7999878,45380,ETF
2026-02-18 04:50:00,290.7999878,290.8500061,290.75,290.75,37259,ETF
2026-02-18 04:55:00,290.75,290.7999878,290.7000122,290.75,38956,ETF
2026-02-18 05:00:00,290.75,290.7999878,290.7000122,290.7999878,41095,ETF
2026-02-18 05:05:00,290.7999878,291,290.769989,290.8999939,71364,ETF
2026-02-18 05:10:00,290.9100037,290.9400024,290.8500061,290.8699951,89348,ETF
2026-02-18 05:15:00,290.8599854,291,290.7999878,290.9500122,45817,ETF
2026-02-18 05:20:00,290.9200134,291.2000122,290.8999939,291.0299988,43681,ETF
2026-02-18 05:25:00,291.0700073,291.2000122,290.980011,291.2000122,60097,ETF
2026-02-18 05:30:00,291.2000122,291.2000122,291.1499939,291.1499939,44576,ETF
2026-02-18 05:35:00,291.1499939,291.2000122,291.0700073,291.1600037,43659,ETF
2026-02-18 05:40:00,291.1000061,291.1600037,291.0499878,291.1199951,22391,ETF
2026-02-18 05:45:00,291.1300049,291.1400146,291,291.1000061,12372,ETF
2026-02-18 05:50:00,291.1000061,291.1400146,290.9700012,291.1400146,17959,ETF
2026-02-18 05:55:00,291.1499939,291.1499939,291,291.1499939,23204,ETF
2026-02-18 06:00:00,291.1499939,291.2200012,291.0499878,291.2099915,37912,ETF
2026-02-18 06:05:00,291.25,291.25,291.1700134,291.2399902,39866,ETF
2026-02-18 06:10:00,291.2399902,291.2399902,291.1000061,291.1499939,65320,ETF
2026-02-18 06:15:00,291.1000061,291.1799927,291.0100098,291.0599976,20915,ETF
2026-02-18 06:20:00,291.0599976,291.1499939,291.019989,291.1499939,19553,ETF
2026-02-18 06:25:00,291.1499939,291.2399902,291.1400146,291.230011,15077,ETF
2026-02-18 06:30:00,291.230011,291.230011,291.1400146,291.1400146,16265,ETF
2026-02-18 06:35:00,291.1400146,291.1400146,290.980011,291.0899963,72268,ETF
2026-02-18 06:40:00,291.0899963,291.3900146,291.0400085,291.3500061,33629,ETF
2026-02-18 06:45:00,291.3699951,291.3900146,291.2000122,291.3599854,19669,ETF
2026-02-18 06:50:00,291.3500061,291.3500061,291.2000122,291.230011,23133,ETF
2026-02-18 06:55:00,291.269989,291.3299866,291.2200012,291.3099976,8926,ETF
2026-02-18 07:00:00,291.3099976,291.3900146,291.230011,291.3099976,17713,ETF
2026-02-18 07:05:00,291.3800049,291.3800049,291.230011,291.3599854,49639,ETF
2026-02-18 07:10:00,291.3800049,291.3800049,291.2799988,291.3500061,14351,ETF
2026-02-18 07:15:00,291.3599854,291.3699951,291.2999878,291.2999878,17015,ETF
2026-02-18 07:20:00,291.3699951,291.3699951,291.2999878,291.3599854,12916,ETF
2026-02-18 07:25:00,291.3599854,291.4500122,291.3599854,291.4500122,34818,ETF
2026-02-18 07:30:00,291.4500122,291.5,291.3999939,291.5,21253,ETF
2026-02-18 07:35:00,291.5,291.5,291.4100037,291.480011,16821,ETF
2026-02-18 07:40:00,291.480011,291.480011,291.3999939,291.4599915,40070,ETF
2026-02-18 07:45:00,291.4500122,291.5,291.4500122,291.4899902,16022,ETF
2026-02-18 07:50:00,291.5,291.6600037,291.5,291.6099854,19425,ETF
2026-02-18 07:55:00,291.6499939,291.6499939,291.3999939,291.5,17021,ETF
2026-02-18 08:00:00,291.5,291.5899963,291.4100037,291.5899963,36482,ETF
2026-02-18 08:05:00,291.5700073,291.5700073,291.5,291.5,40311,ETF
2026-02-18 08:10:00,291.5,291.5,291.3999939,291.5,10365,ETF
2026-02-18 08:15:00,291.5,291.5,291.4200134,291.5,18029,ETF
2026-02-18 08:20:00,291.5,291.5599976,291.3299866,291.3399963,21790,ETF
2026-02-18 08:25:00,291.3399963,291.5400085,291.3200073,291.5299988,21137,ETF
2026-02-18 08:30:00,291.5299988,291.5499878,291.3200073,291.5,13017,ETF
2026-02-18 08:35:00,291.519989,291.5299988,291.3500061,291.5299988,17418,ETF
2026-02-18 08:40:00,291.5299988,291.6900024,291.4599915,291.6600037,43703,ETF
2026-02-18 08:45:00,291.6900024,291.8500061,291.6199951,291.8299866,43220,ETF
2026-02-18 08:50:00,291.8500061,292.0499878,291.8099976,292.0400085,141390,ETF
2026-02-18 08:55:00,292.0499878,292.1000061,291.9400024,291.9599915,55118,ETF
2026-02-18 09:00:00,292.0499878,292.1000061,291.9599915,292.0499878,44198,ETF
2026-02-18 09:05:00,292.0299988,292.0799866,291.9500122,292.0599976,22314,ETF
2026-02-18 09:10:00,292,292.0799866,292,292.0799866,45280,ETF
2026-02-18 09:15:00,292.0799866,292.0899963,292.019989,292.0499878,38181,ETF
2026-02-18 09:20:00,292.0499878,292.1000061,292.019989,292.1000061,58069,ETF
2026-02-18 09:25:00,292.0400085,292.3900146,292.0400085,292.3900146,100944,ETF
2026-02-18 09:30:00,292.1799927,292.3999939,292.1799927,292.230011,63317,ETF
2026-02-18 09:35:00,292.2799988,292.2999878,292.25,292.2900085,30252,ETF
2026-02-18 09:40:00,292.2900085,292.2900085,292.2099915,292.2099915,49815,ETF
2026-02-18 09:45:00,292.2200012,292.25,292.1499939,292.2200012,67627,ETF
2026-02-18 09:50:00,292.2200012,292.2399902,292.0499878,292.0700073,56898,ETF
2026-02-18 09:55:00,292.0799866,292.2200012,292.0400085,292.0599976,80748,ETF
2026-02-19 03:45:00,292.75,292.75,292.2399902,292.5499878,0,ETF
2026-02-19 03:50:00,292.519989,292.6499939,292.5,292.5,71131,ETF
2026-02-19 03:55:00,292.480011,292.4899902,292.0100098,292.0400085,51598,ETF
2026-02-19 04:00:00,292.0499878,292.1000061,292.0299988,292.0599976,61204,ETF
2026-02-19 04:05:00,292.0100098,292.0899963,291.7600098,291.8800049,81688,ETF
2026-02-19 04:10:00,291.8800049,291.8800049,291.7999878,291.8099976,34570,ETF
2026-02-19 04:15:00,291.8299866,292.0899963,291.7999878,292.0899963,42288,ETF
2026-02-19 04:20:00,292.1199951,292.1199951,291.8500061,291.9599915,88917,ETF
2026-02-19 04:25:00,291.9100037,292,291.7999878,291.8099976,24078,ETF
2026-02-19 04:30:00,291.8099976,291.8500061,291.5299988,291.7999878,58058,ETF
2026-02-19 04:35:00,291.8500061,291.980011,291.8099976,291.8800049,32546,ETF
2026-02-19 04:40:00,291.8800049,291.8800049,291.6300049,291.6400146,27588,ETF
2026-02-19 04:45:00,291.6400146,291.6499939,291.6000061,291.6400146,59530,ETF
2026-02-19 04:50:00,291.6099854,291.6499939,291.5,291.6300049,33788,ETF
2026-02-19 04:55:00,291.6300049,291.6400146,291.5,291.5100098,46835,ETF
2026-02-19 05:00:00,291.5799866,291.5799866,291.5,291.5100098,31298,ETF
2026-02-19 05:05:00,291.5100098,291.5499878,291.2999878,291.3200073,56000,ETF
2026-02-19 05:10:00,291.3299866,291.3900146,291.1799927,291.3900146,109032,ETF
2026-02-19 05:15:00,291.3999939,291.3999939,291.2000122,291.3299866,57532,ETF
2026-02-19 05:20:00,291.3299866,291.5299988,291.2799988,291.5299988,21702,ETF
2026-02-19 05:25:00,291.519989,291.5299988,291.3200073,291.3399963,46771,ETF
2026-02-19 05:30:00,291.3999939,291.5400085,291.3500061,291.5,31132,ETF
2026-02-19 05:35:00,291.5,291.5,291.3599854,291.4899902,15022,ETF
2026-02-19 05:40:00,291.480011,291.5100098,291.3900146,291.5,231655,ETF
2026-02-19 05:45:00,291.5,291.5100098,291.25,291.3200073,302078,ETF
2026-02-19 05:50:00,291.25,291.3999939,291.0499878,291.1300049,56859,ETF
2026-02-19 05:55:00,291.1199951,291.1799927,291.0599976,291.1400146,40218,ETF
2026-02-19 06:00:00,291.1499939,291.1900024,291.0799866,291.1400146,38135,ETF
2026-02-19 06:05:00,291.1499939,291.1499939,290.9599915,291,100387,ETF
2026-02-19 06:10:00,291,291.1300049,290.8999939,291.0400085,227485,ETF
2026-02-19 06:15:00,291.0700073,291.0700073,290.8099976,290.9200134,39532,ETF
2026-02-19 06:20:00,290.9100037,290.9100037,290.7999878,290.8500061,39937,ETF
2026-02-19 06:25:00,290.8299866,290.8500061,290.7600098,290.8299866,27002,ETF
2026-02-19 06:30:00,290.8299866,290.8500061,290.6499939,290.7900085,50338,ETF
2026-02-19 06:35:00,290.7900085,290.7900085,290.6099854,290.6099854,35620,ETF
2026-02-19 06:40:00,290.5700073,290.5899963,290.2099915,290.230011,145116,ETF
2026-02-19 06:45:00,290.2200012,290.3699951,290.0499878,290.3599854,135922,ETF
2026-02-19 06:50:00,290.3599854,290.5499878,290.3099976,290.5400085,64034,ETF
2026-02-19 06:55:00,290.5400085,290.5499878,290.3999939,290.5499878,117118,ETF
2026-02-19 07:00:00,290.5299988,290.5400085,290.2099915,290.3900146,45479,ETF
2026-02-19 07:05:00,290.3699951,290.4100037,290.1199951,290.1199951,59037,ETF
2026-02-19 07:10:00,290.1199951,290.1900024,289.8500061,290,179524,ETF
2026-02-19 07:15:00,290,290,289.8099976,290,89294,ETF
2026-02-19 07:20:00,289.980011,290.2000122,289.8999939,290.0799866,61799,ETF
2026-02-19 07:25:00,290.0899963,290.1499939,290.0400085,290.1499939,45634,ETF
2026-02-19 07:30:00,290.1600037,290.1600037,290.019989,290.0799866,42383,ETF
2026-02-19 07:35:00,290.0799866,290.480011,290.0599976,290.4599915,80320,ETF
2026-02-19 07:40:00,290.4599915,290.4700012,290.1199951,290.1499939,94780,ETF
2026-02-19 07:45:00,290.1400146,290.2999878,290.1400146,290.2099915,144706,ETF
2026-02-19 07:50:00,290.2399902,290.480011,290.1799927,290.480011,65890,ETF
2026-02-19 07:55:00,290.4700012,290.480011,290.2099915,290.3699951,66121,ETF
2026-02-19 08:00:00,290.3699951,290.3999939,289.8999939,290,203811,ETF
2026-02-19 08:05:00,290.0599976,290.2399902,289.9400024,290.2000122,50465,ETF
2026-02-19 08:10:00,290.2000122,290.2000122,290.0100098,290.0799866,32889,ETF
2026-02-19 08:15:00,290.0799866,290.1199951,289.9899902,290.0299988,33912,ETF
2026-02-19 08:20:00,290.0299988,290.0599976,289.7999878,289.9400024,52057,ETF
2026-02-19 08:25:00,289.9400024,289.9599915,289.75,289.7600098,54099,ETF
2026-02-19 08:30:00,289.7799988,289.7999878,289.5299988,289.6400146,113087,ETF
2026-02-19 08:35:00,289.6300049,289.7799988,289.519989,289.7799988,43994,ETF
2026-02-19 08:40:00,289.7399902,289.8599854,289.6300049,289.8200073,35200,ETF
2026-02-19 08:45:00,289.8200073,290,289.7099915,290,53773,ETF
2026-02-19 08:50:00,289.9899902,290,289.8299866,289.9899902,65117,ETF
2026-02-19 08:55:00,289.9200134,289.9200134,289.6000061,289.6099854,54373,ETF
2026-02-19 09:00:00,289.6000061,289.8399963,289.5799866,289.7900085,79916,ETF
2026-02-19 09:05:00,289.7900085,289.8999939,289.75,289.8699951,32942,ETF
2026-02-19 09:10:00,289.8500061,289.8800049,289.1900024,289.1900024,198250,ETF
2026-02-19 09:15:00,289.3599854,289.480011,289.0499878,289.2799988,180443,ETF
2026-02-19 09:20:00,289.2799988,289.3900146,289.1799927,289.2999878,149863,ETF
2026-02-19 09:25:00,289.2999878,289.3999939,289.2000122,289.3900146,127477,ETF
2026-02-19 09:30:00,289.3099976,289.3099976,288.7000122,288.9899902,358055,ETF
2026-02-19 09:35:00,288.9899902,289.1499939,288.5599976,288.75,214232,ETF
2026-02-19 09:40:00,288.7900085,288.980011,288.3999939,288.4500122,327918,ETF
2026-02-19 09:45:00,288.4500122,288.4500122,288.0499878,288.0799866,358986,ETF
2026-02-19 09:50:00,288.0499878,288.0499878,287.7999878,287.980011,459905,ETF
2026-02-19 09:55:00,287.9700012,288.1000061,287.8599854,288.1000061,301163,ETF
2026-02-20 03:45:00,287.8500061,288.8299866,287.8500061,288.3500061,0,ETF
2026-02-20 03:50:00,288.3500061,288.7000122,288.1900024,288.1900024,236841,ETF
2026-02-20 03:55:00,288.2099915,288.2099915,287.5,287.5,194523,ETF
2026-02-20 04:00:00,287.5,288.5,287.5,288.5,203303,ETF
2026-02-20 04:05:00,288.5,288.730011,288.4899902,288.6000061,92439,ETF
2026-02-20 04:10:00,288.6000061,288.6099854,288.3399963,288.5899963,151867,ETF
2026-02-20 04:15:00,288.6000061,288.9500122,288.5799866,288.9200134,62500,ETF
2026-02-20 04:20:00,288.9200134,288.9299927,288.7799988,288.8800049,89056,ETF
2026-02-20 04:25:00,288.8800049,288.9700012,288.7999878,288.9299927,272126,ETF
2026-02-20 04:30:00,288.9400024,288.9500122,288.6600037,288.7900085,65410,ETF
2026-02-20 04:35:00,288.7900085,288.7999878,288.5,288.5700073,70208,ETF
2026-02-20 04:40:00,288.5,288.769989,288.4899902,288.6300049,53239,ETF
2026-02-20 04:45:00,288.6499939,289.0899963,288.6000061,289.019989,219700,ETF
2026-02-20 04:50:00,289.0400085,289.2000122,288.8999939,289.1700134,91899,ETF
2026-02-20 04:55:00,289.1300049,289.3999939,289.1300049,289.3200073,110115,ETF
2026-02-20 05:00:00,289.3200073,289.6099854,289.3200073,289.5400085,109343,ETF
2026-02-20 05:05:00,289.5400085,289.5499878,289.3999939,289.5499878,46116,ETF
2026-02-20 05:10:00,289.5499878,289.7600098,289.519989,289.7200012,201711,ETF
2026-02-20 05:15:00,289.730011,289.7799988,289.5299988,289.6700134,54076,ETF
2026-02-20 05:20:00,289.6000061,289.730011,289.5,289.6900024,18620,ETF
2026-02-20 05:25:00,289.6900024,289.7399902,289.3800049,289.6499939,30085,ETF
2026-02-20 05:30:00,289.6400146,289.7000122,289.480011,289.4899902,84893,ETF
2026-02-20 05:35:00,289.5,289.6000061,289.3299866,289.4400024,109259,ETF
2026-02-20 05:40:00,289.4400024,289.5799866,289.3299866,289.4200134,57169,ETF
2026-02-20 05:45:00,289.4400024,289.5,289.3699951,289.4500122,116573,ETF
2026-02-20 05:50:00,289.4500122,289.6400146,289.3299866,289.3999939,118887,ETF
2026-02-20 05:55:00,289.3999939,289.7000122,289.3200073,289.5700073,146094,ETF
2026-02-20 06:00:00,289.5700073,289.7000122,289.5100098,289.6900024,28132,ETF
2026-02-20 06:05:00,289.6900024,289.7099915,289.5100098,289.6900024,29712,ETF
2026-02-20 06:10:00,289.6900024,289.769989,289.6199951,289.769989,38457,ETF
2026-02-20 06:15:00,289.7900085,289.8900146,289.5299988,289.7000122,29909,ETF
2026-02-20 06:20:00,289.7000122,289.7399902,289.5,289.6199951,38584,ETF
2026-02-20 06:25:00,289.6199951,289.8299866,289.5400085,289.7999878,19786,ETF
2026-02-20 06:30:00,289.7900085,289.8299866,289.5100098,289.6600037,23692,ETF
2026-02-20 06:35:00,289.6499939,289.6799927,289.519989,289.6499939,27870,ETF
2026-02-20 06:40:00,289.6499939,289.75,289.5899963,289.7399902,26599,ETF
2026-02-20 06:45:00,289.730011,290.1700134,289.730011,290.0899963,158308,ETF
2026-02-20 06:50:00,290.1499939,290.2000122,290.1300049,290.1900024,39341,ETF
2026-02-20 06:55:00,290.1900024,290.2999878,290.1700134,290.2900085,77803,ETF
2026-02-20 07:00:00,290.2900085,290.2999878,290.1199951,290.2000122,37275,ETF
2026-02-20 07:05:00,290.2000122,290.2399902,290.0299988,290.1400146,22612,ETF
2026-02-20 07:10:00,290.0499878,290.1400146,289.7600098,289.8900146,39257,ETF
2026-02-20 07:15:00,289.8800049,290.0100098,289.6799927,289.8900146,146247,ETF
2026-02-20 07:20:00,289.8500061,289.9299927,289.7999878,289.8500061,23092,ETF
2026-02-20 07:25:00,289.8999939,289.9599915,289.4700012,289.730011,73540,ETF
2026-02-20 07:30:00,289.730011,289.7799988,289.4899902,289.5,97230,ETF
2026-02-20 07:35:00,289.5899963,289.6099854,289.3200073,289.4100037,48421,ETF
2026-02-20 07:40:00,289.3999939,289.4400024,289,289.25,88094,ETF
2026-02-20 07:45:00,289.25,289.2900085,289.0400085,289.1700134,24441,ETF
2026-02-20 07:50:00,289.1700134,289.2000122,288.980011,289.1000061,90070,ETF
2026-02-20 07:55:00,289.1000061,289.4200134,288.9899902,289.3699951,76655,ETF
2026-02-20 08:00:00,289.3699951,289.5,289.3699951,289.5,32056,ETF
2026-02-20 08:05:00,289.5,289.769989,289.3599854,289.3999939,62949,ETF
2026-02-20 08:10:00,289.3999939,289.3999939,289.25,289.3200073,47405,ETF
2026-02-20 08:15:00,289.3999939,289.4700012,289.2999878,289.4500122,29593,ETF
2026-02-20 08:20:00,289.4500122,289.4500122,289.3399963,289.3900146,14236,ETF
2026-02-20 08:25:00,289.3699951,289.6499939,289.2999878,289.6499939,16430,ETF
2026-02-20 08:30:00,289.6499939,289.7000122,289.5599976,289.6900024,20991,ETF
2026-02-20 08:35:00,289.5899963,289.7000122,289.5499878,289.6900024,44246,ETF
2026-02-20 08:40:00,289.6900024,289.7999878,289.6000061,289.7900085,16716,ETF
2026-02-20 08:45:00,289.7900085,290,289.7000122,289.980011,35339,ETF
2026-02-20 08:50:00,290,290.0700073,289.8500061,289.8500061,50883,ETF
2026-02-20 08:55:00,289.8500061,289.8500061,289.6400146,289.6499939,14044,ETF
2026-02-20 09:00:00,289.7000122,289.7000122,289.6300049,289.6300049,30233,ETF
2026-02-20 09:05:00,289.6700134,289.8500061,289.6700134,289.8399963,31952,ETF
2026-02-20 09:10:00,289.8200073,290.0499878,289.7200012,290.0299988,53839,ETF
2026-02-20 09:15:00,290.019989,290.2399902,290.0100098,290.2399902,53564,ETF
2026-02-20 09:20:00,290.2399902,290.2399902,289.9299927,290,63535,ETF
2026-02-20 09:25:00,290.0700073,290.0799866,289.9899902,290.0799866,123185,ETF
2026-02-20 09:30:00,290.1499939,290.2000122,289.6000061,289.6000061,81080,ETF
2026-02-20 09:35:00,289.5899963,289.7000122,289.3399963,289.3999939,65255,ETF
2026-02-20 09:40:00,289.4400024,289.4400024,289.2999878,289.3999939,67989,ETF
2026-02-20 09:45:00,289.3800049,289.3999939,289.2000122,289.2000122,51590,ETF
2026-02-20 09:50:00,289.2799988,289.2799988,288.9899902,289,133724,ETF
2026-02-20 09:55:00,289.1000061,289.1099854,288.7600098,289.0799866,211643,ETF
2026-02-23 03:45:00,290.1600037,290.4500122,289.769989,290.3999939,0,ETF
2026-02-23 03:50:00,290.4500122,290.7900085,290.3800049,290.7799988,192567,ETF
2026-02-23 03:55:00,290.769989,291.1499939,290.769989,290.9299927,153717,ETF
2026-02-23 04:00:00,290.9899902,291.1900024,290.8399963,290.8699951,121516,ETF
2026-02-23 04:05:00,290.9200134,291.1300049,290.8299866,290.8299866,144056,ETF
2026-02-23 04:10:00,290.8399963,290.9299927,290.7000122,290.8200073,48479,ETF
2026-02-23 04:15:00,290.8200073,290.9200134,290.75,290.9200134,241574,ETF
2026-02-23 04:20:00,290.9200134,290.9500122,290.5400085,290.6700134,135791,ETF
2026-02-23 04:25:00,290.6799927,290.8900146,290.6000061,290.6600037,159110,ETF
2026-02-23 04:30:00,290.75,290.8599854,290.6199951,290.8200073,114874,ETF
2026-02-23 04:35:00,290.8200073,290.8500061,290.7099915,290.8399963,68033,ETF
2026-02-23 04:40:00,290.8399963,290.8399963,290.6000061,290.6499939,95175,ETF
2026-02-23 04:45:00,290.6499939,290.7999878,290.6400146,290.7999878,123389,ETF
2026-02-23 04:50:00,290.7999878,290.7999878,290.7099915,290.7799988,52564,ETF
2026-02-23 04:55:00,290.7799988,290.7799988,290.5,290.5499878,50776,ETF
2026-02-23 05:00:00,290.5499878,290.6000061,290.5,290.6000061,54827,ETF
2026-02-23 05:05:00,290.5899963,290.6000061,290.3699951,290.480011,51644,ETF
2026-02-23 05:10:00,290.4700012,290.4700012,290.1000061,290.1600037,46279,ETF
2026-02-23 05:15:00,290.1499939,290.1700134,290,290.1000061,53913,ETF
2026-02-23 05:20:00,290.1099854,290.2999878,290.1099854,290.2999878,94476,ETF
2026-02-23 05:25:00,290.2999878,290.2999878,290.1400146,290.25,15039,ETF
2026-02-23 05:30:00,290.2600098,290.4700012,290.2000122,290.4599915,72110,ETF
2026-02-23 05:35:00,290.4400024,290.4400024,290.0899963,290.3500061,36458,ETF
2026-02-23 05:40:00,290.3500061,290.4100037,290.2799988,290.3999939,45942,ETF
2026-02-23 05:45:00,290.3999939,290.5,290.2099915,290.2999878,22692,ETF
2026-02-23 05:50:00,290.269989,290.3599854,290.1000061,290.1099854,23311,ETF
2026-02-23 05:55:00,290.1499939,290.2000122,290,290.1499939,27318,ETF
2026-02-23 06:00:00,290.1900024,290.1900024,290,290,35219,ETF
2026-02-23 06:05:00,290.1099854,290.2399902,290,290.2000122,47650,ETF
2026-02-23 06:10:00,290.2000122,290.25,290.1600037,290.2200012,15566,ETF
2026-02-23 06:15:00,290.2000122,290.2200012,289.8500061,289.8900146,57309,ETF
2026-02-23 06:20:00,289.8900146,290.1700134,289.7999878,290.1300049,39443,ETF
2026-02-23 06:25:00,290.1300049,290.1700134,289.9400024,290.0299988,33590,ETF
2026-02-23 06:30:00,290.0299988,290.1000061,289.9200134,290.0899963,24681,ETF
2026-02-23 06:35:00,290.0599976,290.2000122,290,290.1900024,15288,ETF
2026-02-23 06:40:00,290.1900024,290.25,290.0499878,290.1700134,21834,ETF
2026-02-23 06:45:00,290.1700134,290.2099915,290.1099854,290.1900024,33059,ETF
2026-02-23 06:50:00,290.1900024,290.2000122,290,290,12270,ETF
2026-02-23 06:55:00,290.1000061,290.1199951,289.9200134,290.1000061,30053,ETF
2026-02-23 07:00:00,290.0899963,290.0899963,289.8599854,290,58758,ETF
2026-02-23 07:05:00,290,290,289.9200134,289.9899902,29508,ETF
2026-02-23 07:10:00,289.9899902,290.2000122,289.9899902,290.1900024,35038,ETF
2026-02-23 07:15:00,290.1900024,290.25,290.0100098,290.0100098,38580,ETF
2026-02-23 07:20:00,290.1000061,290.1300049,289.8500061,289.9299927,22979,ETF
2026-02-23 07:25:00,289.9299927,289.9299927,289.8099976,289.8200073,20650,ETF
2026-02-23 07:30:00,289.7999878,289.8299866,289.7000122,289.7999878,31858,ETF
2026-02-23 07:35:00,289.8299866,289.9400024,289.7000122,289.8699951,42164,ETF
2026-02-23 07:40:00,289.8699951,289.9200134,289.6900024,289.6900024,38094,ETF
2026-02-23 07:45:00,289.7900085,289.8999939,289.6000061,289.8900146,29449,ETF
2026-02-23 07:50:00,289.8900146,289.8999939,289.7900085,289.8699951,18676,ETF
2026-02-23 07:55:00,289.8900146,290,289.8699951,289.9899902,24952,ETF
2026-02-23 08:00:00,290,290.0499878,289.7600098,289.8599854,82876,ETF
2026-02-23 08:05:00,289.730011,289.8599854,289.7000122,289.8200073,22416,ETF
2026-02-23 08:10:00,289.8200073,290.0499878,289.7000122,290.0499878,43997,ETF
2026-02-23 08:15:00,290.0499878,290.0499878,289.8900146,289.9500122,17205,ETF
2026-02-23 08:20:00,289.9400024,289.9899902,289.8800049,289.9400024,15827,ETF
2026-02-23 08:25:00,289.9400024,289.9400024,289.730011,289.7999878,57705,ETF
2026-02-23 08:30:00,289.8099976,289.8200073,289.5100098,289.5499878,119917,ETF
2026-02-23 08:35:00,289.5499878,289.7999878,289.5,289.7000122,86222,ETF
2026-02-23 08:40:00,289.6600037,289.6900024,289.5400085,289.6000061,13006,ETF
2026-02-23 08:45:00,289.6000061,289.7999878,289.5799866,289.769989,26106,ETF
2026-02-23 08:50:00,289.769989,289.8399963,289.6499939,289.8299866,35122,ETF
2026-02-23 08:55:00,289.8099976,290.1000061,289.8099976,290.1000061,75558,ETF
2026-02-23 09:00:00,290.1000061,290.5,290.1000061,290.3900146,104248,ETF
2026-02-23 09:05:00,290.3900146,290.5,290.2200012,290.3299866,69118,ETF
2026-02-23 09:10:00,290.3299866,290.3599854,290.1499939,290.1499939,37976,ETF
2026-02-23 09:15:00,290.1700134,290.4100037,290.1499939,290.3999939,50158,ETF
2026-02-23 09:20:00,290.4100037,290.4100037,290.2000122,290.2799988,25133,ETF
2026-02-23 09:25:00,290.2799988,290.2799988,290.1000061,290.1000061,27615,ETF
2026-02-23 09:30:00,290.2999878,290.6400146,290.2999878,290.6400146,123012,ETF
2026-02-23 09:35:00,290.6499939,290.6499939,290.4200134,290.4400024,77652,ETF
2026-02-23 09:40:00,290.3999939,290.5,290.3500061,290.4200134,43725,ETF
2026-02-23 09:45:00,290.4200134,290.5499878,290.3699951,290.519989,60565,ETF
2026-02-23 09:50:00,290.5400085,290.5400085,290.2799988,290.480011,122240,ETF
2026-02-23 09:55:00,290.4700012,290.519989,290.3800049,290.3999939,53820,ETF
2026-02-24 03:45:00,289.7900085,289.7900085,289.3200073,289.3200073,0,ETF
2026-02-24 03:50:00,289.4500122,289.5,289.1600037,289.1600037,128271,ETF
2026-02-24 03:55:00,289.2000122,289.2999878,288.9100037,289,165062,ETF
2026-02-24 04:00:00,289.019989,289.019989,288.5400085,288.6099854,145432,ETF
2026-02-24 04:05:00,288.6099854,288.769989,288.5799866,288.6600037,123337,ETF
2026-02-24 04:10:00,288.6600037,288.730011,288.3099976,288.5499878,206028,ETF
2026-02-24 04:15:00,288.5499878,288.9400024,288.519989,288.75,132570,ETF
2026-02-24 04:20:00,288.7999878,288.7999878,288.5,288.7099915,94989,ETF
2026-02-24 04:25:00,288.7099915,288.8200073,288.6099854,288.75,71675,ETF
2026-02-24 04:30:00,288.75,288.8500061,288.6099854,288.7000122,46257,ETF
2026-02-24 04:35:00,288.730011,288.8999939,288.6600037,288.769989,50805,ETF
2026-02-24 04:40:00,288.769989,288.769989,288.3500061,288.3699951,92093,ETF
2026-02-24 04:45:00,288.3699951,288.5,288.2099915,288.5,115858,ETF
2026-02-24 04:50:00,288.5,288.6900024,288.3999939,288.4400024,77224,ETF
2026-02-24 04:55:00,288.3999939,288.5700073,288.3999939,288.5400085,36862,ETF
2026-02-24 05:00:00,288.5299988,288.6700134,288.4400024,288.5799866,71574,ETF
2026-02-24 05:05:00,288.5700073,288.6700134,288.5700073,288.6499939,33626,ETF
2026-02-24 05:10:00,288.6400146,288.6600037,288.5100098,288.6000061,29982,ETF
2026-02-24 05:15:00,288.5899963,288.5899963,288.2099915,288.269989,64487,ETF
2026-02-24 05:20:00,288.2000122,288.3699951,288.0499878,288.1499939,145233,ETF
2026-02-24 05:25:00,288.1400146,288.2799988,288.0799866,288.2200012,58201,ETF
2026-02-24 05:30:00,288.230011,288.4400024,288.1700134,288.3999939,87529,ETF
2026-02-24 05:35:00,288.3999939,288.5499878,288.2799988,288.519989,50562,ETF
2026-02-24 05:40:00,288.5400085,288.6499939,288.519989,288.6400146,21686,ETF
2026-02-24 05:45:00,288.6600037,288.6600037,288.5100098,288.6600037,46273,ETF
2026-02-24 05:50:00,288.6400146,288.75,288.6300049,288.6499939,69981,ETF
2026-02-24 05:55:00,288.6600037,288.730011,288.6499939,288.7000122,30775,ETF
2026-02-24 06:00:00,288.730011,288.7799988,288.6000061,288.6700134,48161,ETF
2026-02-24 06:05:00,288.6700134,288.75,288.6000061,288.75,18540,ETF
2026-02-24 06:10:00,288.75,288.75,288.6700134,288.6700134,63353,ETF
2026-02-24 06:15:00,288.6600037,288.6600037,288.4100037,288.519989,39919,ETF
2026-02-24 06:20:00,288.519989,288.5299988,288.4299927,288.4299927,36279,ETF
2026-02-24 06:25:00,288.4400024,288.4899902,288.2799988,288.2799988,32756,ETF
2026-02-24 06:30:00,288.269989,288.269989,288.0899963,288.1199951,69619,ETF
2026-02-24 06:35:00,288.1000061,288.3399963,288.1000061,288.1300049,85257,ETF
2026-02-24 06:40:00,288.1400146,288.3299866,288,288.2000122,95407,ETF
2026-02-24 06:45:00,288.2099915,288.2099915,288.0400085,288.1199951,61669,ETF
2026-02-24 06:50:00,288.1199951,288.1499939,287.9200134,287.9400024,270252,ETF
2026-02-24 06:55:00,287.9400024,288.1000061,287.8299866,288.1000061,112208,ETF
2026-02-24 07:00:00,288.1199951,288.1199951,287.8999939,287.9700012,60601,ETF
2026-02-24 07:05:00,288.0700073,288.1300049,287.9200134,288.0400085,92519,ETF
2026-02-24 07:10:00,288.0400085,288.0700073,287.8999939,287.9599915,72888,ETF
2026-02-24 07:15:00,287.9599915,287.9700012,287.6499939,287.769989,116339,ETF
2026-02-24 07:20:00,287.7399902,287.8399963,287.6600037,287.7999878,114305,ETF
2026-02-24 07:25:00,287.7999878,287.9299927,287.7999878,287.8500061,72066,ETF
2026-02-24 07:30:00,287.8999939,288.1099854,287.8299866,288.1099854,122006,ETF
2026-02-24 07:35:00,288.1099854,288.1099854,287.9599915,288.0100098,56510,ETF
2026-02-24 07:40:00,288.0599976,288.1799927,288,288.0799866,46407,ETF
2026-02-24 07:45:00,288.1000061,288.1099854,287.9500122,288.1000061,40809,ETF
2026-02-24 07:50:00,288.1000061,288.1099854,287.8299866,287.8299866,68194,ETF
2026-02-24 07:55:00,287.8399963,287.9400024,287.6400146,287.6400146,188242,ETF
2026-02-24 08:00:00,287.6499939,287.6499939,287.1499939,287.1700134,209586,ETF
2026-02-24 08:05:00,287.1799927,287.6099854,287.1000061,287.5899963,154941,ETF
2026-02-24 08:10:00,287.6000061,287.6000061,287.2799988,287.2799988,150622,ETF
2026-02-24 08:15:00,287.2799988,287.4700012,287.2799988,287.4100037,84144,ETF
2026-02-24 08:20:00,287.269989,287.5599976,287.269989,287.5499878,43400,ETF
2026-02-24 08:25:00,287.5499878,287.980011,287.5499878,287.980011,76229,ETF
2026-02-24 08:30:00,287.980011,288,287.5899963,287.730011,80213,ETF
2026-02-24 08:35:00,287.730011,287.9100037,287.6799927,287.8999939,40776,ETF
2026-02-24 08:40:00,287.9100037,288.0899963,287.8999939,288.0599976,119879,ETF
2026-02-24 08:45:00,288.0700073,288.0700073,287.8200073,288.0700073,91615,ETF
2026-02-24 08:50:00,288.0700073,288.0799866,287.7099915,287.7999878,84909,ETF
2026-02-24 08:55:00,287.7999878,287.9899902,287.769989,287.8800049,55655,ETF
2026-02-24 09:00:00,287.8800049,287.8999939,287.6600037,287.75,60358,ETF
2026-02-24 09:05:00,287.75,287.75,287.7399902,287.75,148456,ETF
2026-02-24 09:10:00,287.75,287.75,287.5499878,287.5899963,128770,ETF
2026-02-24 09:15:00,287.6000061,287.6400146,287.4100037,287.5599976,120137,ETF
2026-02-24 09:20:00,287.5599976,287.8999939,287.519989,287.7999878,109410,ETF
2026-02-24 09:25:00,287.6900024,287.8999939,287.6700134,287.8999939,125415,ETF
2026-02-24 09:30:00,287.8299866,287.9899902,287.6400146,287.75,113674,ETF
2026-02-24 09:35:00,287.75,287.75,287.6499939,287.730011,104465,ETF
2026-02-24 09:40:00,287.7000122,287.8599854,287.6499939,287.8399963,165339,ETF
2026-02-24 09:45:00,287.8399963,287.9200134,287.7099915,287.8999939,255367,ETF
2026-02-24 09:50:00,287.9200134,287.9500122,287.8500061,287.9299927,229142,ETF
2026-02-24 09:55:00,287.8900146,288.2600098,287.8500061,287.8500061,242963,ETF
2026-02-25 03:45:00,288.6000061,289.1400146,288.6000061,289.0700073,0,ETF
2026-02-25 03:50:00,289.1799927,289.269989,289.0599976,289.2600098,133253,ETF
2026-02-25 03:55:00,289.2999878,289.5499878,289.25,289.4599915,131419,ETF
2026-02-25 04:00:00,289.4500122,289.4599915,289.2200012,289.3800049,109194,ETF
2026-02-25 04:05:00,289.3800049,289.4500122,289.230011,289.3500061,99088,ETF
2026-02-25 04:10:00,289.3500061,289.4500122,289.2399902,289.3200073,60853,ETF
2026-02-25 04:15:00,289.3200073,289.4400024,289.2099915,289.3999939,56011,ETF
2026-02-25 04:20:00,289.2999878,289.4500122,289.2000122,289.3500061,84860,ETF
2026-02-25 04:25:00,289.3500061,289.6499939,289.2799988,289.6499939,78189,ETF
2026-02-25 04:30:00,289.6600037,289.7999878,289.4599915,289.6900024,110529,ETF
2026-02-25 04:35:00,289.7999878,289.8900146,289.730011,289.8099976,48682,ETF
2026-02-25 04:40:00,289.8399963,289.8399963,289.730011,289.8399963,111911,ETF
2026-02-25 04:45:00,289.8399963,290.1000061,289.8399963,290.019989,188283,ETF
2026-02-25 04:50:00,290.019989,290.0499878,289.9500122,289.9899902,90940,ETF
2026-02-25 04:55:00,289.9899902,290.0499878,289.9299927,289.9299927,59396,ETF
2026-02-25 05:00:00,290,290.0499878,289.9500122,290.0499878,46438,ETF
2026-02-25 05:05:00,290.0499878,290.1499939,289.8999939,290,80609,ETF
2026-02-25 05:10:00,290,290,289.7799988,289.7999878,38551,ETF
2026-02-25 05:15:00,289.8500061,289.9200134,289.7099915,289.8900146,46728,ETF
2026-02-25 05:20:00,289.8800049,290,289.7799988,289.8099976,57497,ETF
2026-02-25 05:25:00,289.8099976,289.9400024,289.730011,289.7999878,48985,ETF
2026-02-25 05:30:00,289.8800049,289.8999939,289.730011,289.8599854,40302,ETF
2026-02-25 05:35:00,289.8599854,289.9200134,289.7799988,289.8900146,16278,ETF
2026-02-25 05:40:00,289.8900146,289.8999939,289.6499939,289.730011,19622,ETF
2026-02-25 05:45:00,289.7799988,289.8399963,289.6499939,289.7999878,58724,ETF
2026-02-25 05:50:00,289.8399963,290,289.730011,289.8500061,301565,ETF
2026-02-25 05:55:00,290,290.1799927,289.8299866,290.0400085,279781,ETF
2026-02-25 06:00:00,290.0400085,290.1799927,289.9400024,290.1099854,535146,ETF
2026-02-25 06:05:00,290.0599976,290.1499939,289.9400024,290,229124,ETF
2026-02-25 06:10:00,290,290.0499878,289.7900085,289.9400024,163605,ETF
2026-02-25 06:15:00,289.9599915,290.2900085,289.9599915,290.269989,99290,ETF
2026-02-25 06:20:00,290.269989,290.269989,290.019989,290.1000061,21159,ETF
2026-02-25 06:25:00,290.1000061,290.1000061,289.9599915,289.9700012,188481,ETF
2026-02-25 06:30:00,290.0100098,290.1000061,289.9400024,290.0499878,30231,ETF
2026-02-25 06:35:00,290.1000061,290.1000061,289.9700012,290.0499878,16377,ETF
2026-02-25 06:40:00,290.0499878,290.0599976,289.9200134,290,36179,ETF
2026-02-25 06:45:00,289.9500122,290.0599976,289.9500122,290.0499878,22706,ETF
2026-02-25 06:50:00,290.0599976,290.0599976,289.9200134,289.9500122,12790,ETF
2026-02-25 06:55:00,289.9200134,289.9500122,289.9200134,289.9200134,13408,ETF
2026-02-25 07:00:00,289.9400024,289.9400024,289.2399902,289.3500061,142016,ETF
2026-02-25 07:05:00,289.3299866,289.3599854,289.0100098,289.25,101988,ETF
2026-02-25 07:10:00,289.2600098,289.2600098,289.0100098,289.019989,33595,ETF
2026-02-25 07:15:00,289.019989,289.019989,288.6400146,288.6400146,134822,ETF
2026-02-25 07:20:00,288.5599976,288.8599854,288.519989,288.769989,68050,ETF
2026-02-25 07:25:00,288.730011,288.8599854,288.519989,288.519989,29195,ETF
2026-02-25 07:30:00,288.5499878,288.5499878,288.2000122,288.4400024,79827,ETF
2026-02-25 07:35:00,288.4400024,288.6300049,288.3999939,288.6199951,29279,ETF
2026-02-25 07:40:00,288.5899963,288.7000122,288.4599915,288.4700012,37659,ETF
2026-02-25 07:45:00,288.4899902,288.6900024,288.4500122,288.6900024,22779,ETF
2026-02-25 07:50:00,288.6900024,288.7000122,288.4500122,288.5,22603,ETF
2026-02-25 07:55:00,288.5,288.5100098,288.1600037,288.4200134,51355,ETF
2026-02-25 08:00:00,288.5100098,288.6600037,288.3800049,288.3999939,39722,ETF
2026-02-25 08:05:00,288.4500122,288.5499878,288.4500122,288.519989,38841,ETF
2026-02-25 08:10:00,288.519989,288.5400085,288.5,288.519989,16148,ETF
2026-02-25 08:15:00,288.5299988,288.5499878,288.3299866,288.5499878,46738,ETF
2026-02-25 08:20:00,288.5100098,288.6000061,288.5,288.6000061,19326,ETF
2026-02-25 08:25:00,288.5899963,288.6600037,288.519989,288.6499939,15275,ETF
2026-02-25 08:30:00,288.6000061,288.6400146,288.2799988,288.2799988,33529,ETF
2026-02-25 08:35:00,288.2799988,288.4299927,288.2000122,288.2399902,31464,ETF
2026-02-25 08:40:00,288.2399902,288.4500122,288.2399902,288.4400024,26597,ETF
2026-02-25 08:45:00,288.4500122,288.7999878,288.3599854,288.7999878,31344,ETF
2026-02-25 08:50:00,288.8399963,289,288.5499878,288.5499878,45322,ETF
2026-02-25 08:55:00,288.5499878,288.7000122,288.3999939,288.4400024,14916,ETF
2026-02-25 09:00:00,288.4200134,288.6700134,288.3999939,288.6499939,12407,ETF
2026-02-25 09:05:00,288.6499939,288.6900024,288.519989,288.6000061,28260,ETF
2026-02-25 09:10:00,288.5899963,288.6000061,288.5,288.519989,20164,ETF
2026-02-25 09:15:00,288.5,288.5499878,288.3999939,288.4100037,82338,ETF
2026-02-25 09:20:00,288.4200134,288.5,288.269989,288.5,39857,ETF
2026-02-25 09:25:00,288.5,288.6099854,288.4500122,288.5100098,31873,ETF
2026-02-25 09:30:00,288.5599976,288.8999939,288.5599976,288.8999939,46683,ETF
2026-02-25 09:35:00,288.8999939,288.9500122,288.6700134,288.769989,18352,ETF
2026-02-25 09:40:00,288.7900085,288.7900085,288.5599976,288.7099915,50750,ETF
2026-02-25 09:45:00,288.6099854,288.7799988,288.519989,288.7000122,31410,ETF
2026-02-25 09:50:00,288.7000122,288.7000122,288.3200073,288.5499878,75590,ETF
2026-02-25 09:55:00,288.5499878,288.75,288.3699951,288.6000061,63331,ETF
2026-02-26 03:45:00,289.6300049,289.6300049,289.0100098,289.1700134,0,ETF
2026-02-26 03:50:00,289.1400146,289.25,288.6199951,288.8900146,99824,ETF
2026-02-26 03:55:00,288.8999939,289.0700073,288.75,288.8800049,78845,ETF
2026-02-26 04:00:00,288.8999939,289.1600037,288.8299866,289.1600037,90747,ETF
2026-02-26 04:05:00,289.1499939,289.3399963,289,289.2999878,44064,ETF
2026-02-26 04:10:00,289.3800049,289.3999939,289.1099854,289.25,94491,ETF
2026-02-26 04:15:00,289.25,289.3800049,289.1900024,289.3800049,128484,ETF
2026-02-26 04:20:00,289.3500061,289.3800049,288.9100037,288.9299927,63231,ETF
2026-02-26 04:25:00,288.9500122,288.9500122,288.7000122,288.8500061,62409,ETF
2026-02-26 04:30:00,288.8500061,289.1000061,288.8299866,289.1000061,69696,ETF
2026-02-26 04:35:00,289.1000061,289.2999878,289.0499878,289.2999878,27768,ETF
2026-02-26 04:40:00,289.2900085,289.3999939,289.2099915,289.2999878,62109,ETF
2026-02-26 04:45:00,289.2999878,289.3999939,289.230011,289.2999878,73401,ETF
2026-02-26 04:50:00,289.2999878,289.3200073,289.0400085,289.1000061,25844,ETF
2026-02-26 04:55:00,289.1000061,289.2000122,289,289.0299988,36615,ETF
2026-02-26 05:00:00,289.0299988,289.2000122,289,289.1700134,22573,ETF
2026-02-26 05:05:00,289.2000122,289.2000122,289,289.0400085,27426,ETF
2026-02-26 05:10:00,289.0400085,289.1199951,288.8999939,289.1199951,26588,ETF
2026-02-26 05:15:00,289.1199951,289.1900024,289,289.1900024,16184,ETF
2026-02-26 05:20:00,289.1900024,289.25,289,289.0899963,23984,ETF
2026-02-26 05:25:00,289.0700073,289.0799866,288.8599854,288.8800049,42990,ETF
2026-02-26 05:30:00,288.8699951,289.1000061,288.7099915,289.1000061,117626,ETF
2026-02-26 05:35:00,289.1000061,289.1000061,288.8099976,288.8999939,17979,ETF
2026-02-26 05:40:00,288.9700012,289,288.8099976,289,19767,ETF
2026-02-26 05:45:00,289,289.1799927,288.8699951,289.1199951,21357,ETF
2026-02-26 05:50:00,289.1199951,289.1499939,289,289.1199951,19411,ETF
2026-02-26 05:55:00,289.1199951,289.3500061,289.0299988,289.1400146,66235,ETF
2026-02-26 06:00:00,289.1400146,289.1600037,288.8299866,288.9500122,16766,ETF
2026-02-26 06:05:00,288.9500122,288.980011,288.8500061,288.8900146,155807,ETF
2026-02-26 06:10:00,288.8800049,288.8999939,288.5,288.5499878,109796,ETF
2026-02-26 06:15:00,288.5,288.8200073,288.4299927,288.7799988,49469,ETF
2026-02-26 06:20:00,288.75,288.769989,288.5100098,288.5799866,32617,ETF
2026-02-26 06:25:00,288.5799866,288.5799866,288.3999939,288.4200134,89263,ETF
2026-02-26 06:30:00,288.4299927,288.5799866,288.3500061,288.5700073,54904,ETF
2026-02-26 06:35:00,288.4899902,288.6799927,288.4599915,288.6400146,39925,ETF
2026-02-26 06:40:00,288.6400146,288.6499939,288.519989,288.519989,103436,ETF
2026-02-26 06:45:00,288.519989,288.5499878,288.3200073,288.3399963,77672,ETF
2026-02-26 06:50:00,288.3800049,288.3800049,287.7999878,288.2000122,214243,ETF
2026-02-26 06:55:00,288.1900024,288.2999878,288.0400085,288.0899963,20303,ETF
2026-02-26 07:00:00,288.1000061,288.3399963,288.0799866,288.25,38511,ETF
2026-02-26 07:05:00,288.269989,288.3399963,288.1499939,288.3399963,26082,ETF
2026-02-26 07:10:00,288.3500061,288.5100098,288.1799927,288.5100098,27519,ETF
2026-02-26 07:15:00,288.5,288.5100098,288,288.269989,109480,ETF
2026-02-26 07:20:00,288.269989,288.3599854,288.0799866,288.1900024,28968,ETF
2026-02-26 07:25:00,288.1900024,288.1900024,287.9100037,287.9500122,41324,ETF
2026-02-26 07:30:00,287.9500122,288.2900085,287.9100037,288.2900085,14689,ETF
2026-02-26 07:35:00,288.2900085,288.3599854,288.1400146,288.25,21129,ETF
2026-02-26 07:40:00,288.25,288.25,288.1000061,288.1600037,121324,ETF
2026-02-26 07:45:00,288.1600037,288.1600037,287.8999939,288.0400085,37974,ETF
2026-02-26 07:50:00,288.0400085,288.1499939,287.9400024,288.1400146,41106,ETF
2026-02-26 07:55:00,288.1900024,288.3599854,288.1400146,288.1900024,17910,ETF
2026-02-26 08:00:00,288.1799927,288.3200073,288.1000061,288.2000122,22320,ETF
2026-02-26 08:05:00,288.2099915,288.3099976,288.1900024,288.2200012,15807,ETF
2026-02-26 08:10:00,288.269989,288.3099976,288.2200012,288.2600098,16651,ETF
2026-02-26 08:15:00,288.2600098,288.2999878,288,288.0499878,91851,ETF
2026-02-26 08:20:00,288.0499878,288.2999878,288,288.2799988,27160,ETF
2026-02-26 08:25:00,288.2600098,288.3200073,288.2000122,288.2600098,14528,ETF
2026-02-26 08:30:00,288.3099976,288.3299866,288.0299988,288.0499878,19662,ETF
2026-02-26 08:35:00,288.1199951,288.2399902,287.8699951,288.2399902,34267,ETF
2026-02-26 08:40:00,288.2200012,288.4200134,288.0100098,288.2600098,40352,ETF
2026-02-26 08:45:00,288.3500061,288.4299927,288.2200012,288.3200073,24147,ETF
2026-02-26 08:50:00,288.3200073,288.3699951,288.1000061,288.1000061,26683,ETF
2026-02-26 08:55:00,288.1600037,288.2999878,288.1000061,288.1600037,19403,ETF
2026-02-26 09:00:00,288.2799988,288.3800049,288.1199951,288.3800049,35631,ETF
2026-02-26 09:05:00,288.3900146,288.5,288.3099976,288.480011,28484,ETF
2026-02-26 09:10:00,288.5,288.75,288.4899902,288.75,50763,ETF
2026-02-26 09:15:00,288.7900085,288.9100037,288.75,288.75,39068,ETF
2026-02-26 09:20:00,288.75,288.8399963,288.6000061,288.7799988,48315,ETF
2026-02-26 09:25:00,288.7799988,288.7799988,288.6000061,288.7000122,21973,ETF
2026-02-26 09:30:00,288.7000122,288.8399963,288.4100037,288.5799866,141438,ETF
2026-02-26 09:35:00,288.6099854,288.7999878,288.4899902,288.6700134,89856,ETF
2026-02-26 09:40:00,288.6400146,288.769989,288.4200134,288.5400085,130455,ETF
2026-02-26 09:45:00,288.5400085,288.75,288.480011,288.5100098,103722,ETF
2026-02-26 09:50:00,288.519989,288.6900024,288.5,288.5100098,122160,ETF
2026-02-26 09:55:00,288.6700134,288.7399902,288.5100098,288.6499939,88180,ETF
2026-02-27 03:45:00,288.1300049,288.1300049,287.5100098,287.6900024,0,ETF
2026-02-27 03:50:00,287.6799927,287.9700012,287.5499878,287.8599854,104947,ETF
2026-02-27 03:55:00,287.8699951,287.9599915,287.4700012,287.4700012,118586,ETF
2026-02-27 04:00:00,287.4700012,287.6600037,287.4700012,287.5100098,156945,ETF
2026-02-27 04:05:00,287.5,287.6499939,287.3299866,287.6499939,101076,ETF
2026-02-27 04:10:00,287.6499939,287.6700134,287.3500061,287.4500122,106363,ETF
2026-02-27 04:15:00,287.4299927,287.4299927,287.2399902,287.2600098,71392,ETF
2026-02-27 04:20:00,287.2600098,287.3399963,287.1000061,287.1300049,78413,ETF
2026-02-27 04:25:00,287.1600037,287.25,287.1000061,287.1199951,60099,ETF
2026-02-27 04:30:00,287.0899963,287.0899963,287.019989,287.0599976,114779,ETF
2026-02-27 04:35:00,287.0299988,287.0400085,286.8500061,287,235091,ETF
2026-02-27 04:40:00,286.9100037,287.1000061,286.9100037,287.0100098,62292,ETF
2026-02-27 04:45:00,287,287,286.6799927,286.769989,100037,ETF
2026-02-27 04:50:00,286.75,286.9500122,286.7099915,286.9400024,193902,ETF
2026-02-27 04:55:00,286.9400024,287.0899963,286.8999939,287.0499878,72564,ETF
2026-02-27 05:00:00,287.019989,287.1300049,286.9400024,287.0299988,63914,ETF
2026-02-27 05:05:00,287.019989,287.2000122,287,287.019989,73290,ETF
2026-02-27 05:10:00,287.0100098,287.1199951,286.8999939,286.9400024,61937,ETF
2026-02-27 05:15:00,286.9400024,286.9400024,286.8200073,286.9100037,81350,ETF
2026-02-27 05:20:00,286.8900146,286.9500122,286.7200012,286.769989,65827,ETF
2026-02-27 05:25:00,286.75,286.8800049,286.7200012,286.730011,72384,ETF
2026-02-27 05:30:00,286.8200073,286.9899902,286.730011,286.9500122,55981,ETF
2026-02-27 05:35:00,286.9299927,287.0799866,286.9299927,287.019989,40225,ETF
2026-02-27 05:40:00,287.0299988,287.0299988,286.8599854,286.9599915,63556,ETF
2026-02-27 05:45:00,287.0499878,287.1000061,286.8599854,286.8699951,44851,ETF
2026-02-27 05:50:00,286.8699951,286.9500122,286.7999878,286.8999939,43586,ETF
2026-02-27 05:55:00,286.8900146,286.9500122,286.7000122,286.8099976,69165,ETF
2026-02-27 06:00:00,286.8200073,286.8200073,286.5599976,286.5700073,134125,ETF
2026-02-27 06:05:00,286.5499878,286.5599976,286.3999939,286.5299988,154494,ETF
2026-02-27 06:10:00,286.5299988,286.6300049,286.5,286.6000061,58108,ETF
2026-02-27 06:15:00,286.5899963,286.7799988,286.5799866,286.6000061,41681,ETF
2026-02-27 06:20:00,286.7000122,286.75,286.6000061,286.7399902,44213,ETF
2026-02-27 06:25:00,286.7399902,286.7999878,286.6499939,286.7000122,59891,ETF
2026-02-27 06:30:00,286.6600037,286.8500061,286.6000061,286.6900024,77851,ETF
2026-02-27 06:35:00,286.6499939,286.75,286.5299988,286.5899963,44043,ETF
2026-02-27 06:40:00,286.5400085,286.6199951,286.5,286.5400085,51614,ETF
2026-02-27 06:45:00,286.5499878,286.5700073,286.5,286.5499878,29686,ETF
2026-02-27 06:50:00,286.5599976,286.7000122,286.3999939,286.4500122,85796,ETF
2026-02-27 06:55:00,286.4500122,286.730011,286.4200134,286.6900024,69531,ETF
2026-02-27 07:00:00,286.7099915,286.75,286.6000061,286.6300049,53103,ETF
2026-02-27 07:05:00,286.6000061,286.6300049,286.480011,286.5100098,52967,ETF
2026-02-27 07:10:00,286.5599976,286.5599976,286.3299866,286.3299866,65632,ETF
2026-02-27 07:15:00,286.3299866,286.4400024,286.2999878,286.4400024,62385,ETF
2026-02-27 07:20:00,286.4400024,286.5899963,286.4200134,286.4200134,54839,ETF
2026-02-27 07:25:00,286.4100037,286.5400085,286.269989,286.269989,67628,ETF
2026-02-27 07:30:00,286.2900085,286.3500061,286.2099915,286.2999878,88164,ETF
2026-02-27 07:35:00,286.2999878,286.5100098,286.269989,286.3399963,62544,ETF
2026-02-27 07:40:00,286.4400024,286.480011,286.3099976,286.4700012,48975,ETF
2026-02-27 07:45:00,286.4599915,286.480011,286.3500061,286.4400024,41755,ETF
2026-02-27 07:50:00,286.3999939,286.480011,286.3200073,286.4200134,43017,ETF
2026-02-27 07:55:00,286.3999939,286.5,286.3800049,286.480011,53064,ETF
2026-02-27 08:00:00,286.480011,286.5599976,286.4100037,286.4700012,54325,ETF
2026-02-27 08:05:00,286.4500122,286.5899963,286.3999939,286.5700073,50878,ETF
2026-02-27 08:10:00,286.5700073,286.6600037,286.480011,286.6099854,71596,ETF
2026-02-27 08:15:00,286.6099854,286.8900146,286.5,286.7999878,114557,ETF
2026-02-27 08:20:00,286.8399963,286.8900146,286.5799866,286.75,131776,ETF
2026-02-27 08:25:00,286.75,286.9599915,286.6400146,286.8999939,89378,ETF
2026-02-27 08:30:00,286.8999939,287.0899963,286.7099915,286.8099976,104597,ETF
2026-02-27 08:35:00,286.8099976,286.8399963,286.6000061,286.7999878,78930,ETF
2026-02-27 08:40:00,286.7900085,286.8900146,286.6400146,286.75,74889,ETF
2026-02-27 08:45:00,286.75,286.8399963,286.7099915,286.7600098,68493,ETF
2026-02-27 08:50:00,286.7600098,286.8500061,286.6499939,286.6900024,45827,ETF
2026-02-27 08:55:00,286.6300049,286.7000122,286.5100098,286.5100098,70501,ETF
2026-02-27 09:00:00,286.5599976,286.6600037,286.5100098,286.5899963,28885,ETF
2026-02-27 09:05:00,286.5899963,286.7000122,286.5400085,286.6499939,32718,ETF
2026-02-27 09:10:00,286.5799866,286.7000122,286.4299927,286.5,83128,ETF
2026-02-27 09:15:00,286.5,286.6499939,286.4299927,286.6499939,25357,ETF
2026-02-27 09:20:00,286.6600037,286.75,286.6000061,286.6700134,37314,ETF
2026-02-27 09:25:00,286.6700134,286.7900085,286.6099854,286.7900085,28777,ETF
2026-02-27 09:30:00,286.7200012,286.7200012,285.3999939,285.4299927,561986,ETF
2026-02-27 09:35:00,285.4299927,285.5100098,285,285.1600037,548811,ETF
2026-02-27 09:40:00,285.2799988,285.4899902,285.2399902,285.2399902,318454,ETF
2026-02-27 09:45:00,285.2799988,285.3999939,285.019989,285.1499939,633484,ETF
2026-02-27 09:50:00,285.1000061,285.269989,284.9100037,285.1000061,629786,ETF
2026-02-27 09:55:00,285.1000061,285.9700012,285,285.9700012,444332,ETF
2026-03-02 03:45:00,282.3800049,282.75,281.5,282.1799927,0,ETF
2026-03-02 03:50:00,282.1900024,282.980011,282.0499878,282.2099915,792687,ETF
2026-03-02 03:55:00,282.2099915,282.4700012,281.8699951,282.1499939,623013,ETF
2026-03-02 04:00:00,282.2099915,283.1499939,282.2000122,283.1300049,544442,ETF
2026-03-02 04:05:00,283.0299988,283.1400146,282.6000061,282.8900146,397355,ETF
2026-03-02 04:10:00,282.8800049,283.1400146,282.7600098,282.9899902,343152,ETF
2026-03-02 04:15:00,282.980011,283.2000122,282.8500061,282.9299927,276398,ETF
2026-03-02 04:20:00,282.8599854,282.8599854,282.1199951,282.1499939,340607,ETF
2026-03-02 04:25:00,282.1799927,282.6600037,282.1199951,282.6000061,291201,ETF
2026-03-02 04:30:00,282.6000061,282.8399963,282.1499939,282.1499939,294706,ETF
2026-03-02 04:35:00,282.1400146,282.2799988,282,282.0700073,336129,ETF
2026-03-02 04:40:00,282.1099854,282.1499939,281.9200134,282.1199951,250313,ETF
2026-03-02 04:45:00,282.1199951,282.1400146,281.8200073,282.0599976,228935,ETF
2026-03-02 04:50:00,282,282.019989,281.8099976,281.9200134,185208,ETF
2026-03-02 04:55:00,281.9100037,281.980011,281.8299866,281.8500061,136936,ETF
2026-03-02 05:00:00,281.8500061,282.0599976,281.7900085,281.9700012,186568,ETF
2026-03-02 05:05:00,281.9700012,282,281.6499939,281.7900085,135474,ETF
2026-03-02 05:10:00,281.7900085,281.7999878,281.2200012,281.3299866,264558,ETF
2026-03-02 05:15:00,281.3299866,281.5,281.3200073,281.3299866,227986,ETF
2026-03-02 05:20:00,281.3500061,281.5,281.3299866,281.4500122,119182,ETF
2026-03-02 05:25:00,281.4700012,281.7900085,281.4400024,281.769989,170386,ETF
2026-03-02 05:30:00,281.769989,281.8900146,281.7000122,281.7600098,161687,ETF
2026-03-02 05:35:00,281.7000122,281.8599854,281.6000061,281.7900085,121533,ETF
2026-03-02 05:40:00,281.7999878,281.7999878,281.5499878,281.6400146,84180,ETF
2026-03-02 05:45:00,281.6199951,281.6900024,281.5,281.5700073,115252,ETF
2026-03-02 05:50:00,281.480011,281.519989,281.3599854,281.4200134,112383,ETF
2026-03-02 05:55:00,281.4500122,281.4500122,281.1000061,281.1300049,154388,ETF
2026-03-02 06:00:00,281.1099854,281.25,281.0499878,281.2000122,115449,ETF
2026-03-02 06:05:00,281.2000122,281.3999939,281.1000061,281.269989,89594,ETF
2026-03-02 06:10:00,281.3900146,281.3999939,281.2099915,281.2999878,101676,ETF
2026-03-02 06:15:00,281.2999878,281.5299988,281.2799988,281.3200073,93581,ETF
2026-03-02 06:20:00,281.3099976,281.3299866,281.0700073,281.1499939,160215,ETF
2026-03-02 06:25:00,281.1499939,281.1799927,281,281.019989,263359,ETF
2026-03-02 06:30:00,281,281,280.7099915,280.8599854,248495,ETF
2026-03-02 06:35:00,280.8399963,280.9100037,280.7000122,280.8099976,113221,ETF
2026-03-02 06:40:00,280.8399963,280.8800049,280.5499878,280.5599976,156045,ETF
2026-03-02 06:45:00,280.5799866,280.5799866,280.2600098,280.3099976,265858,ETF
2026-03-02 06:50:00,280.3299866,280.4100037,280.2000122,280.2999878,158635,ETF
2026-03-02 06:55:00,280.2900085,280.3999939,280.2600098,280.3500061,156234,ETF
2026-03-02 07:00:00,280.3500061,280.4599915,280.1600037,280.3399963,141013,ETF
2026-03-02 07:05:00,280.3699951,280.4100037,279.9500122,279.980011,835199,ETF
2026-03-02 07:10:00,280.0100098,280.1400146,279.7999878,279.8699951,299138,ETF
2026-03-02 07:15:00,279.8699951,280.1000061,279.7999878,279.9200134,203413,ETF
2026-03-02 07:20:00,279.9200134,280.1000061,279.8699951,280.0299988,160286,ETF
2026-03-02 07:25:00,280,280.0700073,279.8999939,280,205178,ETF
2026-03-02 07:30:00,279.9500122,280.1000061,279.8900146,280.019989,233389,ETF
2026-03-02 07:35:00,280.019989,280.0700073,279.9500122,279.9700012,129063,ETF
2026-03-02 07:40:00,279.9700012,280.0400085,279.8599854,279.9899902,146764,ETF
2026-03-02 07:45:00,279.9899902,280,279.8900146,279.9500122,142628,ETF
2026-03-02 07:50:00,279.9299927,280,279.8999939,279.9599915,121829,ETF
2026-03-02 07:55:00,279.8999939,279.9700012,279.6499939,279.75,248767,ETF
2026-03-02 08:00:00,279.769989,279.8699951,279.6099854,279.7000122,168005,ETF
2026-03-02 08:05:00,279.7799988,279.8800049,279.6499939,279.7900085,174814,ETF
2026-03-02 08:10:00,279.7000122,279.7999878,279.5599976,279.7900085,242100,ETF
2026-03-02 08:15:00,279.7600098,279.7999878,279.6000061,279.6600037,179088,ETF
2026-03-02 08:20:00,279.6600037,279.6900024,279.3999939,279.5,337517,ETF
2026-03-02 08:25:00,279.5,279.5,279.0299988,279.1499939,339848,ETF
2026-03-02 08:30:00,279.1400146,280.4200134,279.0100098,279.9299927,313009,ETF
2026-03-02 08:35:00,279.9599915,280.8800049,279.9200134,280.5799866,293021,ETF
2026-03-02 08:40:00,280.5799866,281.1099854,280.5599976,281.0700073,270830,ETF
2026-03-02 08:45:00,281.0899963,281.1199951,280.6000061,281.0299988,512309,ETF
2026-03-02 08:50:00,281.0400085,281.1099854,280.769989,280.9200134,709508,ETF
2026-03-02 08:55:00,281,281.0299988,280.4200134,280.4700012,142244,ETF
2026-03-02 09:00:00,280.4700012,281,280.3900146,281,134146,ETF
2026-03-02 09:05:00,281.2399902,281.6900024,281.1799927,281.6000061,259288,ETF
2026-03-02 09:10:00,281.6000061,281.8900146,281.480011,281.8900146,175036,ETF
2026-03-02 09:15:00,281.8999939,282,281.519989,281.980011,191293,ETF
2026-03-02 09:20:00,281.9899902,282.0899963,281.75,282.0899963,187905,ETF
2026-03-02 09:25:00,282.1000061,282.1000061,281.1499939,281.4500122,227807,ETF
2026-03-02 09:30:00,281.4700012,282,281.3599854,281.9100037,141498,ETF
2026-03-02 09:35:00,281.8699951,282,281.5,281.8800049,195780,ETF
2026-03-02 09:40:00,281.9100037,282.1000061,281.7600098,282.1000061,174935,ETF
2026-03-02 09:45:00,282.0400085,282.2399902,281.9200134,282.2399902,232113,ETF
2026-03-02 09:50:00,282.2099915,282.3699951,281.8299866,281.8500061,317392,ETF
2026-03-02 09:55:00,281.8299866,282.0799866,281.5599976,282,347585,ETF
2026-03-04 03:45:00,277.8699951,277.8900146,276.1499939,277.0899963,0,ETF
2026-03-04 03:50:00,277.1000061,277.1000061,276.1400146,276.1600037,1211770,ETF
2026-03-04 03:55:00,276.1400146,276.2900085,275.8599854,276.1799927,1258339,ETF
2026-03-04 04:00:00,276.1799927,276.4299927,275.980011,275.980011,786234,ETF
2026-03-04 04:05:00,275.980011,276.2799988,275.8200073,276.1000061,589038,ETF
2026-03-04 04:10:00,276.1000061,276.8299866,276.1000061,276.7799988,450605,ETF
2026-03-04 04:15:00,276.7999878,276.8699951,276.2000122,276.3200073,504702,ETF
2026-03-04 04:20:00,276.2999878,276.3900146,276.1600037,276.2399902,392914,ETF
2026-03-04 04:25:00,276.2399902,276.2399902,275.8900146,275.8900146,614754,ETF
2026-03-04 04:30:00,275.8800049,276.0400085,275.7099915,275.9500122,546611,ETF
2026-03-04 04:35:00,275.9400024,276.3399963,275.9200134,276.3099976,306334,ETF
2026-03-04 04:40:00,276.3099976,276.8200073,276.1400146,276.8200073,378357,ETF
2026-03-04 04:45:00,276.8399963,276.8399963,276.519989,276.5400085,427902,ETF
2026-03-04 04:50:00,276.5400085,276.8599854,276.519989,276.6799927,252083,ETF
2026-03-04 04:55:00,276.6799927,277,276.6400146,276.8999939,218085,ETF
2026-03-04 05:00:00,276.9100037,276.9100037,276.6400146,276.6700134,189741,ETF
2026-03-04 05:05:00,276.6799927,276.7600098,276.5100098,276.5899963,268863,ETF
2026-03-04 05:10:00,276.5799866,276.5799866,276.4899902,276.5700073,174940,ETF
2026-03-04 05:15:00,276.5499878,276.8900146,276.5499878,276.6900024,249295,ETF
2026-03-04 05:20:00,276.6900024,276.6900024,276.5100098,276.6700134,178418,ETF
2026-03-04 05:25:00,276.6600037,276.6600037,276.3200073,276.5499878,162636,ETF
2026-03-04 05:30:00,276.5899963,276.9100037,276.5400085,276.8800049,154391,ETF
2026-03-04 05:35:00,276.8699951,277.2600098,276.7900085,277.2000122,236552,ETF
2026-03-04 05:40:00,277.1600037,277.2900085,277.0700073,277.0700073,175548,ETF
2026-03-04 05:45:00,277.0599976,277.0599976,276.7000122,276.7900085,197851,ETF
2026-03-04 05:50:00,276.7900085,276.8500061,276.5499878,276.5899963,178391,ETF
2026-03-04 05:55:00,276.5899963,276.6199951,276.2600098,276.2600098,268279,ETF
2026-03-04 06:00:00,276.2900085,276.4100037,276.1099854,276.25,158342,ETF
2026-03-04 06:05:00,276.2399902,276.4500122,276.2200012,276.2900085,128957,ETF
2026-03-04 06:10:00,276.2900085,276.3599854,276.230011,276.230011,114936,ETF
2026-03-04 06:15:00,276.230011,276.3299866,276.1300049,276.2900085,98220,ETF
2026-03-04 06:20:00,276.2900085,276.6499939,276.269989,276.3399963,123220,ETF
2026-03-04 06:25:00,276.3200073,276.4400024,276.2999878,276.3900146,195216,ETF
2026-03-04 06:30:00,276.4100037,276.5400085,276.3200073,276.519989,362628,ETF
2026-03-04 06:35:00,276.519989,276.5599976,276.4200134,276.5599976,72349,ETF
2026-03-04 06:40:00,276.5799866,276.5899963,276.3999939,276.4100037,101403,ETF
2026-03-04 06:45:00,276.4100037,276.4500122,276.269989,276.2999878,150560,ETF
2026-03-04 06:50:00,276.2999878,276.4899902,276.269989,276.3800049,115141,ETF
2026-03-04 06:55:00,276.3800049,276.4500122,276.230011,276.3200073,121801,ETF
2026-03-04 07:00:00,276.3200073,276.3999939,276.2799988,276.3699951,108277,ETF
2026-03-04 07:05:00,276.3699951,276.5,276.3599854,276.4100037,73395,ETF
2026-03-04 07:10:00,276.4299927,276.4500122,276.2000122,276.4100037,140333,ETF
2026-03-04 07:15:00,276.4200134,276.5400085,276.4200134,276.5,102587,ETF
2026-03-04 07:20:00,276.5100098,276.6199951,276.3500061,276.6199951,75870,ETF
2026-03-04 07:25:00,276.6000061,276.8599854,276.5899963,276.8399963,91458,ETF
2026-03-04 07:30:00,276.8399963,276.8999939,276.6600037,276.8099976,193198,ETF
2026-03-04 07:35:00,276.8099976,276.9599915,276.7000122,276.9599915,61191,ETF
2026-03-04 07:40:00,276.9599915,277.1400146,276.9100037,277.1400146,206707,ETF
2026-03-04 07:45:00,277.1499939,277.2000122,276.8299866,276.8999939,242135,ETF
2026-03-04 07:50:00,276.8999939,277.1000061,276.8200073,277.0799866,126174,ETF
2026-03-04 07:55:00,277.1000061,277.2900085,277.019989,277.1000061,211364,ETF
2026-03-04 08:00:00,277.1000061,277.1499939,276.8999939,276.8999939,153659,ETF
2026-03-04 08:05:00,276.9400024,276.9899902,276.6700134,276.9299927,184787,ETF
2026-03-04 08:10:00,276.9899902,277.0299988,276.7999878,277.0299988,171339,ETF
2026-03-04 08:15:00,277.0299988,277.1000061,276.7399902,276.8699951,224670,ETF
2026-03-04 08:20:00,276.8699951,276.9299927,276.5899963,276.5899963,241123,ETF
2026-03-04 08:25:00,276.6000061,276.7999878,276.4400024,276.7999878,193936,ETF
2026-03-04 08:30:00,276.7999878,277.0899963,276.7900085,277.0299988,77551,ETF
2026-03-04 08:35:00,277.0299988,277.3800049,276.9500122,277.3800049,129678,ETF
2026-03-04 08:40:00,277.4100037,278,277.3999939,278,322382,ETF
2026-03-04 08:45:00,278,278.2000122,277.8599854,278.1499939,310773,ETF
2026-03-04 08:50:00,278.1499939,278.1600037,277.6900024,277.7999878,147445,ETF
2026-03-04 08:55:00,277.7999878,277.8399963,277.4700012,277.5400085,275138,ETF
2026-03-04 09:00:00,277.6499939,277.8999939,277.3200073,277.8200073,203849,ETF
2026-03-04 09:05:00,277.7000122,277.8500061,277.5299988,277.75,115693,ETF
2026-03-04 09:10:00,277.75,278.2000122,277.7200012,278.1799927,237955,ETF
2026-03-04 09:15:00,278.2000122,278.4599915,277.9200134,278.3500061,314251,ETF
2026-03-04 09:20:00,278.3500061,278.3900146,278.1199951,278.3500061,311784,ETF
2026-03-04 09:25:00,278.3399963,278.3999939,278.1199951,278.2000122,203093,ETF
2026-03-04 09:30:00,278.2000122,278.2000122,277.3999939,277.5700073,291483,ETF
2026-03-04 09:35:00,277.5700073,277.7099915,277.25,277.3699951,144071,ETF
2026-03-04 09:40:00,277.3399963,277.3599854,277.1499939,277.2799988,179126,ETF
2026-03-04 09:45:00,277.2799988,277.3500061,277.1000061,277.1499939,369211,ETF
2026-03-04 09:50:00,277.1700134,277.3299866,277.019989,277.3299866,203706,ETF
2026-03-04 09:55:00,277.1499939,277.7000122,277.019989,277.7000122,307323,ETF
2026-03-05 03:45:00,278.5,279.2799988,278.0100098,278.6499939,0,ETF
2026-03-05 03:50:00,278.5599976,278.8900146,278.3099976,278.7799988,283471,ETF
2026-03-05 03:55:00,278.7799988,278.8200073,278.269989,278.4400024,193084,ETF
2026-03-05 04:00:00,278.4400024,278.5599976,278.1499939,278.4400024,202425,ETF
2026-03-05 04:05:00,278.2900085,278.4500122,278.0400085,278.0400085,146911,ETF
2026-03-05 04:10:00,278.0400085,278.6000061,278.019989,278.6000061,169693,ETF
2026-03-05 04:15:00,278.6000061,278.8500061,278.5,278.7399902,144402,ETF
2026-03-05 04:20:00,278.7999878,279.0899963,278.7200012,279.0700073,252388,ETF
2026-03-05 04:25:00,279.0700073,279.0899963,278.7999878,278.8999939,248785,ETF
2026-03-05 04:30:00,278.8800049,278.9500122,278.730011,278.730011,146556,ETF
2026-03-05 04:35:00,278.7600098,278.9899902,278.7399902,278.9899902,131713,ETF
2026-03-05 04:40:00,278.9899902,279.0100098,278.5100098,278.5100098,185086,ETF
2026-03-05 04:45:00,278.4899902,278.5499878,278.3999939,278.4899902,133490,ETF
2026-03-05 04:50:00,278.4299927,278.5,278.2099915,278.3500061,64431,ETF
2026-03-05 04:55:00,278.3500061,278.3500061,277.8399963,278.1799927,255750,ETF
2026-03-05 05:00:00,278.1799927,278.3399963,278.0499878,278.3299866,62015,ETF
2026-03-05 05:05:00,278.2399902,278.7999878,278.2399902,278.7999878,217692,ETF
2026-03-05 05:10:00,278.7999878,279.0899963,278.7799988,279.0799866,78348,ETF
2026-03-05 05:15:00,279.0599976,279.1000061,278.9299927,279.0499878,75708,ETF
2026-03-05 05:20:00,279.0400085,279.0799866,278.8500061,279.0499878,66096,ETF
2026-03-05 05:25:00,279.0899963,279.3299866,279,279.2000122,92636,ETF
2026-03-05 05:30:00,279.2399902,279.2600098,278.9100037,279,120843,ETF
2026-03-05 05:35:00,279,279.2000122,278.9899902,279.1499939,42169,ETF
2026-03-05 05:40:00,279.1400146,279.1499939,279.0100098,279.019989,47379,ETF
2026-03-05 05:45:00,279.0499878,279.1700134,278.8999939,279.1700134,77241,ETF
2026-03-05 05:50:00,279.1700134,279.1700134,278.8500061,279.0100098,55923,ETF
2026-03-05 05:55:00,279.0100098,279.0100098,278.5499878,278.6499939,62230,ETF
2026-03-05 06:00:00,278.6900024,278.9200134,278.5700073,278.7099915,163250,ETF
2026-03-05 06:05:00,278.730011,278.7799988,278.3299866,278.519989,113374,ETF
2026-03-05 06:10:00,278.5299988,278.5499878,278.3500061,278.3699951,60832,ETF
2026-03-05 06:15:00,278.4400024,278.4500122,278.0599976,278.0599976,88174,ETF
2026-03-05 06:20:00,278.1799927,278.3999939,278.0100098,278.3999939,39239,ETF
2026-03-05 06:25:00,278.3999939,278.5,278.1499939,278.2000122,152902,ETF
2026-03-05 06:30:00,278.2000122,278.4100037,278.0499878,278.25,589656,ETF
2026-03-05 06:35:00,278.1400146,278.3399963,278.1099854,278.2399902,62731,ETF
2026-03-05 06:40:00,278.3099976,278.6000061,278.2999878,278.6000061,46409,ETF
2026-03-05 06:45:00,278.6000061,278.6000061,278.3099976,278.5400085,47021,ETF
2026-03-05 06:50:00,278.5400085,278.8599854,278.4299927,278.7000122,53757,ETF
2026-03-05 06:55:00,278.730011,279.1000061,278.5400085,279.1000061,227469,ETF
2026-03-05 07:00:00,279.1000061,279.2000122,278.980011,278.980011,85950,ETF
2026-03-05 07:05:00,279,279.1499939,278.8200073,279.1300049,33342,ETF
2026-03-05 07:10:00,279.1300049,279.2200012,279,279.1300049,49025,ETF
2026-03-05 07:15:00,279.1300049,279.1300049,278.7799988,278.8999939,40215,ETF
2026-03-05 07:20:00,278.8999939,279.2000122,278.8399963,279.2000122,22344,ETF
2026-03-05 07:25:00,279.1099854,279.2000122,279.0100098,279.1900024,29676,ETF
2026-03-05 07:30:00,279.1900024,279.2000122,279.0100098,279.0499878,33587,ETF
2026-03-05 07:35:00,279.0100098,279.1499939,278.9899902,279.0100098,24862,ETF
2026-03-05 07:40:00,279.1099854,279.1199951,278.980011,279.1199951,32165,ETF
2026-03-05 07:45:00,279.0799866,279.1199951,278.9599915,278.9899902,40337,ETF
2026-03-05 07:50:00,278.9899902,279.0599976,278.9400024,279.0599976,30971,ETF
2026-03-05 07:55:00,279.1000061,279.1499939,279.0299988,279.1499939,39095,ETF
2026-03-05 08:00:00,279.1799927,279.3500061,279,279.1000061,83087,ETF
2026-03-05 08:05:00,279.1000061,279.1000061,278.7600098,278.8500061,41095,ETF
2026-03-05 08:10:00,278.8599854,279.0100098,278.8500061,278.980011,49091,ETF
2026-03-05 08:15:00,278.9400024,279,278.8699951,278.9299927,43693,ETF
2026-03-05 08:20:00,278.9299927,278.9400024,278.5799866,278.6400146,47246,ETF
2026-03-05 08:25:00,278.6300049,278.6300049,278.2799988,278.4700012,63943,ETF
2026-03-05 08:30:00,278.4700012,278.5899963,278.25,278.480011,64534,ETF
2026-03-05 08:35:00,278.480011,278.480011,278.25,278.25,49754,ETF
2026-03-05 08:40:00,278.2000122,278.2999878,278.0499878,278.1000061,55729,ETF
2026-03-05 08:45:00,278.1000061,278.2900085,277.8999939,277.9899902,134368,ETF
2026-03-05 08:50:00,277.9899902,278.5,277.9500122,278.4599915,94037,ETF
2026-03-05 08:55:00,278.4500122,278.7399902,278.3299866,278.6499939,68358,ETF
2026-03-05 09:00:00,278.7200012,278.7600098,278.269989,278.2999878,119016,ETF
2026-03-05 09:05:00,278.3500061,279.4899902,278.25,279.3900146,327631,ETF
2026-03-05 09:10:00,279.3900146,280.269989,279.3500061,279.8299866,275067,ETF
2026-03-05 09:15:00,279.9599915,280.25,279.7999878,280.1099854,130078,ETF
2026-03-05 09:20:00,280.1400146,281.2000122,280.1400146,281.1000061,257617,ETF
2026-03-05 09:25:00,281.1000061,281.269989,280.6700134,281.1700134,190219,ETF
2026-03-05 09:30:00,281.1499939,281.2000122,280.3999939,280.6799927,166318,ETF
2026-03-05 09:35:00,280.6799927,280.7000122,280.3999939,280.519989,154883,ETF
2026-03-05 09:40:00,280.519989,280.6600037,279.8599854,279.9899902,491319,ETF
2026-03-05 09:45:00,279.8599854,280.7900085,279.8599854,280.1300049,700476,ETF
2026-03-05 09:50:00,280.1300049,280.1300049,279.8800049,279.9500122,173903,ETF
2026-03-05 09:55:00,279.9500122,280.4100037,279.9200134,280.3900146,183546,ETF
2026-03-06 03:45:00,278.6199951,279.3299866,278.6199951,278.7799988,0,ETF
2026-03-06 03:50:00,278.769989,279.4899902,278.769989,279.1600037,253816,ETF
2026-03-06 03:55:00,279.1199951,279.6199951,279.1199951,279.6000061,98835,ETF
2026-03-06 04:00:00,279.6000061,279.6900024,279.2000122,279.2000122,179877,ETF
2026-03-06 04:05:00,279.1900024,279.5,279.1000061,279.1600037,87123,ETF
2026-03-06 04:10:00,279.1400146,279.4500122,279.1099854,279.4500122,104001,ETF
2026-03-06 04:15:00,279.480011,279.5499878,279.2200012,279.2900085,65736,ETF
2026-03-06 04:20:00,279.2900085,279.3800049,279.1199951,279.2000122,56133,ETF
2026-03-06 04:25:00,279.2000122,279.2000122,279,279,77934,ETF
2026-03-06 04:30:00,279.0499878,279.2000122,279.019989,279.1799927,337654,ETF
2026-03-06 04:35:00,279.1900024,279.4599915,279.1000061,279.4500122,86504,ETF
2026-03-06 04:40:00,279.4400024,279.480011,279.1499939,279.2999878,71057,ETF
2026-03-06 04:45:00,279.2999878,279.5,279.2999878,279.5,71125,ETF
2026-03-06 04:50:00,279.5,279.6300049,279.4899902,279.6000061,62658,ETF
2026-03-06 04:55:00,279.6300049,279.6700134,279.2999878,279.4400024,69635,ETF
2026-03-06 05:00:00,279.4400024,279.4400024,279.0599976,279.0899963,68447,ETF
2026-03-06 05:05:00,279.0799866,279.1700134,279,279.0899963,95575,ETF
2026-03-06 05:10:00,279.0899963,279.2000122,279.019989,279.0700073,63555,ETF
2026-03-06 05:15:00,279.0599976,279.1199951,278.7000122,278.7000122,162395,ETF
2026-03-06 05:20:00,278.6400146,279,278.519989,278.8099976,98214,ETF
2026-03-06 05:25:00,278.7900085,278.8500061,278.6099854,278.7799988,49198,ETF
2026-03-06 05:30:00,278.7799988,279.25,278.7799988,279.2000122,69420,ETF
2026-03-06 05:35:00,279.2000122,279.3900146,279.1199951,279.2200012,51563,ETF
2026-03-06 05:40:00,279.2200012,279.2999878,279.0700073,279.1199951,28835,ETF
2026-03-06 05:45:00,279.1000061,279.1400146,278.9100037,278.9700012,58801,ETF
2026-03-06 05:50:00,278.9200134,279.1099854,278.8999939,278.9200134,78475,ETF
2026-03-06 05:55:00,278.9200134,278.9200134,278.7999878,278.8999939,39638,ETF
2026-03-06 06:00:00,278.9599915,279.1000061,278.8800049,279.1000061,30264,ETF
2026-03-06 06:05:00,279.1000061,279.2000122,279.1000061,279.2000122,29260,ETF
2026-03-06 06:10:00,279.2000122,279.3999939,279.0899963,279.0899963,63242,ETF
2026-03-06 06:15:00,279.0799866,279.2600098,279,279.1900024,35735,ETF
2026-03-06 06:20:00,279.2600098,279.2999878,279.019989,279.1000061,26710,ETF
2026-03-06 06:25:00,279.1099854,279.230011,279,279.230011,26312,ETF
2026-03-06 06:30:00,279.230011,279.230011,279,279.0400085,32289,ETF
2026-03-06 06:35:00,279.0400085,279.2200012,278.9899902,279.1000061,34965,ETF
2026-03-06 06:40:00,279.2000122,279.25,278.9899902,279.0400085,63405,ETF
2026-03-06 06:45:00,279.0400085,279.1499939,279.0100098,279.0499878,26060,ETF
2026-03-06 06:50:00,279.0400085,279.0400085,278.8999939,278.9100037,159576,ETF
2026-03-06 06:55:00,278.9299927,278.9299927,278.6400146,278.6700134,129025,ETF
2026-03-06 07:00:00,278.6700134,278.8800049,278.6700134,278.8500061,57567,ETF
2026-03-06 07:05:00,278.8399963,278.8599854,278.7600098,278.7600098,98675,ETF
2026-03-06 07:10:00,278.7600098,278.9100037,278.730011,278.9100037,44490,ETF
2026-03-06 07:15:00,278.9100037,278.9200134,278.7000122,278.7999878,34544,ETF
2026-03-06 07:20:00,278.8599854,279.0299988,278.8500061,278.8900146,78196,ETF
2026-03-06 07:25:00,278.8900146,278.9899902,278.7999878,278.9400024,40745,ETF
2026-03-06 07:30:00,278.8999939,279.0499878,278.7600098,278.9100037,42878,ETF
2026-03-06 07:35:00,278.8999939,279,278.7999878,278.8500061,26282,ETF
2026-03-06 07:40:00,278.8500061,278.9400024,278.7999878,278.9400024,33815,ETF
2026-03-06 07:45:00,278.9400024,279,278.8299866,278.8800049,55892,ETF
2026-03-06 07:50:00,278.8800049,279,278.8200073,278.9700012,42342,ETF
2026-03-06 07:55:00,278.9599915,279.0299988,278.9100037,278.9700012,39515,ETF
2026-03-06 08:00:00,278.9700012,278.9700012,278.6600037,278.7200012,61521,ETF
2026-03-06 08:05:00,278.75,279.1000061,278.6199951,278.8599854,101082,ETF
2026-03-06 08:10:00,278.9400024,278.9599915,278.7999878,278.8399963,96411,ETF
2026-03-06 08:15:00,278.8599854,278.8599854,278.6099854,278.6499939,51038,ETF
2026-03-06 08:20:00,278.6499939,278.8500061,278.5700073,278.6000061,196459,ETF
2026-03-06 08:25:00,278.6000061,278.6099854,278.4200134,278.4200134,188716,ETF
2026-03-06 08:30:00,278.4200134,278.7000122,278.2900085,278.5499878,97477,ETF
2026-03-06 08:35:00,278.5599976,278.730011,278.5100098,278.7000122,46031,ETF
2026-03-06 08:40:00,278.7000122,278.7999878,278.6700134,278.769989,253625,ETF
2026-03-06 08:45:00,278.75,278.9899902,278.6700134,278.9899902,59186,ETF
2026-03-06 08:50:00,278.980011,278.9899902,278.9100037,278.9599915,100383,ETF
2026-03-06 08:55:00,278.9599915,279,278.75,278.7999878,62542,ETF
2026-03-06 09:00:00,278.8299866,278.8500061,278.6000061,278.6400146,61752,ETF
2026-03-06 09:05:00,278.6400146,278.730011,278.4899902,278.5299988,106398,ETF
2026-03-06 09:10:00,278.4299927,278.5299988,278.1600037,278.2900085,133574,ETF
2026-03-06 09:15:00,278.269989,278.4500122,277.1499939,277.7200012,757620,ETF
2026-03-06 09:20:00,277.7200012,278.1000061,277.5700073,277.8900146,106584,ETF
2026-03-06 09:25:00,277.8900146,277.9599915,277.5599976,277.6000061,139799,ETF
2026-03-06 09:30:00,277.6000061,277.6000061,277.2999878,277.3900146,275975,ETF
2026-03-06 09:35:00,277.3699951,277.3999939,277.2000122,277.3200073,308872,ETF
2026-03-06 09:40:00,277.3800049,277.3800049,277.0499878,277.1000061,276751,ETF
2026-03-06 09:45:00,277.1000061,277.2900085,276.8999939,277.2600098,558119,ETF
2026-03-06 09:50:00,277.2600098,277.4400024,277.1099854,277.2600098,292073,ETF
2026-03-06 09:55:00,277.2999878,278.2000122,277.25,278.2000122,308539,ETF
2026-03-09 03:45:00,271.7900085,272.5,269.4100037,269.7999878,0,ETF
2026-03-09 03:50:00,269.8099976,269.9899902,269.0599976,269.1000061,1927154,ETF
2026-03-09 03:55:00,269.1000061,269.4299927,268.8999939,269.3299866,1203024,ETF
2026-03-09 04:00:00,269.3200073,270,269.2999878,269.5599976,1073033,ETF
2026-03-09 04:05:00,269.6199951,269.769989,269.4700012,269.6300049,670044,ETF
2026-03-09 04:10:00,269.5899963,269.7000122,269.3099976,269.3200073,791177,ETF
2026-03-09 04:15:00,269.2799988,269.6700134,269.0100098,269.5700073,849300,ETF
2026-03-09 04:20:00,269.5499878,269.7399902,269.3999939,269.5899963,547641,ETF
2026-03-09 04:25:00,269.5400085,269.7999878,269.5,269.7000122,621612,ETF
2026-03-09 04:30:00,269.7000122,269.7999878,269.3599854,269.4899902,470775,ETF
2026-03-09 04:35:00,269.5299988,270.1300049,269.5299988,270.0700073,370224,ETF
2026-03-09 04:40:00,270.0700073,270.3999939,270.0700073,270.1199951,357739,ETF
2026-03-09 04:45:00,270.1000061,270.1000061,269.5,269.5899963,422397,ETF
2026-03-09 04:50:00,269.5899963,269.9200134,269.5599976,269.7399902,329813,ETF
2026-03-09 04:55:00,269.7099915,269.8399963,269.5100098,269.7799988,271782,ETF
2026-03-09 05:00:00,269.7799988,269.8200073,269.3800049,269.4700012,397823,ETF
2026-03-09 05:05:00,269.4400024,269.8599854,269.3800049,269.6799927,227845,ETF
2026-03-09 05:10:00,269.6799927,269.7799988,269.5599976,269.7000122,197068,ETF
2026-03-09 05:15:00,269.7000122,269.7000122,269.4500122,269.4500122,270873,ETF
2026-03-09 05:20:00,269.4400024,270.6000061,269.3699951,270.5499878,579960,ETF
2026-03-09 05:25:00,270.5299988,270.7399902,270.3999939,270.6000061,320660,ETF
2026-03-09 05:30:00,270.7000122,270.7000122,270.3900146,270.4899902,243385,ETF
2026-03-09 05:35:00,270.519989,270.5299988,270.1700134,270.2900085,244920,ETF
2026-03-09 05:40:00,270.2900085,270.3599854,269.6300049,270.1099854,438733,ETF
2026-03-09 05:45:00,270.0499878,270.3399963,269.6700134,270.3299866,228376,ETF
2026-03-09 05:50:00,270.25,270.6499939,270.2000122,270.4700012,229959,ETF
2026-03-09 05:55:00,270.4500122,270.8200073,270.3500061,270.8099976,204242,ETF
2026-03-09 06:00:00,270.7900085,270.8900146,270.6000061,270.8500061,226595,ETF
2026-03-09 06:05:00,270.8500061,270.9899902,270.7999878,270.9899902,223449,ETF
2026-03-09 06:10:00,270.9899902,271.3900146,270.9400024,270.9899902,295714,ETF
2026-03-09 06:15:00,270.9899902,271.1000061,270.7999878,270.9400024,234211,ETF
2026-03-09 06:20:00,270.9299927,271,270.7999878,270.9299927,195934,ETF
2026-03-09 06:25:00,270.9299927,271,270.75,270.8099976,116365,ETF
2026-03-09 06:30:00,270.8900146,270.8999939,270.6000061,270.8599854,247815,ETF
2026-03-09 06:35:00,270.8399963,270.8399963,270.2999878,270.3900146,227702,ETF
2026-03-09 06:40:00,270.2799988,270.6000061,270.1499939,270.5100098,140094,ETF
2026-03-09 06:45:00,270.5100098,270.5700073,270.4500122,270.4700012,128818,ETF
2026-03-09 06:50:00,270.4599915,270.6000061,270.2999878,270.6000061,96189,ETF
2026-03-09 06:55:00,270.6000061,270.6900024,270.4899902,270.6000061,169213,ETF
2026-03-09 07:00:00,270.6000061,270.6000061,270.4200134,270.4299927,141471,ETF
2026-03-09 07:05:00,270.3800049,270.7000122,270.3099976,270.6900024,112848,ETF
2026-03-09 07:10:00,270.6600037,270.8299866,270.5899963,270.730011,139822,ETF
2026-03-09 07:15:00,270.730011,270.8500061,270.5299988,270.5499878,132075,ETF
2026-03-09 07:20:00,270.5499878,270.8999939,270.5499878,270.8999939,131016,ETF
2026-03-09 07:25:00,270.8999939,271.1400146,270.8299866,271.1400146,169618,ETF
2026-03-09 07:30:00,271.1400146,271.1799927,270.9299927,271,217803,ETF
2026-03-09 07:35:00,271,271.1700134,270.9500122,270.9700012,162083,ETF
2026-03-09 07:40:00,270.980011,271.019989,270.5700073,270.6600037,136111,ETF
2026-03-09 07:45:00,270.6199951,270.7999878,270.5,270.5700073,148798,ETF
2026-03-09 07:50:00,270.6099854,270.8900146,270.5899963,270.7399902,619478,ETF
2026-03-09 07:55:00,270.7000122,271.1099854,270.5400085,270.9200134,279411,ETF
2026-03-09 08:00:00,270.9299927,271.3900146,270.8999939,271.269989,152890,ETF
2026-03-09 08:05:00,271.2099915,271.2099915,270.7200012,271.1900024,216314,ETF
2026-03-09 08:10:00,271.1900024,271.2600098,271.0899963,271.1499939,360737,ETF
2026-03-09 08:15:00,271.1000061,271.1099854,270.8399963,270.9299927,126645,ETF
2026-03-09 08:20:00,270.9200134,271.1799927,270.8999939,271.0899963,101602,ETF
2026-03-09 08:25:00,271.0499878,271.2000122,270.7000122,270.8200073,128890,ETF
2026-03-09 08:30:00,270.8200073,270.8299866,270.5,270.7099915,297459,ETF
2026-03-09 08:35:00,270.7099915,270.9599915,270.7099915,270.9400024,94160,ETF
2026-03-09 08:40:00,270.8999939,271.1099854,270.7600098,270.8299866,121801,ETF
2026-03-09 08:45:00,270.7999878,270.7999878,270.5599976,270.7000122,109760,ETF
2026-03-09 08:50:00,270.7000122,271.2399902,270.6300049,271.1099854,661563,ETF
2026-03-09 08:55:00,271.1099854,271.25,271.0599976,271.1000061,96138,ETF
2026-03-09 09:00:00,271.1000061,271.2200012,271.0899963,271.1600037,79605,ETF
2026-03-09 09:05:00,271.1600037,271.1600037,271.0100098,271.1499939,121677,ETF
2026-03-09 09:10:00,271.1000061,271.75,271.1000061,271.6199951,308582,ETF
2026-03-09 09:15:00,271.6400146,272.3399963,271.5799866,272.0299988,258414,ETF
2026-03-09 09:20:00,272,272.2000122,271.7099915,272.1600037,173704,ETF
2026-03-09 09:25:00,272.1600037,272.2999878,272.019989,272.2999878,135913,ETF
2026-03-09 09:30:00,272.3999939,272.5,272,272.4899902,188292,ETF
2026-03-09 09:35:00,272.5,272.7999878,272.2799988,272.5700073,263093,ETF
2026-03-09 09:40:00,272.5899963,272.8099976,272.5,272.75,140225,ETF
2026-03-09 09:45:00,272.7399902,272.75,272.1499939,272.4899902,344846,ETF
2026-03-09 09:50:00,272.4899902,272.5100098,272.230011,272.3999939,175098,ETF
2026-03-09 09:55:00,272.4100037,272.7000122,272.0799866,272.7000122,324662,ETF
2026-03-10 03:45:00,274.5400085,274.5400085,273.7900085,273.7999878,0,ETF
2026-03-10 03:50:00,273.7999878,274,273.6400146,273.7999878,255026,ETF
2026-03-10 03:55:00,273.7999878,273.8999939,273.519989,273.7999878,227787,ETF
2026-03-10 04:00:00,273.8699951,273.8699951,273.3299866,273.4500122,344666,ETF
2026-03-10 04:05:00,273.3299866,273.4500122,273,273.1000061,331886,ETF
2026-03-10 04:10:00,273.1000061,273.7000122,273.0899963,273.7000122,261910,ETF
2026-03-10 04:15:00,273.6700134,273.7000122,273.2600098,273.6000061,164096,ETF
2026-03-10 04:20:00,273.6000061,273.6400146,273.3500061,273.4500122,285402,ETF
2026-03-10 04:25:00,273.4400024,273.5,272.8999939,273.0799866,323848,ETF
2026-03-10 04:30:00,273.0799866,273.4599915,273.0100098,273.4599915,129396,ETF
2026-03-10 04:35:00,273.4400024,273.6199951,273.3999939,273.5899963,91017,ETF
2026-03-10 04:40:00,273.6099854,273.6499939,273.4500122,273.6099854,128835,ETF
2026-03-10 04:45:00,273.6000061,274.1499939,273.5,274.0400085,219563,ETF
2026-03-10 04:50:00,274.0299988,274.0499878,273.6199951,273.8900146,95276,ETF
2026-03-10 04:55:00,273.8900146,273.9599915,273.7000122,273.8699951,78528,ETF
2026-03-10 05:00:00,273.8599854,274.1499939,273.7999878,274.1499939,82063,ETF
2026-03-10 05:05:00,274.1499939,274.2600098,274.1000061,274.2000122,177744,ETF
2026-03-10 05:10:00,274.1499939,274.4400024,274.1499939,274.3500061,181736,ETF
2026-03-10 05:15:00,274.3500061,274.5799866,274.3500061,274.5,223462,ETF
2026-03-10 05:20:00,274.4899902,274.5499878,274.1499939,274.1499939,161489,ETF
2026-03-10 05:25:00,274.2200012,274.2200012,274.019989,274.2000122,67889,ETF
2026-03-10 05:30:00,274.2600098,274.3699951,274.1600037,274.3399963,155629,ETF
2026-03-10 05:35:00,274.3399963,274.480011,274.2999878,274.480011,111398,ETF
2026-03-10 05:40:00,274.4899902,274.5499878,274.4500122,274.5400085,51249,ETF
2026-03-10 05:45:00,274.5,274.6799927,274.2900085,274.2900085,141121,ETF
2026-03-10 05:50:00,274.4400024,274.6000061,274.2600098,274.6000061,66993,ETF
2026-03-10 05:55:00,274.6000061,274.6799927,274.4400024,274.5599976,249026,ETF
2026-03-10 06:00:00,274.5599976,274.7000122,274.5400085,274.6700134,55567,ETF
2026-03-10 06:05:00,274.7000122,274.75,274.6400146,274.75,67885,ETF
2026-03-10 06:10:00,274.75,274.75,274.7000122,274.75,41540,ETF
2026-03-10 06:15:00,274.75,274.75,274.3900146,274.3900146,85389,ETF
2026-03-10 06:20:00,274.3500061,274.4400024,274.1099854,274.4400024,119330,ETF
2026-03-10 06:25:00,274.4400024,274.5,274.2099915,274.4299927,101007,ETF
2026-03-10 06:30:00,274.4299927,274.4500122,274.3200073,274.3999939,86391,ETF
2026-03-10 06:35:00,274.3999939,274.5,274.2799988,274.3900146,48401,ETF
2026-03-10 06:40:00,274.3800049,274.480011,274.0299988,274.0299988,70375,ETF
2026-03-10 06:45:00,273.8800049,274.1900024,273.75,274.1400146,209172,ETF
2026-03-10 06:50:00,274.1499939,274.1499939,273.6600037,273.7799988,132623,ETF
2026-03-10 06:55:00,273.7799988,273.9299927,273.6700134,273.7600098,45942,ETF
2026-03-10 07:00:00,273.8999939,273.8999939,273.75,273.8500061,92356,ETF
2026-03-10 07:05:00,273.8399963,274.1600037,273.7999878,273.8399963,64063,ETF
2026-03-10 07:10:00,273.8399963,273.8900146,273.6499939,273.75,182724,ETF
2026-03-10 07:15:00,273.7099915,274.1000061,273.6499939,274.0400085,64597,ETF
2026-03-10 07:20:00,274.0400085,274.2999878,274,274.2999878,138771,ETF
2026-03-10 07:25:00,274.2900085,274.5599976,274.2900085,274.3200073,157357,ETF
2026-03-10 07:30:00,274.3999939,274.5899963,274.3999939,274.5599976,130909,ETF
2026-03-10 07:35:00,274.5899963,274.5899963,274.269989,274.3500061,119785,ETF
2026-03-10 07:40:00,274.3500061,274.4200134,274.2000122,274.2999878,31024,ETF
2026-03-10 07:45:00,274.2999878,274.5,274.2999878,274.4899902,56830,ETF
2026-03-10 07:50:00,274.4899902,274.5,274.1400146,274.2900085,51188,ETF
2026-03-10 07:55:00,274.25,274.3399963,274.1300049,274.3399963,22954,ETF
2026-03-10 08:00:00,274.3399963,274.6199951,274.3399963,274.6199951,60748,ETF
2026-03-10 08:05:00,274.6300049,274.7999878,274.3999939,274.7999878,129676,ETF
2026-03-10 08:10:00,274.7999878,274.7999878,274.4700012,274.6600037,55022,ETF
2026-03-10 08:15:00,274.6600037,274.6600037,274.4299927,274.5700073,39367,ETF
2026-03-10 08:20:00,274.5799866,274.75,274.5,274.7200012,116257,ETF
2026-03-10 08:25:00,274.730011,274.730011,274.5400085,274.6000061,55636,ETF
2026-03-10 08:30:00,274.6600037,274.6600037,274.3999939,274.4500122,92878,ETF
2026-03-10 08:35:00,274.4500122,275.1799927,274.4500122,274.8699951,247771,ETF
2026-03-10 08:40:00,275.0499878,275.2099915,274.980011,275.1199951,74818,ETF
2026-03-10 08:45:00,275.1000061,275.2000122,274.75,274.75,74065,ETF
2026-03-10 08:50:00,274.7999878,274.7999878,274.5499878,274.6499939,55082,ETF
2026-03-10 08:55:00,274.7200012,274.7799988,274.4400024,274.5700073,96847,ETF
2026-03-10 09:00:00,274.5700073,274.7999878,274.3599854,274.4500122,65622,ETF
2026-03-10 09:05:00,274.4500122,274.7999878,274.3599854,274.6000061,58962,ETF
2026-03-10 09:10:00,274.6099854,274.7000122,274.3099976,274.5599976,65182,ETF
2026-03-10 09:15:00,274.5899963,274.8900146,274.3999939,274.8399963,41750,ETF
2026-03-10 09:20:00,274.8500061,274.9100037,274.6600037,274.8599854,56601,ETF
2026-03-10 09:25:00,274.8800049,274.8800049,274.7099915,274.75,57143,ETF
2026-03-10 09:30:00,274.6099854,274.75,274.4599915,274.7399902,137036,ETF
2026-03-10 09:35:00,274.75,274.9400024,274.7399902,274.9400024,403423,ETF
2026-03-10 09:40:00,274.9400024,275.1000061,274.8500061,274.9500122,209384,ETF
2026-03-10 09:45:00,274.9400024,275.1700134,274.8999939,275.0100098,252090,ETF
2026-03-10 09:50:00,275.0899963,275.3299866,274.8999939,275.3299866,204297,ETF
2026-03-10 09:55:00,275.2799988,275.3999939,274.9500122,274.9500122,154121,ETF
2026-03-11 03:45:00,274.730011,275.2900085,274.3500061,275.25,0,ETF
2026-03-11 03:50:00,275.2799988,275.3699951,274.6499939,274.6499939,348729,ETF
2026-03-11 03:55:00,274.730011,274.8200073,274.4100037,274.6499939,190324,ETF
2026-03-11 04:00:00,274.6199951,274.7200012,274.3299866,274.6499939,206426,ETF
2026-03-11 04:05:00,274.6499939,274.6499939,274.1700134,274.269989,179620,ETF
2026-03-11 04:10:00,274.269989,274.269989,274.0400085,274.2099915,122604,ETF
2026-03-11 04:15:00,274.2000122,274.3800049,274.1000061,274.3800049,148055,ETF
2026-03-11 04:20:00,274.3099976,274.3599854,273.769989,273.7999878,290411,ETF
2026-03-11 04:25:00,273.7600098,273.980011,273.7600098,273.8099976,120749,ETF
2026-03-11 04:30:00,273.8099976,273.8999939,273.6000061,273.8900146,150357,ETF
2026-03-11 04:35:00,273.8800049,273.8800049,273.3999939,273.4299927,126416,ETF
2026-03-11 04:40:00,273.3999939,273.4700012,273.2999878,273.3699951,150144,ETF
2026-03-11 04:45:00,273.3699951,273.5499878,273.3299866,273.480011,114948,ETF
2026-03-11 04:50:00,273.4599915,273.4899902,273.25,273.4700012,110567,ETF
2026-03-11 04:55:00,273.480011,273.519989,273.3200073,273.4200134,90822,ETF
2026-03-11 05:00:00,273.4400024,273.6099854,273.4100037,273.4299927,137619,ETF
2026-03-11 05:05:00,273.4599915,273.4599915,273,273.0100098,178827,ETF
2026-03-11 05:10:00,273.0299988,273.1700134,272.7799988,272.8699951,231072,ETF
2026-03-11 05:15:00,272.8200073,273,272.5400085,273,159325,ETF
2026-03-11 05:20:00,272.9500122,273.0599976,272.8399963,272.9899902,173632,ETF
2026-03-11 05:25:00,272.9899902,273.2099915,272.8800049,273.2099915,113512,ETF
2026-03-11 05:30:00,273.2099915,273.2099915,272.9899902,273.1799927,100463,ETF
2026-03-11 05:35:00,273.1900024,273.2000122,272.8999939,272.9700012,104725,ETF
2026-03-11 05:40:00,272.9500122,272.980011,272.6099854,272.75,206750,ETF
2026-03-11 05:45:00,272.75,272.7799988,272.3299866,272.3800049,263615,ETF
2026-03-11 05:50:00,272.3999939,272.4599915,272.1000061,272.1000061,302083,ETF
2026-03-11 05:55:00,272.1799927,272.3999939,272.1799927,272.3999939,118318,ETF
2026-03-11 06:00:00,272.3999939,272.3999939,272,272.0299988,309359,ETF
2026-03-11 06:05:00,272.0299988,272.2099915,271.8699951,272.1499939,360274,ETF
2026-03-11 06:10:00,272.1499939,272.1700134,272.0100098,272.1000061,111067,ETF
2026-03-11 06:15:00,272.1799927,272.2000122,272,272,183285,ETF
2026-03-11 06:20:00,272,272.0100098,271.7600098,271.980011,164025,ETF
2026-03-11 06:25:00,271.9899902,271.9899902,271.730011,271.8399963,158700,ETF
2026-03-11 06:30:00,271.8399963,272.2900085,271.7999878,272.2799988,102376,ETF
2026-03-11 06:35:00,272.2799988,272.2799988,272,272.0700073,115970,ETF
2026-03-11 06:40:00,272.0700073,272.2399902,272.0499878,272.1700134,61637,ETF
2026-03-11 06:45:00,272.1799927,272.2000122,272.0499878,272.2000122,131520,ETF
2026-03-11 06:50:00,272.2000122,272.2999878,272.1199951,272.2200012,86374,ETF
2026-03-11 06:55:00,272.1600037,272.230011,272.0100098,272.1700134,100437,ETF
2026-03-11 07:00:00,272.1600037,272.1799927,271.8299866,271.8699951,128153,ETF
2026-03-11 07:05:00,271.8699951,271.980011,271.7000122,271.7200012,525128,ETF
2026-03-11 07:10:00,271.7200012,272.0899963,271.7000122,272.0799866,65271,ETF
2026-03-11 07:15:00,272.0799866,272.0799866,271.8200073,271.8500061,70895,ETF
2026-03-11 07:20:00,271.8999939,272.0400085,271.8599854,271.8699951,115766,ETF
2026-03-11 07:25:00,271.8900146,271.9500122,271.730011,271.769989,111665,ETF
2026-03-11 07:30:00,271.769989,271.9500122,271.5,271.6400146,164280,ETF
2026-03-11 07:35:00,271.6400146,271.75,271.5499878,271.7000122,124970,ETF
2026-03-11 07:40:00,271.6799927,271.7000122,271.1000061,271.2799988,329941,ETF
2026-03-11 07:45:00,271.2000122,271.2900085,271.1000061,271.269989,138141,ETF
2026-03-11 07:50:00,271.269989,271.6000061,271.269989,271.6000061,145718,ETF
2026-03-11 07:55:00,271.6000061,271.6799927,271.4599915,271.6799927,153025,ETF
2026-03-11 08:00:00,271.75,272.0499878,271.7099915,271.7799988,167504,ETF
2026-03-11 08:05:00,271.7799988,271.7799988,271.5,271.5799866,164793,ETF
2026-03-11 08:10:00,271.6099854,271.7399902,271.5,271.5700073,135766,ETF
2026-03-11 08:15:00,271.5799866,271.6300049,271.3999939,271.5400085,152313,ETF
2026-03-11 08:20:00,271.4700012,271.6900024,271.2999878,271.6099854,277189,ETF
2026-03-11 08:25:00,271.6099854,271.6900024,271.3999939,271.5700073,108774,ETF
2026-03-11 08:30:00,271.5899963,271.6300049,271.3999939,271.6099854,416185,ETF
2026-03-11 08:35:00,271.6000061,271.6099854,271.2799988,271.4100037,323779,ETF
2026-03-11 08:40:00,271.3699951,271.3999939,271.2999878,271.3999939,95253,ETF
2026-03-11 08:45:00,271.3999939,271.4599915,271.0599976,271.0599976,236981,ETF
2026-03-11 08:50:00,271.0899963,271.0899963,270.9100037,270.9400024,401445,ETF
2026-03-11 08:55:00,270.8699951,271.7200012,270.8299866,271.7200012,261956,ETF
2026-03-11 09:00:00,271.7200012,271.7600098,271.230011,271.2399902,137488,ETF
2026-03-11 09:05:00,271.2200012,271.3399963,271.1099854,271.3399963,104512,ETF
2026-03-11 09:10:00,271.3399963,271.3399963,271.1799927,271.230011,115456,ETF
2026-03-11 09:15:00,271.1799927,271.3099976,271.1499939,271.1700134,236399,ETF
2026-03-11 09:20:00,271.1700134,271.230011,270.9500122,271.1600037,338413,ETF
2026-03-11 09:25:00,271.1400146,271.1400146,270.7200012,270.7200012,230700,ETF
2026-03-11 09:30:00,270.7999878,271.1099854,270.6900024,270.7999878,247277,ETF
2026-03-11 09:35:00,270.8299866,270.9299927,270.5100098,270.7200012,622347,ETF
2026-03-11 09:40:00,270.7399902,270.7900085,270.4899902,270.5,345176,ETF
2026-03-11 09:45:00,270.5,270.6799927,270.4700012,270.6799927,392470,ETF
2026-03-11 09:50:00,270.6600037,270.6600037,270.3999939,270.4500122,392340,ETF
2026-03-11 09:55:00,270.4500122,270.480011,270.2600098,270.4200134,531529,ETF
2026-03-12 03:45:00,268.2999878,268.2999878,267.1000061,267.1600037,0,ETF
2026-03-12 03:50:00,267.1799927,267.480011,267.0799866,267.4700012,656825,ETF
2026-03-12 03:55:00,267.5,267.6600037,267.4100037,267.6000061,351447,ETF
2026-03-12 04:00:00,267.6000061,267.7099915,267.4400024,267.480011,425313,ETF
2026-03-12 04:05:00,267.4500122,267.6099854,267.25,267.25,391847,ETF
2026-03-12 04:10:00,267.2399902,267.5499878,267.1199951,267.5499878,219493,ETF
2026-03-12 04:15:00,267.5499878,267.769989,267.4400024,267.769989,390822,ETF
2026-03-12 04:20:00,267.769989,268.0899963,267.769989,268.0799866,266447,ETF
2026-03-12 04:25:00,268.1499939,268.5,268,268.4500122,221731,ETF
2026-03-12 04:30:00,268.5,268.5,268.2000122,268.4100037,163690,ETF
2026-03-12 04:35:00,268.3900146,268.3900146,267.7999878,267.7999878,598777,ETF
2026-03-12 04:40:00,267.7600098,268.0499878,267.6099854,267.6199951,383495,ETF
2026-03-12 04:45:00,267.6099854,267.6700134,267.3999939,267.6600037,248403,ETF
2026-03-12 04:50:00,267.6700134,267.7000122,267.6199951,267.7000122,212553,ETF
2026-03-12 04:55:00,267.7000122,268.3699951,267.7000122,268.2000122,226001,ETF
2026-03-12 05:00:00,268.2000122,268.3999939,267.9100037,268.3999939,124465,ETF
2026-03-12 05:05:00,268.3999939,268.7999878,268.2600098,268.75,188930,ETF
2026-03-12 05:10:00,268.7600098,268.7900085,268.4899902,268.5499878,148314,ETF
2026-03-12 05:15:00,268.5499878,268.6799927,268.5400085,268.5700073,159443,ETF
2026-03-12 05:20:00,268.5599976,268.7000122,268.3200073,268.5599976,119526,ETF
2026-03-12 05:25:00,268.5599976,269,268.4599915,268.9500122,106517,ETF
2026-03-12 05:30:00,269,269.3999939,269,269.3999939,127841,ETF
2026-03-12 05:35:00,269.3900146,269.4200134,269,269.0599976,130507,ETF
2026-03-12 05:40:00,269.0599976,269.3200073,269,269.0899963,76369,ETF
2026-03-12 05:45:00,269.1099854,269.2399902,268.4299927,268.6700134,186994,ETF
2026-03-12 05:50:00,268.6400146,268.6400146,268.2000122,268.5499878,189607,ETF
2026-03-12 05:55:00,268.6199951,268.7900085,268.4700012,268.6799927,104078,ETF
2026-03-12 06:00:00,268.7000122,268.7000122,268.3999939,268.6099854,84749,ETF
2026-03-12 06:05:00,268.6099854,268.6400146,268.5,268.6300049,380446,ETF
2026-03-12 06:10:00,268.6400146,268.8399963,268.5599976,268.7600098,68506,ETF
2026-03-12 06:15:00,268.7799988,268.8399963,268.519989,268.5899963,67409,ETF
2026-03-12 06:20:00,268.6000061,268.8500061,268.5,268.8200073,60349,ETF
2026-03-12 06:25:00,268.7999878,269.1000061,268.7399902,269.1000061,65856,ETF
2026-03-12 06:30:00,269.1000061,269.1400146,268.9700012,269.1199951,69466,ETF
2026-03-12 06:35:00,269.1300049,269.1900024,268.7999878,268.8999939,72899,ETF
2026-03-12 06:40:00,268.8999939,269.1499939,268.7900085,269.1499939,64885,ETF
2026-03-12 06:45:00,269.1700134,269.1700134,268.8299866,268.9299927,105211,ETF
2026-03-12 06:50:00,268.9299927,269.2000122,268.8999939,269.0299988,68210,ETF
2026-03-12 06:55:00,269.1700134,269.2000122,269.0100098,269.1400146,63931,ETF
2026-03-12 07:00:00,269.1300049,269.1700134,268.7999878,268.9100037,85282,ETF
2026-03-12 07:05:00,268.8999939,268.980011,268.6499939,268.769989,64629,ETF
2026-03-12 07:10:00,268.769989,268.8800049,268.7000122,268.7999878,84188,ETF
2026-03-12 07:15:00,268.8200073,268.980011,268.7799988,268.8999939,62972,ETF
2026-03-12 07:20:00,268.8999939,268.9500122,268.6600037,268.7200012,90996,ETF
2026-03-12 07:25:00,268.730011,268.9100037,268.6600037,268.8399963,44544,ETF
2026-03-12 07:30:00,268.8399963,268.8399963,268.5,268.5499878,82878,ETF
2026-03-12 07:35:00,268.6700134,268.6799927,268.1099854,268.4599915,170724,ETF
2026-03-12 07:40:00,268.4500122,268.8900146,268.3800049,268.8399963,92524,ETF
2026-03-12 07:45:00,268.8299866,268.8299866,268.6000061,268.6799927,52994,ETF
2026-03-12 07:50:00,268.6700134,269.1199951,268.5499878,269.1199951,92153,ETF
2026-03-12 07:55:00,269.1199951,269.2000122,269,269.2000122,49697,ETF
2026-03-12 08:00:00,269.2000122,269.8800049,269.2000122,269.7999878,143847,ETF
2026-03-12 08:05:00,269.7799988,269.8999939,269.5899963,269.8699951,140768,ETF
2026-03-12 08:10:00,269.8699951,270,269.5,269.6000061,171954,ETF
2026-03-12 08:15:00,269.5299988,269.7099915,269.519989,269.5599976,62093,ETF
2026-03-12 08:20:00,269.5700073,269.6499939,269.2600098,269.3999939,55204,ETF
2026-03-12 08:25:00,269.3999939,269.3999939,269.019989,269.019989,56242,ETF
2026-03-12 08:30:00,269.0400085,269.2999878,269.0400085,269.1400146,45716,ETF
2026-03-12 08:35:00,269.1700134,269.3999939,268.7999878,268.8800049,79616,ETF
2026-03-12 08:40:00,268.8800049,269.1300049,268.6000061,269,71234,ETF
2026-03-12 08:45:00,269.0799866,269.2900085,268.8999939,269.2000122,42393,ETF
2026-03-12 08:50:00,269.0899963,269.25,268.980011,269.0100098,114113,ETF
2026-03-12 08:55:00,269.019989,269.1099854,268.769989,268.769989,80277,ETF
2026-03-12 09:00:00,268.769989,269.0499878,268.769989,269.0499878,55222,ETF
2026-03-12 09:05:00,269.0499878,269.1199951,268.769989,268.9100037,76108,ETF
2026-03-12 09:10:00,268.9100037,268.9100037,268.25,268.2999878,169621,ETF
2026-03-12 09:15:00,268.3200073,268.4200134,268.0599976,268.3299866,181041,ETF
2026-03-12 09:20:00,268.3299866,268.3299866,267.6000061,267.8599854,386935,ETF
2026-03-12 09:25:00,267.8500061,268.0100098,267.7099915,267.9700012,117572,ETF
2026-03-12 09:30:00,267.9500122,268.1300049,267.6199951,268.1300049,206008,ETF
2026-03-12 09:35:00,268.1300049,268.25,267.9299927,268.1499939,174420,ETF
2026-03-12 09:40:00,268.1400146,268.4100037,267.8099976,267.8599854,210245,ETF
2026-03-12 09:45:00,267.8999939,268.0899963,267.8099976,268.0899963,172799,ETF
2026-03-12 09:50:00,268.1000061,268.1000061,267.9100037,267.9500122,245339,ETF
2026-03-12 09:55:00,267.980011,268.1000061,267.8999939,267.9400024,397956,ETF
2026-03-13 03:45:00,266.1300049,266.3800049,265.8999939,265.9200134,0,ETF
2026-03-13 03:50:00,265.8999939,265.9700012,265.5499878,265.7200012,397497,ETF
2026-03-13 03:55:00,265.7399902,266.230011,265.6300049,266.1799927,365296,ETF
2026-03-13 04:00:00,266.2099915,266.4100037,266,266.019989,367551,ETF
2026-03-13 04:05:00,266.019989,266.2200012,265.7999878,265.8399963,262852,ETF
2026-03-13 04:10:00,265.8900146,265.9500122,265.730011,265.730011,275504,ETF
2026-03-13 04:15:00,265.7099915,265.7099915,265.3099976,265.3800049,659543,ETF
2026-03-13 04:20:00,265.3900146,265.3900146,265.019989,265.0400085,491129,ETF
2026-03-13 04:25:00,265.0400085,265.1000061,264.7600098,264.8500061,1030328,ETF
2026-03-13 04:30:00,264.8399963,265.0599976,264.6099854,264.9899902,329294,ETF
2026-03-13 04:35:00,264.980011,264.980011,264.6099854,264.7200012,318002,ETF
2026-03-13 04:40:00,264.6099854,264.769989,264.5100098,264.6000061,435747,ETF
2026-03-13 04:45:00,264.6000061,264.7399902,264.5299988,264.5299988,258151,ETF
2026-03-13 04:50:00,264.5400085,264.7000122,264.25,264.4299927,313286,ETF
2026-03-13 04:55:00,264.4400024,264.8500061,264.4400024,264.8500061,254683,ETF
2026-03-13 05:00:00,264.8999939,264.9599915,264.6000061,264.6000061,269289,ETF
2026-03-13 05:05:00,264.6000061,264.6900024,264.5,264.6799927,183163,ETF
2026-03-13 05:10:00,264.7000122,264.7600098,264.4500122,264.5100098,242364,ETF
2026-03-13 05:15:00,264.5499878,264.6700134,264.4100037,264.6000061,191265,ETF
2026-03-13 05:20:00,264.6300049,265.0499878,264.5599976,264.9500122,217928,ETF
2026-03-13 05:25:00,264.9599915,264.980011,264.75,264.980011,148189,ETF
2026-03-13 05:30:00,264.980011,265,264.8399963,264.9100037,141514,ETF
2026-03-13 05:35:00,264.9100037,264.9200134,264.6300049,264.6499939,128689,ETF
2026-03-13 05:40:00,264.6499939,264.7000122,264.480011,264.5299988,362245,ETF
2026-03-13 05:45:00,264.5299988,264.5799866,264.3299866,264.5499878,160210,ETF
2026-03-13 05:50:00,264.5,264.7099915,264.3999939,264.6700134,169093,ETF
2026-03-13 05:55:00,264.6700134,265.1400146,264.6400146,265.1300049,153496,ETF
2026-03-13 06:00:00,265.1300049,265.3800049,264.9400024,265.25,147020,ETF
2026-03-13 06:05:00,265.25,265.480011,265.0400085,265.4400024,142905,ETF
2026-03-13 06:10:00,265.4400024,265.4400024,265.3299866,265.3800049,78903,ETF
2026-03-13 06:15:00,265.3800049,265.3999939,265.2900085,265.3500061,117449,ETF
2026-03-13 06:20:00,265.3599854,265.3999939,265.2200012,265.269989,163779,ETF
2026-03-13 06:25:00,265.2600098,265.2600098,265,265,189172,ETF
2026-03-13 06:30:00,265,265,264.6600037,264.7600098,124399,ETF
2026-03-13 06:35:00,264.769989,264.769989,264.1900024,264.4700012,791115,ETF
2026-03-13 06:40:00,264.4899902,264.6499939,264.3500061,264.6000061,90597,ETF
2026-03-13 06:45:00,264.6000061,264.6600037,264.4599915,264.4599915,119850,ETF
2026-03-13 06:50:00,264.480011,264.480011,263.9100037,263.9400024,527204,ETF
2026-03-13 06:55:00,263.9200134,264.1400146,263.8699951,264.0400085,183605,ETF
2026-03-13 07:00:00,264.019989,264.019989,263.4700012,263.6000061,347134,ETF
2026-03-13 07:05:00,263.6000061,263.6000061,263.2999878,263.3699951,367359,ETF
2026-03-13 07:10:00,263.3800049,263.3999939,263.1199951,263.3399963,216521,ETF
2026-03-13 07:15:00,263.3399963,263.6700134,263.2999878,263.6400146,245717,ETF
2026-03-13 07:20:00,263.6099854,263.75,263.3599854,263.5,278454,ETF
2026-03-13 07:25:00,263.5299988,263.6499939,263.3299866,263.5299988,164506,ETF
2026-03-13 07:30:00,263.5100098,263.6099854,263.3999939,263.4100037,167574,ETF
2026-03-13 07:35:00,263.4200134,263.4299927,263.1099854,263.1900024,280836,ETF
2026-03-13 07:40:00,263.1600037,263.2999878,262.9500122,262.9500122,881225,ETF
2026-03-13 07:45:00,262.9500122,263.0899963,262.8500061,262.8900146,315293,ETF
2026-03-13 07:50:00,262.8900146,263.019989,262.5,262.5100098,503611,ETF
2026-03-13 07:55:00,262.5100098,263.0799866,262.5,263.0799866,234728,ETF
2026-03-13 08:00:00,263.0799866,263.2000122,262.8399963,262.8500061,251355,ETF
2026-03-13 08:05:00,262.8399963,262.8699951,262.5700073,262.5700073,252473,ETF
2026-03-13 08:10:00,262.5799866,262.7799988,262.4500122,262.730011,328531,ETF
2026-03-13 08:15:00,262.7200012,262.7999878,262.5499878,262.7999878,382540,ETF
2026-03-13 08:20:00,262.7900085,262.7900085,262.2999878,262.5599976,349101,ETF
2026-03-13 08:25:00,262.5299988,262.6199951,262.25,262.3099976,273313,ETF
2026-03-13 08:30:00,262.3099976,262.7399902,262.3099976,262.6099854,238267,ETF
2026-03-13 08:35:00,262.5899963,262.9400024,262.5499878,262.8699951,316264,ETF
2026-03-13 08:40:00,262.8800049,263.1799927,262.7999878,263.1799927,500375,ETF
2026-03-13 08:45:00,263.1799927,263.3500061,263,263.3500061,383203,ETF
2026-03-13 08:50:00,263.3500061,263.5,263.1199951,263.3200073,270161,ETF
2026-03-13 08:55:00,263.3099976,263.4400024,263.1400146,263.3099976,211224,ETF
2026-03-13 09:00:00,263.2600098,263.8299866,263.2600098,263.6300049,275244,ETF
2026-03-13 09:05:00,263.6099854,263.7000122,263.3299866,263.3299866,423298,ETF
2026-03-13 09:10:00,263.3399963,263.4899902,263.2999878,263.4899902,294672,ETF
2026-03-13 09:15:00,263.5299988,263.5400085,262.9899902,263.1400146,375866,ETF
2026-03-13 09:20:00,263.1400146,263.2999878,262.7999878,262.8500061,379922,ETF
2026-03-13 09:25:00,262.75,262.9899902,262.6099854,262.9500122,475814,ETF
2026-03-13 09:30:00,262.9500122,263.0899963,262.5299988,262.5299988,391118,ETF
2026-03-13 09:35:00,262.5299988,262.6099854,262.3999939,262.4200134,513636,ETF
2026-03-13 09:40:00,262.4200134,262.8399963,262.4200134,262.7799988,387673,ETF
2026-03-13 09:45:00,262.7799988,262.7799988,262.5,262.6799927,765379,ETF
2026-03-13 09:50:00,262.6600037,262.75,262.5100098,262.5499878,673742,ETF
2026-03-13 09:55:00,262.6300049,264,262.5799866,264,596050,ETF
2026-03-16 03:45:00,263.2000122,263.2000122,262.0499878,262.7000122,0,ETF
2026-03-16 03:50:00,262.7099915,262.7900085,262.2999878,262.2999878,386841,ETF
2026-03-16 03:55:00,262.3599854,262.5599976,262.019989,262.4500122,284680,ETF
2026-03-16 04:00:00,262.5499878,263.2600098,262.5499878,263.25,433779,ETF
2026-03-16 04:05:00,263.2600098,263.730011,263.2200012,263.4200134,351419,ETF
2026-03-16 04:10:00,263.3999939,263.8500061,263.3999939,263.5299988,238315,ETF
2026-03-16 04:15:00,263.4299927,263.8200073,263.3699951,263.4700012,218673,ETF
2026-03-16 04:20:00,263.4599915,263.6400146,263.1600037,263.2200012,206936,ETF
2026-03-16 04:25:00,263.1799927,263.2200012,262.5499878,262.5700073,246090,ETF
2026-03-16 04:30:00,262.6000061,262.9299927,262.5899963,262.9299927,207879,ETF
2026-03-16 04:35:00,263,263.0899963,262.7799988,262.7799988,196618,ETF
2026-03-16 04:40:00,262.7900085,262.8099976,262.3399963,262.3599854,141592,ETF
2026-03-16 04:45:00,262.3399963,262.3999939,261.8200073,261.8800049,325459,ETF
2026-03-16 04:50:00,261.8599854,261.8599854,261.3099976,261.3200073,269426,ETF
2026-03-16 04:55:00,261.3699951,261.4599915,261,261,197348,ETF
2026-03-16 05:00:00,261.019989,261.4899902,261.019989,261.2099915,277830,ETF
2026-03-16 05:05:00,261.1499939,261.5299988,261.1499939,261.2999878,300971,ETF
2026-03-16 05:10:00,261.3500061,261.4700012,261.2200012,261.2799988,96837,ETF
2026-03-16 05:15:00,261.2799988,261.4200134,261.0299988,261.0400085,207447,ETF
2026-03-16 05:20:00,261.1300049,261.1400146,260.5,260.5,332331,ETF
2026-03-16 05:25:00,260.5599976,261.0799866,260.1799927,261.0499878,383536,ETF
2026-03-16 05:30:00,261.0499878,261.2399902,260.8200073,261.230011,203722,ETF
2026-03-16 05:35:00,261.2200012,261.4899902,261.0299988,261.480011,161742,ETF
2026-03-16 05:40:00,261.480011,261.7799988,261.3999939,261.7600098,197384,ETF
2026-03-16 05:45:00,261.769989,262.6900024,261.6600037,262.6900024,185531,ETF
2026-03-16 05:50:00,262.6900024,262.8800049,262.5,262.8099976,199381,ETF
2026-03-16 05:55:00,262.75,262.7799988,262.3999939,262.6499939,193314,ETF
2026-03-16 06:00:00,262.6700134,263.1000061,262.5700073,262.9200134,137752,ETF
2026-03-16 06:05:00,262.9200134,263,262.5400085,262.5499878,88179,ETF
2026-03-16 06:10:00,262.5,262.7000122,262.2799988,262.3999939,155466,ETF
2026-03-16 06:15:00,262.3999939,262.5599976,262.3500061,262.480011,103132,ETF
2026-03-16 06:20:00,262.5100098,262.6199951,262.2999878,262.4500122,115904,ETF
2026-03-16 06:25:00,262.4200134,262.6199951,262.2099915,262.3299866,250167,ETF
2026-03-16 06:30:00,262.3800049,262.8200073,262.3800049,262.4500122,144416,ETF
2026-03-16 06:35:00,262.4700012,262.5499878,262.3999939,262.5100098,76611,ETF
2026-03-16 06:40:00,262.5100098,262.75,262.3900146,262.5400085,129165,ETF
2026-03-16 06:45:00,262.5400085,262.5799866,262.4599915,262.5700073,50966,ETF
2026-03-16 06:50:00,262.5700073,262.7000122,262.4700012,262.7000122,61588,ETF
2026-03-16 06:55:00,262.75,262.9100037,262.5499878,262.730011,116131,ETF
2026-03-16 07:00:00,262.730011,262.75,262.2600098,262.2900085,108454,ETF
2026-03-16 07:05:00,262.2900085,262.4899902,262,262.4899902,187628,ETF
2026-03-16 07:10:00,262.4899902,262.6499939,262.3999939,262.4299927,147873,ETF
2026-03-16 07:15:00,262.4400024,262.4400024,261.7900085,261.9100037,511020,ETF
2026-03-16 07:20:00,261.9100037,262,261.6799927,262,149784,ETF
2026-03-16 07:25:00,261.9599915,262.0499878,261.7900085,261.8999939,299415,ETF
2026-03-16 07:30:00,261.8999939,262.3999939,261.8999939,262.2000122,162102,ETF
2026-03-16 07:35:00,261.9299927,262.0700073,261.5100098,262.0100098,198332,ETF
2026-03-16 07:40:00,262.019989,262.3200073,261.8200073,262.0100098,78366,ETF
2026-03-16 07:45:00,262,262.3900146,262,262.3500061,68548,ETF
2026-03-16 07:50:00,262.3500061,262.4599915,262.25,262.2600098,54235,ETF
2026-03-16 07:55:00,262.2600098,262.4899902,262.0299988,262.0899963,154225,ETF
2026-03-16 08:00:00,262.1000061,262.3200073,261.8200073,261.8999939,73536,ETF
2026-03-16 08:05:00,261.8999939,262.1700134,261.8999939,262.0499878,70506,ETF
2026-03-16 08:10:00,262.0499878,262.3599854,261.9500122,261.9500122,111644,ETF
2026-03-16 08:15:00,261.9299927,262.0100098,261.75,261.9500122,70141,ETF
2026-03-16 08:20:00,261.8599854,262.2799988,261.5499878,262.1900024,291234,ETF
2026-03-16 08:25:00,262.1499939,262.1600037,262,262.1000061,50566,ETF
2026-03-16 08:30:00,262.1499939,262.2099915,262,262.1099854,56786,ETF
2026-03-16 08:35:00,262.1000061,262.1799927,261.9299927,262.0799866,132819,ETF
2026-03-16 08:40:00,262.1000061,262.7000122,262.0599976,262.4100037,158790,ETF
2026-03-16 08:45:00,262.4100037,263.0599976,262.1099854,263.0599976,137910,ETF
2026-03-16 08:50:00,263.1499939,264.3699951,263.1499939,264.2999878,302088,ETF
2026-03-16 08:55:00,264.3099976,264.6799927,263.9400024,264.5,264005,ETF
2026-03-16 09:00:00,264.5,264.7799988,264.4400024,264.6099854,136176,ETF
2026-03-16 09:05:00,264.7200012,265,264.5799866,264.9299927,224812,ETF
2026-03-16 09:10:00,264.9500122,265.3999939,264.8200073,265.2999878,342632,ETF
2026-03-16 09:15:00,265.2999878,265.5,265,265.4200134,253067,ETF
2026-03-16 09:20:00,265.5,266,265.3500061,265.6900024,339470,ETF
2026-03-16 09:25:00,265.6099854,265.9500122,265.5,265.7799988,230115,ETF
2026-03-16 09:30:00,265.75,265.75,265,265.1900024,354243,ETF
2026-03-16 09:35:00,265.2000122,265.5899963,265.1300049,265.4500122,285916,ETF
2026-03-16 09:40:00,265.4400024,265.5799866,265.230011,265.5700073,151604,ETF
2026-03-16 09:45:00,265.5499878,265.5499878,264.8299866,264.9599915,209195,ETF
2026-03-16 09:50:00,264.8900146,265.0400085,264.730011,264.730011,258762,ETF
2026-03-16 09:55:00,264.7099915,264.9899902,264.5,264.9899902,155962,ETF
2026-03-17 03:45:00,265.5899963,265.5899963,264.730011,265.2000122,0,ETF
2026-03-17 03:50:00,265.0700073,265.4100037,264.8900146,264.8900146,274572,ETF
2026-03-17 03:55:00,264.8299866,265.0299988,264.6300049,264.9100037,137383,ETF
2026-03-17 04:00:00,264.9599915,265.1700134,264.75,265.0700073,147150,ETF
2026-03-17 04:05:00,265.0700073,265.6499939,265.0100098,265.6000061,198828,ETF
2026-03-17 04:10:00,265.6499939,265.9200134,265.4299927,265.7999878,160154,ETF
2026-03-17 04:15:00,265.7999878,266,265.5799866,266,142880,ETF
2026-03-17 04:20:00,266,266.1000061,265.7900085,266.0899963,188004,ETF
2026-03-17 04:25:00,266.1000061,266.2900085,265.8299866,266.2900085,184931,ETF
2026-03-17 04:30:00,266.2900085,266.5499878,266.25,266.480011,152765,ETF
2026-03-17 04:35:00,266.4500122,266.6499939,266.4200134,266.5599976,217045,ETF
2026-03-17 04:40:00,266.5599976,266.6600037,266.4100037,266.5,220362,ETF
2026-03-17 04:45:00,266.5100098,266.8699951,266.5100098,266.8699951,103354,ETF
2026-03-17 04:50:00,266.8699951,267,266.7600098,266.980011,203908,ETF
2026-03-17 04:55:00,266.9100037,267,266.2999878,266.3800049,216320,ETF
2026-03-17 05:00:00,266.3800049,266.4299927,266,266.0100098,164896,ETF
2026-03-17 05:05:00,265.9599915,266.0700073,265.6000061,266,145331,ETF
2026-03-17 05:10:00,266,266.1600037,265.8399963,266.1600037,302841,ETF
2026-03-17 05:15:00,266.1000061,266.4899902,266.019989,266.4299927,120142,ETF
2026-03-17 05:20:00,266.5,266.6900024,266.4500122,266.5700073,202516,ETF
2026-03-17 05:25:00,266.6000061,266.6000061,266.4100037,266.5899963,65786,ETF
2026-03-17 05:30:00,266.6000061,266.6000061,266.3800049,266.5100098,80442,ETF
2026-03-17 05:35:00,266.5400085,266.5499878,266.1900024,266.2000122,94292,ETF
2026-03-17 05:40:00,266.1099854,266.3800049,265.8999939,266,175437,ETF
2026-03-17 05:45:00,266.0100098,266.0100098,265.6000061,265.6700134,106204,ETF
2026-03-17 05:50:00,265.6700134,265.75,265.3099976,265.3699951,118439,ETF
2026-03-17 05:55:00,265.3699951,265.3900146,264.8999939,264.9899902,348144,ETF
2026-03-17 06:00:00,264.9899902,265,264.7999878,264.7999878,63809,ETF
2026-03-17 06:05:00,264.8299866,265,264.7000122,265,116895,ETF
2026-03-17 06:10:00,265,265.2999878,264.9899902,265.019989,139061,ETF
2026-03-17 06:15:00,265.0899963,265.3399963,265,265.1400146,60671,ETF
2026-03-17 06:20:00,265.1300049,265.5,265.0100098,265.2999878,51201,ETF
2026-03-17 06:25:00,265.2999878,265.3999939,264.8299866,265.3800049,129015,ETF
2026-03-17 06:30:00,265.3800049,265.3800049,265.1400146,265.3200073,83919,ETF
2026-03-17 06:35:00,265.3500061,265.5,265.3099976,265.5,115538,ETF
2026-03-17 06:40:00,265.5,265.7000122,265.4500122,265.6000061,101599,ETF
2026-03-17 06:45:00,265.6000061,265.6400146,265.0100098,265.0400085,55321,ETF
2026-03-17 06:50:00,265.0400085,265.3399963,265.0100098,265.0899963,49454,ETF
2026-03-17 06:55:00,265.0100098,265.25,265,265.2399902,69424,ETF
2026-03-17 07:00:00,265.25,265.2900085,264.980011,265.2900085,83592,ETF
2026-03-17 07:05:00,265.2900085,265.5400085,265.230011,265.4599915,46568,ETF
2026-03-17 07:10:00,265.4599915,265.75,265.2900085,265.75,87891,ETF
2026-03-17 07:15:00,265.75,266.1000061,265.6300049,266.1000061,82073,ETF
2026-03-17 07:20:00,266.1000061,266.2000122,265.8599854,265.9500122,119032,ETF
2026-03-17 07:25:00,265.9500122,266.1199951,265.8599854,266.0899963,65528,ETF
2026-03-17 07:30:00,266.0899963,266.4500122,266,266.4299927,96992,ETF
2026-03-17 07:35:00,266.3900146,266.480011,266.0799866,266.3999939,71870,ETF
2026-03-17 07:40:00,266.4100037,266.5899963,266.3900146,266.5899963,67865,ETF
2026-03-17 07:45:00,266.5899963,266.8800049,266.5899963,266.8299866,89843,ETF
2026-03-17 07:50:00,266.769989,266.9700012,266.6499939,266.75,69352,ETF
2026-03-17 07:55:00,266.769989,266.7799988,266.5,266.6900024,79139,ETF
2026-03-17 08:00:00,266.6900024,267.230011,266.6499939,266.8099976,189320,ETF
2026-03-17 08:05:00,266.8999939,266.9400024,266.5,266.5,62441,ETF
2026-03-17 08:10:00,266.480011,266.7799988,266.3099976,266.6499939,111782,ETF
2026-03-17 08:15:00,266.6600037,266.9500122,266.6099854,266.7900085,57803,ETF
2026-03-17 08:20:00,266.8399963,266.9500122,266.75,266.8699951,61504,ETF
2026-03-17 08:25:00,266.8699951,266.8800049,266.7000122,266.75,53465,ETF
2026-03-17 08:30:00,266.75,266.9299927,266.6600037,266.9299927,86166,ETF
2026-03-17 08:35:00,266.9299927,267,266.6400146,267,58223,ETF
2026-03-17 08:40:00,267,267.25,266.9899902,267.2000122,124924,ETF
2026-03-17 08:45:00,267.2399902,267.25,266.8900146,266.8999939,134944,ETF
2026-03-17 08:50:00,266.9500122,267,266.6499939,266.8099976,61082,ETF
2026-03-17 08:55:00,266.8599854,266.9500122,266.6400146,266.9400024,52358,ETF
2026-03-17 09:00:00,266.9400024,267.2000122,266.9400024,267.1900024,69712,ETF
2026-03-17 09:05:00,267.0599976,267.3900146,267.0299988,267.2999878,114064,ETF
2026-03-17 09:10:00,267.3399963,267.5,267.1000061,267.25,142348,ETF
2026-03-17 09:15:00,267.25,267.4200134,267.1199951,267.25,84151,ETF
2026-03-17 09:20:00,267.3900146,267.5,267.230011,267.5,106468,ETF
2026-03-17 09:25:00,267.5499878,267.7200012,267.4700012,267.7200012,159348,ETF
2026-03-17 09:30:00,267.6700134,267.6700134,267.1199951,267.2000122,168093,ETF
2026-03-17 09:35:00,267.269989,267.5700073,267.1300049,267.3999939,75790,ETF
2026-03-17 09:40:00,267.3999939,267.5799866,267.0599976,267.5799866,207608,ETF
2026-03-17 09:45:00,267.5100098,267.5599976,266.8999939,267.1099854,197902,ETF
2026-03-17 09:50:00,267.1099854,267.25,266.8200073,266.980011,156676,ETF
2026-03-17 09:55:00,266.9500122,267.25,266.7900085,267.2000122,227577,ETF
2026-03-18 03:45:00,267.4599915,268.2999878,267.4599915,268.2999878,0,ETF
2026-03-18 03:50:00,268.1400146,268.5700073,268.1199951,268.1499939,308830,ETF
2026-03-18 03:55:00,268.1499939,268.480011,268.019989,268.480011,213952,ETF
2026-03-18 04:00:00,268.4899902,268.75,268.4899902,268.5400085,175220,ETF
2026-03-18 04:05:00,268.6600037,268.6600037,268.2799988,268.4599915,195837,ETF
2026-03-18 04:10:00,268.4500122,268.7000122,268.3999939,268.6400146,99644,ETF
2026-03-18 04:15:00,268.6600037,268.7900085,268.4500122,268.7900085,105609,ETF
2026-03-18 04:20:00,268.7799988,268.7999878,268.519989,268.6199951,643023,ETF
2026-03-18 04:25:00,268.6300049,268.6300049,268.0299988,268.2000122,226390,ETF
2026-03-18 04:30:00,268.3200073,268.3599854,267.8099976,267.9200134,172190,ETF
2026-03-18 04:35:00,267.9299927,267.980011,267.6799927,267.8500061,112550,ETF
2026-03-18 04:40:00,267.8500061,268,267.6600037,268,62305,ETF
2026-03-18 04:45:00,268,268.5100098,267.9400024,268.5100098,148638,ETF
2026-03-18 04:50:00,268.5400085,268.75,268.3800049,268.75,76349,ETF
2026-03-18 04:55:00,268.75,268.7799988,268.5499878,268.7099915,97022,ETF
2026-03-18 05:00:00,268.7099915,268.8999939,268.5599976,268.8699951,129006,ETF
2026-03-18 05:05:00,268.8699951,268.9400024,268.7200012,268.7999878,92284,ETF
2026-03-18 05:10:00,268.8800049,268.9500122,268.6000061,268.7099915,76470,ETF
2026-03-18 05:15:00,268.7099915,268.9500122,268.5599976,268.9500122,70491,ETF
2026-03-18 05:20:00,268.9500122,269,268.8599854,269,83154,ETF
2026-03-18 05:25:00,269,269.1499939,268.980011,269.1300049,125926,ETF
2026-03-18 05:30:00,269.1400146,269.2000122,269,269.2000122,121469,ETF
2026-03-18 05:35:00,269.2000122,269.2399902,269.0700073,269.1900024,62310,ETF
2026-03-18 05:40:00,269.1799927,269.3500061,269.0799866,269.3299866,104143,ETF
2026-03-18 05:45:00,269.3299866,269.3299866,269.0599976,269.2399902,62933,ETF
2026-03-18 05:50:00,269.2200012,269.3900146,269.2200012,269.3900146,69501,ETF
2026-03-18 05:55:00,269.3999939,269.4899902,269.3500061,269.480011,83172,ETF
2026-03-18 06:00:00,269.4899902,269.4899902,269.3399963,269.4700012,64062,ETF
2026-03-18 06:05:00,269.4599915,269.6000061,269.3099976,269.5799866,113190,ETF
2026-03-18 06:10:00,269.6000061,269.7000122,269.5299988,269.6499939,95732,ETF
2026-03-18 06:15:00,269.6700134,269.6900024,269.4500122,269.5,92754,ETF
2026-03-18 06:20:00,269.5499878,269.6000061,269.4400024,269.5899963,62829,ETF
2026-03-18 06:25:00,269.5899963,269.6099854,269.4700012,269.5899963,116953,ETF
2026-03-18 06:30:00,269.5899963,269.6000061,269.2099915,269.3900146,164035,ETF
2026-03-18 06:35:00,269.3900146,269.3900146,269.2099915,269.2799988,56851,ETF
2026-03-18 06:40:00,269.2799988,269.2799988,269.2000122,269.269989,62418,ETF
2026-03-18 06:45:00,269.1799927,269.3399963,269.1799927,269.3399963,28891,ETF
2026-03-18 06:50:00,269.3399963,269.3800049,269.1799927,269.2399902,63795,ETF
2026-03-18 06:55:00,269.2399902,269.2600098,269.1000061,269.1300049,118404,ETF
2026-03-18 07:00:00,269.230011,269.4299927,269.1900024,269.4299927,71137,ETF
2026-03-18 07:05:00,269.4299927,269.4599915,269.2000122,269.2000122,55220,ETF
2026-03-18 07:10:00,269.2799988,269.3399963,269.1300049,269.3299866,32363,ETF
2026-03-18 07:15:00,269.3399963,269.4100037,269.2000122,269.4100037,71211,ETF
2026-03-18 07:20:00,269.4299927,269.5,269.2200012,269.2200012,77471,ETF
2026-03-18 07:25:00,269.3299866,269.3599854,269.2000122,269.3599854,37273,ETF
2026-03-18 07:30:00,269.3599854,269.5,269.3599854,269.5,63266,ETF
2026-03-18 07:35:00,269.5,269.5,269.1499939,269.2999878,72249,ETF
2026-03-18 07:40:00,269.2999878,269.5,269.2000122,269.5,39318,ETF
2026-03-18 07:45:00,269.5,269.6000061,269.3999939,269.5700073,60482,ETF
2026-03-18 07:50:00,269.5400085,269.8999939,269.5100098,269.8999939,110069,ETF
2026-03-18 07:55:00,269.8999939,270,269.7200012,269.769989,231377,ETF
2026-03-18 08:00:00,269.769989,269.8999939,269.7200012,269.8399963,70610,ETF
2026-03-18 08:05:00,269.7900085,269.9500122,269.75,269.9500122,45408,ETF
2026-03-18 08:10:00,269.980011,270.0299988,269.7999878,269.8999939,66677,ETF
2026-03-18 08:15:00,269.8999939,269.8999939,269.7000122,269.7999878,76492,ETF
2026-03-18 08:20:00,269.7999878,269.9500122,269.7000122,269.9400024,83965,ETF
2026-03-18 08:25:00,269.9500122,269.9500122,269.7900085,269.7900085,73977,ETF
2026-03-18 08:30:00,269.7999878,269.8999939,269.7000122,269.75,63952,ETF
2026-03-18 08:35:00,269.7600098,269.7999878,269.5899963,269.6900024,108905,ETF
2026-03-18 08:40:00,269.6900024,269.7000122,269.5100098,269.5599976,77057,ETF
2026-03-18 08:45:00,269.6300049,269.7999878,269.5499878,269.7999878,68355,ETF
2026-03-18 08:50:00,269.730011,269.9500122,269.730011,269.8999939,80408,ETF
2026-03-18 08:55:00,269.8999939,269.980011,269.730011,269.75,126300,ETF
2026-03-18 09:00:00,269.6799927,269.8399963,269.4899902,269.4899902,147843,ETF
2026-03-18 09:05:00,269.4899902,269.5700073,269.3299866,269.519989,70206,ETF
2026-03-18 09:10:00,269.519989,269.6199951,269.2900085,269.2900085,85114,ETF
2026-03-18 09:15:00,269.2999878,269.4700012,269.25,269.4599915,103459,ETF
2026-03-18 09:20:00,269.4700012,269.5400085,269.2999878,269.5100098,181798,ETF
2026-03-18 09:25:00,269.2999878,269.5400085,269.2999878,269.5299988,66613,ETF
2026-03-18 09:30:00,269.5799866,269.7799988,269.3099976,269.7799988,162208,ETF
2026-03-18 09:35:00,269.7000122,269.8200073,269.6000061,269.7000122,225954,ETF
2026-03-18 09:40:00,269.7000122,269.7099915,269.5400085,269.6300049,433840,ETF
2026-03-18 09:45:00,269.6199951,269.6499939,269.3900146,269.3900146,419108,ETF
2026-03-18 09:50:00,269.3999939,269.3999939,268.8200073,269.0400085,312294,ETF
2026-03-18 09:55:00,269.0400085,269.3900146,268.9599915,269.1000061,333286,ETF
2026-03-19 03:45:00,264.9500122,264.9500122,263.8999939,264.1799927,0,ETF
2026-03-19 03:50:00,264.2099915,264.6000061,264.0599976,264.5499878,748737,ETF
2026-03-19 03:55:00,264.5499878,264.8299866,264.3500061,264.480011,561540,ETF
2026-03-19 04:00:00,264.4700012,264.5299988,264.0700073,264.230011,530439,ETF
2026-03-19 04:05:00,264.2200012,264.2900085,263.5499878,263.730011,969200,ETF
2026-03-19 04:10:00,263.75,263.980011,263.5100098,263.8399963,500847,ETF
2026-03-19 04:15:00,263.8399963,263.8699951,263.269989,263.4899902,644587,ETF
2026-03-19 04:20:00,263.3099976,263.8200073,263.2999878,263.5899963,1780029,ETF
2026-03-19 04:25:00,263.5899963,263.8099976,263.5,263.6000061,285253,ETF
2026-03-19 04:30:00,263.6000061,263.8999939,263.5,263.8999939,208526,ETF
2026-03-19 04:35:00,263.8699951,263.8800049,263.7000122,263.8299866,240856,ETF
2026-03-19 04:40:00,263.8399963,263.8399963,263.5700073,263.5799866,198390,ETF
2026-03-19 04:45:00,263.4899902,263.4899902,263.2099915,263.3299866,460554,ETF
2026-03-19 04:50:00,263.3200073,263.730011,263.3200073,263.7200012,353560,ETF
2026-03-19 04:55:00,263.75,264.0400085,263.75,263.8900146,327829,ETF
2026-03-19 05:00:00,263.9400024,264.0599976,263.8500061,263.9599915,201606,ETF
2026-03-19 05:05:00,263.9599915,264.3500061,263.9200134,264.2799988,188085,ETF
2026-03-19 05:10:00,264.2799988,264.3800049,264.019989,264.3099976,198320,ETF
2026-03-19 05:15:00,264.3099976,264.3500061,263.9500122,263.980011,168095,ETF
2026-03-19 05:20:00,263.9899902,264.1199951,263.9599915,264.0599976,122207,ETF
2026-03-19 05:25:00,264.0599976,264.0599976,263.75,263.75,174174,ETF
2026-03-19 05:30:00,263.7900085,263.8399963,263.6199951,263.7000122,124134,ETF
2026-03-19 05:35:00,263.6799927,263.7600098,263.5,263.5,274710,ETF
2026-03-19 05:40:00,263.5,263.7200012,263.3200073,263.3500061,354172,ETF
2026-03-19 05:45:00,263.3200073,263.4400024,263.2099915,263.3500061,177712,ETF
2026-03-19 05:50:00,263.3399963,263.6900024,263.2999878,263.6799927,151590,ETF
2026-03-19 05:55:00,263.6400146,263.6400146,263.3500061,263.4200134,447381,ETF
2026-03-19 06:00:00,263.4299927,263.6300049,263.2999878,263.6099854,133262,ETF
2026-03-19 06:05:00,263.6499939,263.7099915,263.5100098,263.5899963,124601,ETF
2026-03-19 06:10:00,263.5599976,263.6300049,263.4700012,263.5899963,165164,ETF
2026-03-19 06:15:00,263.5899963,263.7799988,263.5499878,263.6099854,77151,ETF
2026-03-19 06:20:00,263.6300049,263.75,263.6199951,263.6499939,144063,ETF
2026-03-19 06:25:00,263.6499939,263.6499939,263.5100098,263.5899963,134870,ETF
2026-03-19 06:30:00,263.5599976,263.6199951,263.4100037,263.4700012,112200,ETF
2026-03-19 06:35:00,263.4599915,263.5700073,263.3099976,263.519989,136532,ETF
2026-03-19 06:40:00,263.5100098,263.7999878,263.4599915,263.7999878,114214,ETF
2026-03-19 06:45:00,263.7999878,264,263.7999878,264,89399,ETF
2026-03-19 06:50:00,264,264,263.6000061,263.6000061,129027,ETF
2026-03-19 06:55:00,263.6000061,263.75,263.5499878,263.75,77649,ETF
2026-03-19 07:00:00,263.75,263.8699951,263.5799866,263.7099915,121596,ETF
2026-03-19 07:05:00,263.7099915,263.8299866,263.6099854,263.75,115966,ETF
2026-03-19 07:10:00,263.75,263.7799988,263.5,263.5499878,236034,ETF
2026-03-19 07:15:00,263.5499878,263.980011,263.5499878,263.980011,105971,ETF
2026-03-19 07:20:00,263.9700012,263.980011,263.7399902,263.980011,116381,ETF
2026-03-19 07:25:00,263.980011,264,263.7999878,263.8800049,76214,ETF
2026-03-19 07:30:00,263.8800049,263.8800049,263.5799866,263.5799866,105589,ETF
2026-03-19 07:35:00,263.5799866,263.6300049,263.5100098,263.5599976,432921,ETF
2026-03-19 07:40:00,263.5599976,263.6300049,263.1000061,263.1000061,451486,ETF
2026-03-19 07:45:00,263.1900024,263.25,263.1000061,263.1900024,202510,ETF
2026-03-19 07:50:00,263.1900024,263.2200012,263,263.0100098,220629,ETF
2026-03-19 07:55:00,263.019989,263.0799866,262.8399963,262.9100037,584140,ETF
2026-03-19 08:00:00,262.8999939,263.0899963,262.8999939,262.9200134,278293,ETF
2026-03-19 08:05:00,262.8999939,263.1199951,262.8500061,263.1199951,155975,ETF
2026-03-19 08:10:00,263.1799927,263.3200073,263.1400146,263.1700134,133933,ETF
2026-03-19 08:15:00,263.1600037,263.1900024,262.9200134,262.9899902,181565,ETF
2026-03-19 08:20:00,262.9899902,263.1000061,262.9899902,263,152978,ETF
2026-03-19 08:25:00,262.9899902,263.1000061,262.6199951,262.6700134,366573,ETF
2026-03-19 08:30:00,262.7000122,262.8099976,262.2999878,262.3200073,451757,ETF
2026-03-19 08:35:00,262.3399963,262.3800049,262.1000061,262.1000061,253173,ETF
2026-03-19 08:40:00,262.1000061,262.230011,262.0100098,262.2000122,666227,ETF
2026-03-19 08:45:00,262.1199951,262.4400024,262.0899963,262.3599854,277631,ETF
2026-03-19 08:50:00,262.3599854,262.5,262.1000061,262.4100037,294701,ETF
2026-03-19 08:55:00,262.4100037,262.4500122,262.0499878,262.2999878,300733,ETF
2026-03-19 09:00:00,262.3200073,262.4400024,262.1199951,262.3999939,218169,ETF
2026-03-19 09:05:00,262.3900146,262.5,262.1400146,262.1499939,252593,ETF
2026-03-19 09:10:00,262.1400146,262.519989,262.1000061,262.519989,202826,ETF
2026-03-19 09:15:00,262.519989,262.6400146,262,262.2399902,619276,ETF
2026-03-19 09:20:00,262.25,262.3999939,262.0299988,262.2399902,511938,ETF
2026-03-19 09:25:00,262.3800049,262.3999939,262.0400085,262.2000122,424332,ETF
2026-03-19 09:30:00,262.2000122,262.9899902,262.1799927,262.9200134,628430,ETF
2026-03-19 09:35:00,262.9200134,262.9500122,262,262.2900085,995480,ETF
2026-03-19 09:40:00,262.3399963,262.3999939,261.6000061,261.7000122,910359,ETF
2026-03-19 09:45:00,261.7000122,262.0700073,261.6099854,262.0499878,775686,ETF
2026-03-19 09:50:00,262.0499878,262.25,261.6199951,262.0899963,799477,ETF
2026-03-19 09:55:00,262.0899963,262.3900146,261.7099915,262.3900146,933478,ETF
2026-03-20 03:45:00,263.269989,263.9899902,263.2399902,263.9899902,0,ETF
2026-03-20 03:50:00,264,264.1499939,263.4299927,263.6900024,489857,ETF
2026-03-20 03:55:00,263.6900024,264.1199951,263.6499939,264.0400085,298526,ETF
2026-03-20 04:00:00,264.1499939,264.4599915,264.0899963,264.4599915,208455,ETF
2026-03-20 04:05:00,264.4599915,264.480011,263.8900146,263.9299927,282832,ETF
2026-03-20 04:10:00,263.9299927,263.9700012,263.519989,263.519989,240765,ETF
2026-03-20 04:15:00,263.4299927,263.5799866,263.3699951,263.5,203559,ETF
2026-03-20 04:20:00,263.5,263.8500061,263.4500122,263.5,116250,ETF
2026-03-20 04:25:00,263.5,263.7000122,263.5,263.7000122,92929,ETF
2026-03-20 04:30:00,263.7000122,263.7000122,263.2999878,263.3500061,121922,ETF
2026-03-20 04:35:00,263.3800049,263.7000122,263.3800049,263.6400146,103457,ETF
2026-03-20 04:40:00,263.6400146,263.7000122,263.5,263.5700073,79966,ETF
2026-03-20 04:45:00,263.6099854,263.6600037,263.1099854,263.1499939,153284,ETF
2026-03-20 04:50:00,263.1799927,263.4899902,263.1000061,263.4899902,100876,ETF
2026-03-20 04:55:00,263.4899902,263.6499939,263.4299927,263.6400146,119746,ETF
2026-03-20 05:00:00,263.6499939,263.75,263.6499939,263.75,110715,ETF
2026-03-20 05:05:00,263.7399902,263.8999939,263.7099915,263.8500061,58696,ETF
2026-03-20 05:10:00,263.8599854,264.1000061,263.8599854,264.0799866,112333,ETF
2026-03-20 05:15:00,264.0700073,264.2999878,263.8800049,264.0499878,115400,ETF
2026-03-20 05:20:00,264.2200012,264.3999939,264.1199951,264.3800049,235186,ETF
2026-03-20 05:25:00,264.3800049,264.4100037,263.980011,264.1000061,120336,ETF
2026-03-20 05:30:00,264.1000061,264.2099915,263.8399963,263.8500061,123439,ETF
2026-03-20 05:35:00,263.8500061,264.1000061,263.7399902,264.0499878,50047,ETF
2026-03-20 05:40:00,264.0499878,264.1000061,263.8800049,264.0499878,125413,ETF
2026-03-20 05:45:00,264.0499878,264.1799927,264,264.1799927,44314,ETF
2026-03-20 05:50:00,264.1799927,264.480011,264.1300049,264.4500122,103060,ETF
2026-03-20 05:55:00,264.4700012,264.5100098,264.25,264.5100098,774667,ETF
2026-03-20 06:00:00,264.5100098,264.5799866,264.3599854,264.4299927,405514,ETF
2026-03-20 06:05:00,264.2900085,264.4700012,264.230011,264.3800049,43541,ETF
2026-03-20 06:10:00,264.3800049,264.3999939,264.0299988,264.0799866,57479,ETF
2026-03-20 06:15:00,264.0599976,264.1099854,264,264,67784,ETF
2026-03-20 06:20:00,264.0499878,264.0499878,263.6400146,263.6900024,156834,ETF
2026-03-20 06:25:00,263.6499939,263.6900024,263.3800049,263.6900024,98435,ETF
2026-03-20 06:30:00,263.6700134,263.7900085,263.3900146,263.3999939,153698,ETF
2026-03-20 06:35:00,263.3999939,263.5499878,263.2200012,263.269989,88717,ETF
2026-03-20 06:40:00,263.269989,263.5100098,263.230011,263.4500122,78532,ETF
2026-03-20 06:45:00,263.4500122,263.4500122,262.8500061,262.8699951,216717,ETF
2026-03-20 06:50:00,262.8699951,263,262.6000061,262.6199951,101306,ETF
2026-03-20 06:55:00,262.6000061,262.6400146,262.4100037,262.5,124642,ETF
2026-03-20 07:00:00,262.5400085,262.7900085,262.2399902,262.75,101663,ETF
2026-03-20 07:05:00,262.75,262.9500122,262.7000122,262.8900146,80532,ETF
2026-03-20 07:10:00,262.8900146,263.25,262.8500061,263.2000122,118494,ETF
2026-03-20 07:15:00,263.2000122,263.3800049,263.1000061,263.3299866,70611,ETF
2026-03-20 07:20:00,263.2099915,263.480011,263.0100098,263.3999939,164049,ETF
2026-03-20 07:25:00,263.3699951,263.5499878,263.2600098,263.3200073,69657,ETF
2026-03-20 07:30:00,263.2799988,263.5499878,263.0400085,263.5299988,258249,ETF
2026-03-20 07:35:00,263.5299988,263.5499878,263.2900085,263.519989,95897,ETF
2026-03-20 07:40:00,263.4100037,263.5,263.2999878,263.4299927,42855,ETF
2026-03-20 07:45:00,263.4299927,263.6700134,263.3500061,263.3999939,67266,ETF
2026-03-20 07:50:00,263.3999939,263.6900024,263.3500061,263.5599976,48135,ETF
2026-03-20 07:55:00,263.5599976,263.8599854,263.4700012,263.6900024,58346,ETF
2026-03-20 08:00:00,263.6900024,263.7799988,263.5,263.6600037,145429,ETF
2026-03-20 08:05:00,263.6600037,263.8599854,263.5599976,263.8599854,93528,ETF
2026-03-20 08:10:00,263.8599854,263.8599854,263.5,263.5499878,470351,ETF
2026-03-20 08:15:00,263.5400085,263.5400085,263.1499939,263.1600037,110889,ETF
2026-03-20 08:20:00,263.1499939,263.3099976,263.0100098,263.3099976,52819,ETF
2026-03-20 08:25:00,263.3099976,263.3999939,263,263.0599976,71028,ETF
2026-03-20 08:30:00,263.0799866,263.4599915,263,263.4599915,63477,ETF
2026-03-20 08:35:00,263.4599915,263.5899963,263.1600037,263.3800049,115594,ETF
2026-03-20 08:40:00,263.3599854,263.4200134,263.0299988,263.0599976,77530,ETF
2026-03-20 08:45:00,263.0599976,263.1099854,262.9200134,263.1099854,138248,ETF
2026-03-20 08:50:00,263.1099854,263.1499939,262.7799988,262.9400024,134248,ETF
2026-03-20 08:55:00,262.9200134,262.9200134,262.6799927,262.7099915,99025,ETF
2026-03-20 09:00:00,262.6900024,262.9100037,262.5799866,262.7799988,115103,ETF
2026-03-20 09:05:00,262.75,262.7799988,262.3699951,262.5400085,181795,ETF
2026-03-20 09:10:00,262.5400085,262.5799866,262.0100098,262.019989,217714,ETF
2026-03-20 09:15:00,262.019989,262.1600037,261.75,262.0499878,250502,ETF
2026-03-20 09:20:00,262.1000061,262.1000061,261.6499939,261.8999939,152705,ETF
2026-03-20 09:25:00,261.8699951,261.9500122,261.7999878,261.9400024,129088,ETF
2026-03-20 09:30:00,261.9500122,262.6799927,261.8200073,262.3200073,300052,ETF
2026-03-20 09:35:00,262.3699951,262.519989,262.1700134,262.2999878,161353,ETF
2026-03-20 09:40:00,262.2999878,262.2999878,261.8999939,262.1199951,235156,ETF
2026-03-20 09:45:00,262.1199951,262.1199951,261.7399902,261.7900085,355016,ETF
2026-03-20 09:50:00,261.7900085,262.269989,261.75,262.2399902,195326,ETF
2026-03-20 09:55:00,262.2000122,262.5,262.1000061,262.5,214044,ETF
2026-03-23 03:45:00,258.3399963,258.3399963,256.8699951,257.2000122,0,ETF
2026-03-23 03:50:00,257.1300049,257.8800049,257.1000061,257.5100098,748683,ETF
2026-03-23 03:55:00,257.4700012,257.730011,257.4299927,257.5,596645,ETF
2026-03-23 04:00:00,257.4100037,257.6099854,257.4100037,257.5599976,528507,ETF
2026-03-23 04:05:00,257.5700073,257.8800049,257.5100098,257.5599976,415136,ETF
2026-03-23 04:10:00,257.5299988,257.5599976,257.3299866,257.3999939,403420,ETF
2026-03-23 04:15:00,257.3999939,257.3999939,256.8999939,257,686509,ETF
2026-03-23 04:20:00,256.8999939,257,256.6099854,256.6099854,412311,ETF
2026-03-23 04:25:00,256.5799866,256.5799866,255.7700043,255.8500061,2092725,ETF
2026-03-23 04:30:00,255.8500061,256.3999939,255.8500061,256.3200073,463206,ETF
2026-03-23 04:35:00,256.3999939,256.6099854,256.2999878,256.3500061,379483,ETF
2026-03-23 04:40:00,256.3500061,256.3500061,255.8800049,255.8800049,487643,ETF
2026-03-23 04:45:00,255.9499969,256.1400146,255.8000031,255.8099976,406535,ETF
2026-03-23 04:50:00,255.7599945,255.8000031,255.6000061,255.6499939,530793,ETF
2026-03-23 04:55:00,255.6600037,255.8000031,255.5299988,255.5299988,367658,ETF
2026-03-23 05:00:00,255.5399933,255.7599945,255.5200043,255.6000061,318566,ETF
2026-03-23 05:05:00,255.6000061,256.0599976,255.6000061,255.8699951,247143,ETF
2026-03-23 05:10:00,255.7899933,255.8099976,255.6000061,255.6799927,273484,ETF
2026-03-23 05:15:00,255.7100067,255.7100067,255.5700073,255.6900024,250387,ETF
2026-03-23 05:20:00,255.6799927,255.6799927,255.3000031,255.5099945,406065,ETF
2026-03-23 05:25:00,255.4900055,255.5700073,255.3500061,255.4900055,241686,ETF
2026-03-23 05:30:00,255.5099945,255.5099945,255.2299957,255.4799957,391356,ETF
2026-03-23 05:35:00,255.5500031,256.1000061,255.4900055,255.8500061,251528,ETF
2026-03-23 05:40:00,255.8699951,255.8699951,255.6900024,255.7700043,218570,ETF
2026-03-23 05:45:00,255.7899933,255.7899933,255.5,255.5399933,236455,ETF
2026-03-23 05:50:00,255.5800018,255.7899933,255.4100037,255.6499939,197597,ETF
2026-03-23 05:55:00,255.6499939,255.8500061,255.5599976,255.8399963,208858,ETF
2026-03-23 06:00:00,255.8399963,255.9299927,255.4799957,255.5200043,237790,ETF
2026-03-23 06:05:00,255.5299988,255.6399994,255.3800049,255.6399994,188053,ETF
2026-03-23 06:10:00,255.6300049,255.6999969,255.2700043,255.3099976,232578,ETF
2026-03-23 06:15:00,255.4100037,255.5500031,255.3999939,255.5,212652,ETF
2026-03-23 06:20:00,255.5800018,255.8699951,255.5,255.7799988,223346,ETF
2026-03-23 06:25:00,255.7799988,255.8899994,255.6000061,255.7899933,455347,ETF
2026-03-23 06:30:00,255.7899933,255.8500061,255.6300049,255.7299957,696221,ETF
2026-03-23 06:35:00,255.7100067,255.8000031,255.5,255.6199951,255857,ETF
2026-03-23 06:40:00,255.6699982,255.8200073,255.5599976,255.5800018,208307,ETF
2026-03-23 06:45:00,255.5599976,255.5700073,255.3099976,255.4199982,294479,ETF
2026-03-23 06:50:00,255.4199982,255.4600067,255.0500031,255.0500031,371917,ETF
2026-03-23 06:55:00,255.0599976,255.3600006,255.0099945,255.3399963,844526,ETF
2026-03-23 07:00:00,255.3399963,255.3999939,255.1399994,255.3600006,170070,ETF
2026-03-23 07:05:00,255.4100037,255.7599945,255.3699951,255.4900055,179328,ETF
2026-03-23 07:10:00,255.5,255.6000061,255.3300018,255.6000061,236036,ETF
2026-03-23 07:15:00,255.4900055,255.6000061,255.3999939,255.5700073,137003,ETF
2026-03-23 07:20:00,255.5700073,255.6000061,255.25,255.25,183381,ETF
2026-03-23 07:25:00,255.25,255.25,255,255.1799927,227044,ETF
2026-03-23 07:30:00,255.1999969,255.1999969,254.9499969,254.9700012,311429,ETF
2026-03-23 07:35:00,254.9700012,255.1999969,254.9100037,255.0099945,206880,ETF
2026-03-23 07:40:00,255.0099945,255.0800018,254.8500061,255,343556,ETF
2026-03-23 07:45:00,255.0500031,255.1900024,255,255.1600037,185947,ETF
2026-03-23 07:50:00,255.1300049,255.25,255,255.2100067,192415,ETF
2026-03-23 07:55:00,255.2100067,255.3200073,255.0099945,255.0299988,229601,ETF
2026-03-23 08:00:00,255.0299988,255.3999939,255,255.3899994,199226,ETF
2026-03-23 08:05:00,255.3099976,255.4700012,255.3000031,255.3699951,214121,ETF
2026-03-23 08:10:00,255.3699951,255.8899994,255.3500061,255.8699951,193735,ETF
2026-03-23 08:15:00,255.8899994,256.3099976,255.8000031,256.3099976,484199,ETF
2026-03-23 08:20:00,256.3099976,256.4599915,256.0700073,256.1900024,262408,ETF
2026-03-23 08:25:00,256.1900024,256.4299927,256.1000061,256.1900024,207809,ETF
2026-03-23 08:30:00,256.1900024,256.4899902,256.1700134,256.4899902,228434,ETF
2026-03-23 08:35:00,256.5,256.6099854,256.2999878,256.3999939,256910,ETF
2026-03-23 08:40:00,256.4299927,256.5400085,256.25,256.4400024,228266,ETF
2026-03-23 08:45:00,256.4400024,256.7799988,256.3999939,256.6499939,177717,ETF
2026-03-23 08:50:00,256.6499939,256.7799988,256.5499878,256.6099854,203595,ETF
2026-03-23 08:55:00,256.519989,256.5599976,256.1799927,256.3999939,278230,ETF
2026-03-23 09:00:00,256.3900146,256.4200134,255.3500061,255.5,502291,ETF
2026-03-23 09:05:00,255.4600067,256.1799927,255.3500061,255.8300018,197687,ETF
2026-03-23 09:10:00,255.8000031,256.1199951,255.5099945,256.1000061,256055,ETF
2026-03-23 09:15:00,256.0100098,256.230011,256,256.1900024,183457,ETF
2026-03-23 09:20:00,256.1900024,256.75,256.1000061,256.4500122,263581,ETF
2026-03-23 09:25:00,256.4700012,256.4700012,256.1499939,256.4200134,207512,ETF
2026-03-23 09:30:00,256.3200073,256.3200073,255.2299957,255.2299957,402372,ETF
2026-03-23 09:35:00,255.2200012,255.3699951,255.0299988,255.3699951,342731,ETF
2026-03-23 09:40:00,255.3999939,255.5500031,255.1699982,255.1699982,476437,ETF
2026-03-23 09:45:00,255.1799927,255.1799927,254.9100037,254.9499969,545060,ETF
2026-03-23 09:50:00,254.9499969,255.0099945,254.8899994,254.9799957,420622,ETF
2026-03-23 09:55:00,254.9700012,255.7899933,254.8999939,255.7899933,749959,ETF
2026-03-24 03:45:00,259.0700073,259.3999939,258.2200012,258.3200073,0,ETF
2026-03-24 03:50:00,258.25,258.5599976,258.0899963,258.5599976,467786,ETF
2026-03-24 03:55:00,258.6099854,258.9700012,258.5899963,258.9100037,409714,ETF
2026-03-24 04:00:00,258.9599915,259,258.5400085,258.6099854,350574,ETF
2026-03-24 04:05:00,258.6600037,258.6799927,258,258.0499878,238142,ETF
2026-03-24 04:10:00,258.0299988,258.230011,257.6199951,257.769989,321705,ETF
2026-03-24 04:15:00,257.7999878,257.7999878,257.3099976,257.4500122,212885,ETF
2026-03-24 04:20:00,257.5,257.7000122,257.2999878,257.6499939,167689,ETF
2026-03-24 04:25:00,257.6400146,258.0700073,257.5599976,257.7999878,183264,ETF
2026-03-24 04:30:00,257.8699951,257.8900146,257.3500061,257.3500061,238312,ETF
2026-03-24 04:35:00,257.3800049,257.5,257.019989,257.1300049,154878,ETF
2026-03-24 04:40:00,257.1199951,257.4400024,257.019989,257.3800049,133693,ETF
2026-03-24 04:45:00,257.3699951,257.8500061,257.3200073,257.6900024,1030301,ETF
2026-03-24 04:50:00,257.7000122,258.0599976,257.519989,258.0599976,701140,ETF
2026-03-24 04:55:00,258,258.0299988,257.6300049,257.7099915,1321891,ETF
2026-03-24 05:00:00,257.7099915,257.8399963,257,257.0799866,441418,ETF
2026-03-24 05:05:00,257.0799866,257.0799866,256.6000061,256.6099854,534828,ETF
2026-03-24 05:10:00,256.6799927,257.1499939,256.6300049,257.0599976,589464,ETF
2026-03-24 05:15:00,257.0599976,257.6700134,257,257.3800049,205048,ETF
2026-03-24 05:20:00,257.3500061,257.5100098,256.8399963,256.8800049,85333,ETF
2026-03-24 05:25:00,257.0100098,257.1300049,256.6000061,256.7600098,86888,ETF
2026-03-24 05:30:00,256.7600098,257.1700134,256.730011,257.1199951,81134,ETF
2026-03-24 05:35:00,257.1700134,257.2799988,256.9200134,257.1799927,124419,ETF
2026-03-24 05:40:00,257.1700134,257.4200134,257.0599976,257.25,86085,ETF
2026-03-24 05:45:00,257.3900146,257.7799988,257.3200073,257.7799988,842453,ETF
2026-03-24 05:50:00,257.769989,258.0299988,257.5,257.5,1657151,ETF
2026-03-24 05:55:00,257.480011,257.7799988,257.3399963,257.6600037,90494,ETF
2026-03-24 06:00:00,257.7600098,257.980011,257.6199951,257.980011,81089,ETF
2026-03-24 06:05:00,257.980011,258.1400146,257.980011,258.1400146,271300,ETF
2026-03-24 06:10:00,258.0499878,258.2000122,257.7999878,258.0499878,874436,ETF
2026-03-24 06:15:00,258.0499878,258.5499878,257.9299927,258.2399902,753644,ETF
2026-03-24 06:20:00,258.2399902,258.4899902,258,258.4500122,160820,ETF
2026-03-24 06:25:00,258.3299866,258.7900085,258.3200073,258.6099854,160179,ETF
2026-03-24 06:30:00,258.6300049,258.7399902,258.3699951,258.5,109152,ETF
2026-03-24 06:35:00,258.3999939,258.4899902,258.0700073,258.1000061,76015,ETF
2026-03-24 06:40:00,258.1000061,258.3900146,258,258.1099854,70650,ETF
2026-03-24 06:45:00,258.1300049,258.2200012,258.0100098,258.0400085,53801,ETF
2026-03-24 06:50:00,258.0700073,259.2600098,258.0400085,259.2600098,183253,ETF
2026-03-24 06:55:00,259.2399902,259.8500061,258.7399902,258.9700012,275905,ETF
2026-03-24 07:00:00,258.9899902,259.8999939,258.8999939,259.8099976,223014,ETF
2026-03-24 07:05:00,259.8999939,260.1600037,259.7799988,260.1600037,254268,ETF
2026-03-24 07:10:00,260.1600037,260.5,260.0400085,260.2999878,262937,ETF
2026-03-24 07:15:00,260.25,260.6600037,260.1600037,260.6600037,325441,ETF
2026-03-24 07:20:00,260.5499878,260.9599915,260.5100098,260.8999939,343382,ETF
2026-03-24 07:25:00,260.8999939,260.8999939,259.9599915,260.1900024,750622,ETF
2026-03-24 07:30:00,260.0400085,260.4599915,260,260.0700073,204554,ETF
2026-03-24 07:35:00,260.0799866,260.2000122,259.7200012,260.0499878,130816,ETF
2026-03-24 07:40:00,260.0400085,260.5499878,259.9299927,260.5400085,130302,ETF
2026-03-24 07:45:00,260.5400085,260.5899963,260.2099915,260.4500122,105724,ETF
2026-03-24 07:50:00,260.4500122,260.5,260.3900146,260.5,164033,ETF
2026-03-24 07:55:00,260.5,260.8900146,260.4200134,260.8900146,235056,ETF
2026-03-24 08:00:00,260.8999939,261.1499939,260.7000122,261.1000061,242393,ETF
2026-03-24 08:05:00,261.0899963,261.2000122,260.8299866,260.9599915,126146,ETF
2026-03-24 08:10:00,260.9899902,261.269989,260.8299866,260.9200134,126425,ETF
2026-03-24 08:15:00,260.9299927,261.230011,260.3099976,260.3099976,182648,ETF
2026-03-24 08:20:00,260.3099976,260.4899902,260.1799927,260.3599854,98595,ETF
2026-03-24 08:25:00,260.3999939,260.6300049,260.2999878,260.4700012,117522,ETF
2026-03-24 08:30:00,260.4599915,260.6700134,260.1799927,260.4400024,121202,ETF
2026-03-24 08:35:00,260.3800049,260.6000061,260.2799988,260.3500061,69185,ETF
2026-03-24 08:40:00,260.3500061,260.5499878,260.3500061,260.480011,91581,ETF
2026-03-24 08:45:00,260.5,261,260.5,260.5400085,165613,ETF
2026-03-24 08:50:00,260.5400085,260.6499939,259.8999939,260.230011,367859,ETF
2026-03-24 08:55:00,260.25,260.3599854,259.9100037,260.1799927,169698,ETF
2026-03-24 09:00:00,260.1400146,260.2799988,259.9400024,260.1400146,122001,ETF
2026-03-24 09:05:00,260.1400146,260.2000122,259.5100098,259.5100098,261706,ETF
2026-03-24 09:10:00,259.5100098,259.9299927,259.3999939,259.6700134,209007,ETF
2026-03-24 09:15:00,259.6000061,259.8200073,259.5,259.730011,92071,ETF
2026-03-24 09:20:00,259.6799927,259.730011,259.5,259.6000061,124126,ETF
2026-03-24 09:25:00,259.6000061,259.8099976,259.5,259.6700134,134692,ETF
2026-03-24 09:30:00,259.6700134,259.7900085,259.25,259.6400146,178948,ETF
2026-03-24 09:35:00,259.6000061,259.7000122,259.5499878,259.6300049,105542,ETF
2026-03-24 09:40:00,259.6300049,259.7799988,259.5499878,259.5700073,465906,ETF
2026-03-24 09:45:00,259.5599976,259.8299866,259.3500061,259.8299866,358694,ETF
2026-03-24 09:50:00,259.7000122,259.9500122,259.7000122,259.8900146,466277,ETF
2026-03-24 09:55:00,259.8900146,261.5,259.8900146,261.5,433163,ETF
2026-03-25 03:45:00,261.7600098,262.6900024,261.6499939,262.5899963,0,ETF
2026-03-25 03:50:00,262.5899963,262.9500122,262.4899902,262.8099976,335444,ETF
2026-03-25 03:55:00,262.8999939,263,262.8500061,262.9700012,213894,ETF
2026-03-25 04:00:00,263,263.25,263,263.1900024,315046,ETF
2026-03-25 04:05:00,263.3500061,263.4500122,263.0899963,263.1000061,202387,ETF
2026-03-25 04:10:00,263.1199951,263.7200012,263.0100098,263.7200012,235237,ETF
2026-03-25 04:15:00,263.7200012,263.7999878,263.5799866,263.7000122,169052,ETF
2026-03-25 04:20:00,263.7000122,263.7799988,263.6099854,263.730011,108160,ETF
2026-03-25 04:25:00,263.75,263.8900146,263.6199951,263.7200012,151504,ETF
2026-03-25 04:30:00,263.7200012,263.8900146,263.6400146,263.769989,183939,ETF
2026-03-25 04:35:00,263.769989,263.8999939,263.6099854,263.8900146,396688,ETF
2026-03-25 04:40:00,263.8900146,264.1900024,263.8900146,264.1300049,189330,ETF
2026-03-25 04:45:00,264.1400146,264.2999878,264,264.0799866,357231,ETF
2026-03-25 04:50:00,264,264.1700134,263.8999939,264,128369,ETF
2026-03-25 04:55:00,264,264.3599854,263.9299927,264.2000122,138671,ETF
2026-03-25 05:00:00,264.2000122,264.3800049,264.1000061,264.25,490033,ETF
2026-03-25 05:05:00,264.25,264.3699951,264.0799866,264.269989,226597,ETF
2026-03-25 05:10:00,264.25,264.75,264.25,264.75,262246,ETF
2026-03-25 05:15:00,264.75,264.8200073,264.7099915,264.7999878,170019,ETF
2026-03-25 05:20:00,264.7999878,264.8500061,264.7200012,264.8500061,185520,ETF
2026-03-25 05:25:00,264.8500061,264.8999939,264.7600098,264.769989,147384,ETF
2026-03-25 05:30:00,264.7999878,265,264.7999878,265,185423,ETF
2026-03-25 05:35:00,265,265.3999939,264.980011,265.3099976,199316,ETF
2026-03-25 05:40:00,265.3399963,265.3599854,265.0599976,265.25,142088,ETF
2026-03-25 05:45:00,265.2099915,265.4599915,265.1499939,265.2999878,177075,ETF
2026-03-25 05:50:00,265.2999878,265.3999939,265.1499939,265.1499939,632612,ETF
2026-03-25 05:55:00,265.2000122,265.230011,265,265.1000061,116319,ETF
2026-03-25 06:00:00,265.1799927,265.3500061,265.0299988,265.2000122,109731,ETF
2026-03-25 06:05:00,265.2000122,265.2000122,264.6000061,264.7000122,137709,ETF
2026-03-25 06:10:00,264.7000122,264.8699951,264.6000061,264.769989,155397,ETF
2026-03-25 06:15:00,264.769989,264.8999939,264.6799927,264.8900146,103718,ETF
2026-03-25 06:20:00,264.8999939,265.2600098,264.8900146,265.2600098,72364,ETF
2026-03-25 06:25:00,265.269989,265.3900146,265,265.1000061,169227,ETF
2026-03-25 06:30:00,265.1000061,265.4200134,265.0499878,265.4200134,111738,ETF
2026-03-25 06:35:00,265.4100037,265.4299927,265.2999878,265.3999939,152529,ETF
2026-03-25 06:40:00,265.3900146,265.3999939,265.2999878,265.3999939,72207,ETF
2026-03-25 06:45:00,265.3900146,265.5799866,265.3900146,265.5,185428,ETF
2026-03-25 06:50:00,265.5,265.6000061,265.4299927,265.5,74360,ETF
2026-03-25 06:55:00,265.4599915,265.5599976,265.2799988,265.4400024,130351,ETF
2026-03-25 07:00:00,265.3999939,265.7999878,265.3699951,265.7799988,136728,ETF
2026-03-25 07:05:00,265.6700134,265.8999939,265.6000061,265.6099854,166328,ETF
2026-03-25 07:10:00,265.6499939,265.7000122,265.5100098,265.5499878,98532,ETF
2026-03-25 07:15:00,265.5899963,265.6600037,265.3500061,265.3500061,102976,ETF
2026-03-25 07:20:00,265.3099976,265.3999939,265.1099854,265.1499939,83486,ETF
2026-03-25 07:25:00,265.1700134,265.1900024,265,265,190159,ETF
2026-03-25 07:30:00,265.0100098,265.2999878,264.9200134,265.2000122,282247,ETF
2026-03-25 07:35:00,265.1499939,265.3299866,265,265.1000061,58603,ETF
2026-03-25 07:40:00,265.1000061,265.2999878,265,265.1799927,84734,ETF
2026-03-25 07:45:00,265.1799927,265.2099915,265.019989,265.0799866,42433,ETF
2026-03-25 07:50:00,265.019989,265.1000061,264.980011,265.0700073,120609,ETF
2026-03-25 07:55:00,265.0899963,265.2999878,265,265.2999878,136214,ETF
2026-03-25 08:00:00,265.2799988,265.5299988,265.0599976,265.5299988,172379,ETF
2026-03-25 08:05:00,265.519989,265.5700073,265.3399963,265.5499878,53368,ETF
2026-03-25 08:10:00,265.5700073,265.5899963,265.4100037,265.5499878,40079,ETF
2026-03-25 08:15:00,265.5499878,265.7600098,265.4100037,265.7000122,160642,ETF
2026-03-25 08:20:00,265.6000061,265.8500061,265.3800049,265.5,140994,ETF
2026-03-25 08:25:00,265.5400085,265.5700073,265.3099976,265.5299988,127713,ETF
2026-03-25 08:30:00,265.4700012,265.7600098,265.3999939,265.6900024,160718,ETF
2026-03-25 08:35:00,265.6900024,265.6900024,265.2000122,265.2600098,180517,ETF
2026-03-25 08:40:00,265.2000122,265.3999939,265.0100098,265.1300049,178249,ETF
2026-03-25 08:45:00,265.1499939,265.25,265,265.019989,262674,ETF
2026-03-25 08:50:00,264.9100037,265,264.3800049,264.3800049,339608,ETF
2026-03-25 08:55:00,264.2999878,264.3800049,264.1000061,264.1900024,271791,ETF
2026-03-25 09:00:00,264.1900024,264.4400024,264.1000061,264.2999878,292963,ETF
2026-03-25 09:05:00,264.3299866,264.4299927,264.2000122,264.2999878,75758,ETF
2026-03-25 09:10:00,264.2999878,264.6700134,264.2900085,264.5499878,135580,ETF
2026-03-25 09:15:00,264.5899963,264.6400146,264.3999939,264.4899902,106797,ETF
2026-03-25 09:20:00,264.5,264.5,264.2999878,264.3399963,170325,ETF
2026-03-25 09:25:00,264.3800049,264.4500122,264.25,264.3500061,116346,ETF
2026-03-25 09:30:00,264.3699951,264.3800049,264.0400085,264.2600098,323918,ETF
2026-03-25 09:35:00,264.2900085,264.3800049,264.1000061,264.3800049,148414,ETF
2026-03-25 09:40:00,264.3699951,264.3699951,264.1499939,264.230011,222975,ETF
2026-03-25 09:45:00,264.2000122,264.230011,263.9200134,263.9200134,311270,ETF
2026-03-25 09:50:00,263.9200134,263.980011,263.6000061,263.980011,363876,ETF
2026-03-25 09:55:00,264,264.0599976,263.8900146,264.0599976,246721,ETF
2026-03-27 03:45:00,262.1000061,262.2799988,261,261,0,ETF
2026-03-27 03:50:00,261,261.5899963,260.8599854,261.3999939,566595,ETF
2026-03-27 03:55:00,261.3800049,261.480011,261.230011,261.4599915,338540,ETF
2026-03-27 04:00:00,261.3800049,261.5,261.0499878,261.0499878,227712,ETF
2026-03-27 04:05:00,261.0499878,261.0499878,260.8500061,261,526495,ETF
2026-03-27 04:10:00,261,261.4400024,261,261.4200134,194834,ETF
2026-03-27 04:15:00,261.3099976,261.3900146,261.1000061,261.2999878,139525,ETF
2026-03-27 04:20:00,261.2799988,261.2799988,261.0100098,261.0100098,122024,ETF
2026-03-27 04:25:00,261.019989,261.019989,260.6300049,260.7999878,500132,ETF
2026-03-27 04:30:00,260.7600098,261.1900024,260.75,261.1000061,172258,ETF
2026-03-27 04:35:00,261.1000061,261.1000061,260.7999878,261.0299988,154113,ETF
2026-03-27 04:40:00,261.019989,261.019989,260.6600037,260.6600037,432096,ETF
2026-03-27 04:45:00,260.6600037,260.75,260.6000061,260.6300049,163690,ETF
2026-03-27 04:50:00,260.6300049,260.9599915,260.5100098,260.9400024,157891,ETF
2026-03-27 04:55:00,260.9400024,261,260.7999878,260.9400024,137965,ETF
2026-03-27 05:00:00,260.9400024,261.2999878,260.9400024,260.9899902,159045,ETF
2026-03-27 05:05:00,260.980011,261.1300049,260.8999939,261.0499878,91855,ETF
2026-03-27 05:10:00,261.1300049,261.1300049,260.7600098,260.7600098,146685,ETF
2026-03-27 05:15:00,260.7399902,260.75,260.6099854,260.6499939,378245,ETF
2026-03-27 05:20:00,260.6199951,260.6499939,260.4200134,260.4200134,303902,ETF
2026-03-27 05:25:00,260.4200134,260.5899963,260.3399963,260.5700073,109139,ETF
2026-03-27 05:30:00,260.6000061,260.8399963,260.5299988,260.6499939,90473,ETF
2026-03-27 05:35:00,260.6499939,260.730011,260.5599976,260.7000122,97511,ETF
2026-03-27 05:40:00,260.7900085,260.8900146,260.6199951,260.7799988,104540,ETF
2026-03-27 05:45:00,260.7999878,260.7999878,260.4200134,260.4500122,158793,ETF
2026-03-27 05:50:00,260.4599915,260.5100098,260.3200073,260.3399963,90413,ETF
2026-03-27 05:55:00,260.3299866,260.4700012,260.1199951,260.1199951,526018,ETF
2026-03-27 06:00:00,260.1900024,260.2999878,260.1499939,260.2200012,115273,ETF
2026-03-27 06:05:00,260.2099915,260.3999939,260.1600037,260.3800049,173706,ETF
2026-03-27 06:10:00,260.3699951,260.3999939,260.1199951,260.2900085,97470,ETF
2026-03-27 06:15:00,260.2900085,260.3800049,260.1900024,260.2999878,76957,ETF
2026-03-27 06:20:00,260.2999878,260.2999878,260.1499939,260.230011,156880,ETF
2026-03-27 06:25:00,260.1400146,260.2600098,260.1000061,260.1300049,98438,ETF
2026-03-27 06:30:00,260.2000122,260.2000122,260,260.1700134,540150,ETF
2026-03-27 06:35:00,260.1600037,260.2799988,260.0499878,260.1900024,112744,ETF
2026-03-27 06:40:00,260.1600037,260.1900024,260.0499878,260.1499939,128615,ETF
2026-03-27 06:45:00,260.1300049,260.1300049,259.8399963,259.8399963,397076,ETF
2026-03-27 06:50:00,259.8399963,260.0499878,259.7999878,260.0499878,100975,ETF
2026-03-27 06:55:00,260.0499878,260.3699951,260,260.3500061,100954,ETF
2026-03-27 07:00:00,260.3500061,260.4100037,260.1300049,260.3999939,980554,ETF
2026-03-27 07:05:00,260.4299927,260.4899902,260.25,260.2600098,413416,ETF
2026-03-27 07:10:00,260.2799988,260.3900146,260.1099854,260.3900146,98512,ETF
2026-03-27 07:15:00,260.3099976,260.3999939,260.2399902,260.3800049,80608,ETF
2026-03-27 07:20:00,260.3900146,260.5,260.2000122,260.2999878,142321,ETF
2026-03-27 07:25:00,260.3699951,260.4200134,260.2200012,260.25,78724,ETF
2026-03-27 07:30:00,260.2900085,260.2900085,260,260.0400085,108358,ETF
2026-03-27 07:35:00,260.0400085,260.1199951,260,260.0100098,76202,ETF
2026-03-27 07:40:00,260,260.1700134,259.9899902,260.1600037,141126,ETF
2026-03-27 07:45:00,260.1600037,260.5899963,260.1099854,260.5,131047,ETF
2026-03-27 07:50:00,260.480011,260.4899902,260.2600098,260.4500122,141130,ETF
2026-03-27 07:55:00,260.4299927,260.5700073,260.1099854,260.1700134,286653,ETF
2026-03-27 08:00:00,260.1400146,260.1400146,259.8999939,259.9700012,159375,ETF
2026-03-27 08:05:00,259.8800049,259.9899902,259.7999878,259.8999939,146457,ETF
2026-03-27 08:10:00,259.8699951,260.25,259.8699951,260.0799866,214122,ETF
2026-03-27 08:15:00,260.0799866,260.1199951,259.9899902,259.9899902,108354,ETF
2026-03-27 08:20:00,260,260.1000061,259.9599915,260,111921,ETF
2026-03-27 08:25:00,260,260.0899963,259.9100037,259.9700012,256680,ETF
2026-03-27 08:30:00,259.9700012,260,259.9500122,259.9599915,195995,ETF
2026-03-27 08:35:00,259.9700012,259.9899902,259.7099915,259.7200012,416888,ETF
2026-03-27 08:40:00,259.7200012,259.8900146,259.5700073,259.8900146,257259,ETF
2026-03-27 08:45:00,259.8500061,259.9299927,259.6000061,259.6000061,139107,ETF
2026-03-27 08:50:00,259.6099854,259.7200012,259.5299988,259.6000061,506067,ETF
2026-03-27 08:55:00,259.6300049,259.6700134,259.3999939,259.5899963,286156,ETF
2026-03-27 09:00:00,259.5700073,259.5799866,259.2000122,259.230011,347720,ETF
2026-03-27 09:05:00,259.2900085,259.3399963,259,259,306741,ETF
2026-03-27 09:10:00,259.0799866,259.230011,259.019989,259.2000122,215373,ETF
2026-03-27 09:15:00,259.2000122,259.2600098,259.1499939,259.2600098,182878,ETF
2026-03-27 09:20:00,259.2399902,259.3800049,259.1499939,259.2000122,214208,ETF
2026-03-27 09:25:00,259.1499939,259.3299866,259.0899963,259.0899963,186767,ETF
2026-03-27 09:30:00,258.9599915,259.0599976,258.75,258.9200134,605397,ETF
2026-03-27 09:35:00,258.8999939,258.9100037,258.75,258.7999878,338283,ETF
2026-03-27 09:40:00,258.8099976,258.9500122,258.7799988,258.7799988,298800,ETF
2026-03-27 09:45:00,258.7999878,258.8699951,258.769989,258.8699951,451435,ETF
2026-03-27 09:50:00,258.8699951,258.8800049,258.75,258.7999878,399990,ETF
2026-03-27 09:55:00,258.8299866,259.6799927,258.7900085,259.4500122,660600,ETF
2026-03-30 03:45:00,256.2200012,256.5899963,254.75,255.5700073,0,ETF
2026-03-30 03:50:00,255.5700073,255.7100067,255.25,255.5500031,622092,ETF
2026-03-30 03:55:00,255.6300049,256,255.4799957,255.9600067,464674,ETF
2026-03-30 04:00:00,255.9299927,257.1900024,255.9299927,257.1900024,544136,ETF
2026-03-30 04:05:00,257.0700073,257.6600037,256.8500061,257.1000061,515240,ETF
2026-03-30 04:10:00,257.1000061,257.2900085,256.7999878,256.9700012,303481,ETF
2026-03-30 04:15:00,256.9599915,257.25,256.519989,256.730011,256245,ETF
2026-03-30 04:20:00,256.7399902,256.9899902,256.4299927,256.6300049,294305,ETF
2026-03-30 04:25:00,256.5400085,256.7999878,256.25,256.6600037,255730,ETF
2026-03-30 04:30:00,256.6499939,257.0899963,256.5100098,257.0400085,194041,ETF
2026-03-30 04:35:00,257,257.0299988,256.2799988,256.3099976,273099,ETF
2026-03-30 04:40:00,256.3200073,256.3399963,255.8500061,256,247275,ETF
2026-03-30 04:45:00,256.0599976,256.1199951,255.5099945,255.8500061,365810,ETF
2026-03-30 04:50:00,255.8500061,256,255.6999969,255.8500061,289328,ETF
2026-03-30 04:55:00,255.8200073,256,255.7200012,255.8399963,192462,ETF
2026-03-30 05:00:00,255.8800049,255.8800049,255.5800018,255.7200012,173790,ETF
2026-03-30 05:05:00,255.3500061,255.6999969,255.2599945,255.5,368375,ETF
2026-03-30 05:10:00,255.5,255.6100006,255.3999939,255.4600067,174485,ETF
2026-03-30 05:15:00,255.5399933,255.5399933,255.1000061,255.4100037,285571,ETF
2026-03-30 05:20:00,255.3300018,255.5899963,255.0099945,255.0099945,362407,ETF
2026-03-30 05:25:00,255.1000061,255.4600067,254.8999939,255,515431,ETF
2026-03-30 05:30:00,255,255,254.8999939,254.9799957,480028,ETF
2026-03-30 05:35:00,254.9700012,255,254.9299927,255,162195,ETF
2026-03-30 05:40:00,254.8999939,254.9100037,254.4499969,254.7599945,359611,ETF
2026-03-30 05:45:00,254.6799927,254.8600006,254.4299927,254.6399994,262508,ETF
2026-03-30 05:50:00,254.6399994,254.6399994,254.3999939,254.4799957,686157,ETF
2026-03-30 05:55:00,254.5,254.5,254.1699982,254.3600006,559260,ETF
2026-03-30 06:00:00,254.3600006,254.6499939,254.1999969,254.6300049,784184,ETF
2026-03-30 06:05:00,254.6300049,255.3800049,254.6300049,255.1000061,727102,ETF
2026-03-30 06:10:00,255.1000061,255.25,254.9299927,255.0299988,445605,ETF
2026-03-30 06:15:00,255.0299988,255.1300049,254.6100006,254.7899933,160377,ETF
2026-03-30 06:20:00,254.8000031,254.8399963,254.6999969,254.7299957,201796,ETF
2026-03-30 06:25:00,254.8000031,255.1399994,254.75,255.0599976,346933,ETF
2026-03-30 06:30:00,255.1000061,255.7700043,254.9499969,255.6300049,265239,ETF
2026-03-30 06:35:00,255.7799988,255.8999939,255.5899963,255.7599945,199743,ETF
2026-03-30 06:40:00,255.75,256,255.6900024,255.9499969,165505,ETF
2026-03-30 06:45:00,255.9799957,256,255.6000061,255.6000061,172179,ETF
2026-03-30 06:50:00,255.5899963,256.019989,255.4700012,255.4700012,160086,ETF
2026-03-30 06:55:00,255.4499969,255.4499969,255.1999969,255.25,113228,ETF
2026-03-30 07:00:00,255.2400055,255.5399933,255.1499939,255.5399933,472233,ETF
2026-03-30 07:05:00,255.5399933,256.0100098,255.5299988,256,352949,ETF
2026-03-30 07:10:00,256.019989,256.1900024,255.8999939,255.9900055,169591,ETF
2026-03-30 07:15:00,256,256,255.5399933,255.6900024,204627,ETF
2026-03-30 07:20:00,255.6900024,255.6900024,255.1100006,255.3200073,186097,ETF
2026-03-30 07:25:00,255.3200073,255.3500061,255.1000061,255.1999969,105596,ETF
2026-03-30 07:30:00,255.2599945,255.3500061,255.0200043,255.2100067,220563,ETF
2026-03-30 07:35:00,255.2100067,255.25,255.1300049,255.1999969,156686,ETF
2026-03-30 07:40:00,255.2299957,255.25,255.0200043,255.1900024,149295,ETF
2026-03-30 07:45:00,255.0299988,255.25,255.0299988,255.0700073,93117,ETF
2026-03-30 07:50:00,255.1000061,255.1900024,255.0299988,255.1100006,114293,ETF
2026-03-30 07:55:00,255.1199951,255.1199951,254.8000031,254.9400024,279903,ETF
2026-03-30 08:00:00,254.9400024,255,254.7700043,254.9799957,97746,ETF
2026-03-30 08:05:00,254.9799957,255.1999969,254.8099976,255.1399994,273153,ETF
2026-03-30 08:10:00,255.1799927,255.1900024,254.6399994,254.8500061,180054,ETF
2026-03-30 08:15:00,254.8500061,254.8899994,254.5299988,254.5800018,175438,ETF
2026-03-30 08:20:00,254.5800018,254.75,254.3099976,254.3999939,289439,ETF
2026-03-30 08:25:00,254.3999939,254.6000061,254.0800018,254.5200043,314608,ETF
2026-03-30 08:30:00,254.5099945,255.0599976,254.5,254.8800049,241262,ETF
2026-03-30 08:35:00,254.8699951,254.9799957,254.6600037,254.7899933,133403,ETF
2026-03-30 08:40:00,254.7200012,254.7200012,254.4100037,254.4799957,242496,ETF
2026-03-30 08:45:00,254.4799957,254.4799957,254.2299957,254.3500061,242051,ETF
2026-03-30 08:50:00,254.3600006,254.5599976,254.0299988,254.0599976,423727,ETF
2026-03-30 08:55:00,254.0599976,254.0899963,253.9100037,253.9400024,585111,ETF
2026-03-30 09:00:00,253.9700012,254.1300049,253.7599945,253.7599945,402504,ETF
2026-03-30 09:05:00,253.7700043,253.9199982,253.6499939,253.75,435953,ETF
2026-03-30 09:10:00,253.7200012,253.9499969,253.7200012,253.8500061,332338,ETF
2026-03-30 09:15:00,253.8699951,253.9299927,253.5299988,253.6600037,359823,ETF
2026-03-30 09:20:00,253.7700043,253.8500061,253.5399933,253.6000061,353516,ETF
2026-03-30 09:25:00,253.6199951,253.6799927,253.5,253.6199951,318922,ETF
2026-03-30 09:30:00,253.4199982,253.5500031,252.9600067,252.9600067,1267081,ETF
2026-03-30 09:35:00,252.9299927,253.1000061,252.7299957,253.0399933,802300,ETF
2026-03-30 09:40:00,253.0500031,253.4799957,253,253.4199982,601052,ETF
2026-03-30 09:45:00,253.4299927,253.6699982,253.3699951,253.5399933,658366,ETF
2026-03-30 09:50:00,253.5,253.8000031,253.3000031,253.7200012,636916,ETF
2026-03-30 09:55:00,253.7200012,255.2599945,253.6999969,255.2599945,876386,ETF
2026-04-01 03:45:00,258.6300049,259.6099854,258.5599976,259.5,0,ETF
2026-04-01 03:50:00,259.5,259.6400146,259.4299927,259.6300049,537178,ETF
2026-04-01 03:55:00,259.6000061,259.9899902,259.5499878,259.9899902,397365,ETF
2026-04-01 04:00:00,259.9899902,260,259.0799866,259.1000061,547526,ETF
2026-04-01 04:05:00,259.0799866,259.0799866,258.730011,258.9100037,302612,ETF
2026-04-01 04:10:00,258.8999939,259.4100037,258.8999939,259.2900085,226452,ETF
2026-04-01 04:15:00,259.1799927,259.6199951,259.1199951,259.6199951,155488,ETF
2026-04-01 04:20:00,259.6400146,259.9899902,259.6000061,259.8399963,258332,ETF
2026-04-01 04:25:00,259.8399963,259.8800049,259.5299988,259.5899963,182954,ETF
2026-04-01 04:30:00,259.5899963,259.9899902,259.5899963,259.9700012,263261,ETF
2026-04-01 04:35:00,259.9700012,259.9899902,259.7099915,259.7799988,132071,ETF
2026-04-01 04:40:00,259.769989,259.769989,259.25,259.3299866,240857,ETF
2026-04-01 04:45:00,259.3299866,259.4299927,259.2000122,259.3599854,169561,ETF
2026-04-01 04:50:00,259.3599854,259.4299927,258.8299866,258.8699951,212683,ETF
2026-04-01 04:55:00,258.8699951,258.8699951,258.2000122,258.4400024,295557,ETF
2026-04-01 05:00:00,258.5599976,258.7099915,258.2999878,258.5299988,160649,ETF
2026-04-01 05:05:00,258.519989,258.7099915,258.519989,258.6900024,93902,ETF
2026-04-01 05:10:00,258.6900024,258.7000122,258.4100037,258.6499939,122032,ETF
2026-04-01 05:15:00,258.6499939,258.75,258.480011,258.5599976,191367,ETF
2026-04-01 05:20:00,258.5599976,258.5599976,258.3099976,258.4700012,86483,ETF
2026-04-01 05:25:00,258.4700012,258.4700012,258.25,258.2799988,140955,ETF
2026-04-01 05:30:00,258.2399902,258.2399902,257.8999939,258.0100098,221195,ETF
2026-04-01 05:35:00,258.0100098,258.4400024,257.7999878,258.25,566943,ETF
2026-04-01 05:40:00,258.2399902,258.25,258.0499878,258.1400146,185614,ETF
2026-04-01 05:45:00,258.1400146,258.2000122,258.0100098,258.1900024,61230,ETF
2026-04-01 05:50:00,258.1900024,258.3599854,258.1499939,258.3200073,78973,ETF
2026-04-01 05:55:00,258.3599854,258.5400085,258.3200073,258.4299927,104640,ETF
2026-04-01 06:00:00,258.4500122,258.6700134,258.3699951,258.5,76264,ETF
2026-04-01 06:05:00,258.5,258.519989,258.4500122,258.5,143652,ETF
2026-04-01 06:10:00,258.5,258.5,258.4100037,258.4899902,109484,ETF
2026-04-01 06:15:00,258.3999939,258.4599915,258,258.019989,796481,ETF
2026-04-01 06:20:00,258.0100098,258.1799927,257.8999939,257.980011,782659,ETF
2026-04-01 06:25:00,257.980011,258.2900085,257.8999939,258.2900085,122008,ETF
2026-04-01 06:30:00,258.2900085,258.9400024,258.2799988,258.8800049,201357,ETF
2026-04-01 06:35:00,258.9400024,258.9500122,258.730011,258.8699951,109154,ETF
2026-04-01 06:40:00,258.8699951,259,258.7799988,259,74166,ETF
2026-04-01 06:45:00,259,259.0799866,258.8399963,258.8399963,72496,ETF
2026-04-01 06:50:00,258.9500122,258.9500122,258.8099976,258.9100037,57372,ETF
2026-04-01 06:55:00,258.9100037,258.9200134,258.730011,258.8200073,41879,ETF
2026-04-01 07:00:00,258.8399963,259,258.8399963,258.9200134,58087,ETF
2026-04-01 07:05:00,258.9200134,258.9899902,258.7099915,258.9899902,86169,ETF
2026-04-01 07:10:00,258.9899902,259.1799927,258.8999939,258.9599915,109421,ETF
2026-04-01 07:15:00,258.9700012,259.4400024,258.9599915,259.3399963,67437,ETF
2026-04-01 07:20:00,259.3399963,259.3999939,259.1099854,259.3999939,95922,ETF
2026-04-01 07:25:00,259.3900146,259.3999939,259.1900024,259.3200073,143888,ETF
2026-04-01 07:30:00,259.3200073,259.3699951,259.2399902,259.3399963,76799,ETF
2026-04-01 07:35:00,259.3399963,259.4700012,259.3099976,259.3999939,99477,ETF
2026-04-01 07:40:00,259.3900146,259.4500122,259.0299988,259.4500122,62589,ETF
2026-04-01 07:45:00,259.480011,259.7000122,259.0100098,259.1400146,113648,ETF
2026-04-01 07:50:00,259.1400146,259.1400146,258.5100098,258.6900024,155295,ETF
2026-04-01 07:55:00,258.6900024,258.7000122,258.6000061,258.6600037,57135,ETF
2026-04-01 08:00:00,258.6799927,258.6799927,258.1199951,258.4700012,149669,ETF
2026-04-01 08:05:00,258.4700012,258.4700012,258.0499878,258.4500122,80844,ETF
2026-04-01 08:10:00,258.269989,258.3299866,257.5,257.8399963,245767,ETF
2026-04-01 08:15:00,257.8299866,258.2399902,257.5799866,258.1400146,229265,ETF
2026-04-01 08:20:00,258.1400146,258.2200012,258,258.1000061,101593,ETF
2026-04-01 08:25:00,258,258.3999939,258,258.1499939,104480,ETF
2026-04-01 08:30:00,258.1000061,258.3900146,258,258.3699951,74527,ETF
2026-04-01 08:35:00,258.3299866,258.4500122,258.2999878,258.4100037,83071,ETF
2026-04-01 08:40:00,258.4100037,258.75,258.4100037,258.75,146538,ETF
2026-04-01 08:45:00,258.75,258.8500061,258.6000061,258.8099976,129254,ETF
2026-04-01 08:50:00,258.8099976,259,258.7999878,258.8500061,81873,ETF
2026-04-01 08:55:00,258.8500061,259.1400146,258.7999878,259.0100098,212678,ETF
2026-04-01 09:00:00,259.0100098,259.0100098,258.7999878,258.8200073,65269,ETF
2026-04-01 09:05:00,258.8500061,259.2200012,258.7000122,258.730011,383501,ETF
2026-04-01 09:10:00,258.730011,258.7399902,258.7000122,258.7200012,136422,ETF
2026-04-01 09:15:00,258.7200012,258.7399902,258.1300049,258.3699951,891179,ETF
2026-04-01 09:20:00,258.3800049,258.6199951,258.2999878,258.3699951,101176,ETF
2026-04-01 09:25:00,258.480011,258.730011,258.2000122,258.2000122,113656,ETF
2026-04-01 09:30:00,258.2200012,258.2999878,257.6700134,257.7900085,219391,ETF
2026-04-01 09:35:00,257.8200073,257.8299866,257.5499878,257.6499939,204895,ETF
2026-04-01 09:40:00,257.6799927,257.75,257.2099915,257.2099915,341980,ETF
2026-04-01 09:45:00,257.2399902,257.4100037,257.1499939,257.230011,414469,ETF
2026-04-01 09:50:00,257.2399902,257.2600098,257.1199951,257.1900024,347200,ETF
2026-04-01 09:55:00,257.2000122,258.4400024,257.1499939,257.9899902,636326,ETF
2026-04-02 03:45:00,253.3000031,253.3000031,252.25,252.3000031,0,ETF
2026-04-02 03:50:00,252.3099976,252.6999969,252.1799927,252.6300049,756226,ETF
2026-04-02 03:55:00,252.6199951,252.6799927,252.5,252.5800018,851968,ETF
2026-04-02 04:00:00,252.5599976,252.7899933,252.5200043,252.6399994,458169,ETF
2026-04-02 04:05:00,252.5800018,253,252.5299988,252.6100006,411836,ETF
2026-04-02 04:10:00,252.5399933,252.9100037,252.5399933,252.7299957,359276,ETF
2026-04-02 04:15:00,252.7299957,252.8500061,252.3999939,252.4100037,761992,ETF
2026-04-02 04:20:00,252.4100037,252.4700012,252.1900024,252.25,332156,ETF
2026-04-02 04:25:00,252.25,252.3099976,252.1999969,252.2200012,503125,ETF
2026-04-02 04:30:00,252.1999969,252.5800018,252.1199951,252.3099976,858268,ETF
2026-04-02 04:35:00,252.3099976,252.3099976,251.7799988,251.8399963,1456737,ETF
2026-04-02 04:40:00,251.8500061,252.2599945,251.7200012,252.1799927,292593,ETF
2026-04-02 04:45:00,252.1199951,252.2299957,252,252.1399994,207620,ETF
2026-04-02 04:50:00,252.1399994,252.3099976,252.0099945,252.0099945,189620,ETF
2026-04-02 04:55:00,252,252.2700043,252,252.2700043,396530,ETF
2026-04-02 05:00:00,252.0899963,252.25,252,252.1300049,358431,ETF
2026-04-02 05:05:00,252.1399994,252.2599945,251.9799957,252.2299957,248738,ETF
2026-04-02 05:10:00,252.2599945,252.3800049,252.0899963,252.1499939,172670,ETF
2026-04-02 05:15:00,252.1499939,252.1799927,251.8699951,252.0800018,321508,ETF
2026-04-02 05:20:00,252.0399933,252.2599945,251.8899994,252.2400055,189868,ETF
2026-04-02 05:25:00,252.2599945,252.4900055,252.2100067,252.4900055,139946,ETF
2026-04-02 05:30:00,252.4600067,252.5,252.3500061,252.4199982,146954,ETF
2026-04-02 05:35:00,252.4199982,252.4900055,252.2200012,252.4299927,223147,ETF
2026-04-02 05:40:00,252.4299927,252.4299927,252.1499939,252.3800049,110240,ETF
2026-04-02 05:45:00,252.3399963,252.3399963,252.1000061,252.2200012,115616,ETF
2026-04-02 05:50:00,252.2200012,252.2200012,252.0700073,252.1000061,109070,ETF
2026-04-02 05:55:00,252.0800018,252.2200012,252.0599976,252.0899963,130912,ETF
2026-04-02 06:00:00,252.1000061,252.2200012,252.0500031,252.2100067,117385,ETF
2026-04-02 06:05:00,252.1999969,252.4100037,252.1600037,252.3600006,285735,ETF
2026-04-02 06:10:00,252.3500061,252.4199982,252.1999969,252.1999969,157120,ETF
2026-04-02 06:15:00,252.2100067,252.4799957,252.2100067,252.3399963,173287,ETF
2026-04-02 06:20:00,252.4700012,252.6300049,252.4199982,252.4499969,542188,ETF
2026-04-02 06:25:00,252.4600067,252.9700012,252.4100037,252.8000031,193877,ETF
2026-04-02 06:30:00,252.75,252.8899994,252.6000061,252.7400055,215234,ETF
2026-04-02 06:35:00,252.7400055,252.75,252.4400024,252.7100067,186132,ETF
2026-04-02 06:40:00,252.7100067,252.8000031,252.6600037,252.7100067,106693,ETF
2026-04-02 06:45:00,252.7700043,252.8000031,252.6900024,252.7200012,130904,ETF
2026-04-02 06:50:00,252.7100067,252.7700043,252.4199982,252.6999969,117334,ETF
2026-04-02 06:55:00,252.6999969,252.9499969,252.5399933,252.9400024,181114,ETF
2026-04-02 07:00:00,252.9400024,253.1000061,252.8600006,253.0399933,151556,ETF
2026-04-02 07:05:00,253.1000061,253.5,253.0399933,253.4700012,129863,ETF
2026-04-02 07:10:00,253.4700012,253.7700043,253.3999939,253.7599945,211559,ETF
2026-04-02 07:15:00,253.6999969,253.7799988,253.4100037,253.6100006,155034,ETF
2026-04-02 07:20:00,253.6699982,253.7299957,253.1699982,253.3200073,177066,ETF
2026-04-02 07:25:00,253.3200073,253.8000031,253.3000031,253.7599945,133135,ETF
2026-04-02 07:30:00,253.7599945,254.1999969,253.75,253.8699951,214644,ETF
2026-04-02 07:35:00,253.8000031,253.9400024,253.3600006,253.8000031,224108,ETF
2026-04-02 07:40:00,253.8999939,253.9299927,253.5899963,253.8000031,132654,ETF
2026-04-02 07:45:00,253.8000031,254,253.6999969,253.9900055,142915,ETF
2026-04-02 07:50:00,253.9900055,254.5299988,253.9100037,254.5299988,227553,ETF
2026-04-02 07:55:00,254.6000061,254.9400024,254.3999939,254.9400024,149276,ETF
2026-04-02 08:00:00,255,255.2700043,254.6499939,255.0899963,267308,ETF
2026-04-02 08:05:00,255.0899963,255.4100037,254.9499969,255.3200073,190668,ETF
2026-04-02 08:10:00,255.3000031,255.7599945,255.3000031,255.5800018,223905,ETF
2026-04-02 08:15:00,255.6000061,255.8999939,255.4799957,255.5899963,202418,ETF
2026-04-02 08:20:00,255.5899963,255.7899933,255.4499969,255.5500031,123108,ETF
2026-04-02 08:25:00,255.5500031,255.6000061,255.2100067,255.5399933,94939,ETF
2026-04-02 08:30:00,255.5399933,255.7799988,255.5,255.7400055,76018,ETF
2026-04-02 08:35:00,255.7400055,256,255.7400055,256,347579,ETF
2026-04-02 08:40:00,256,256.6000061,256,256.519989,224025,ETF
2026-04-02 08:45:00,256.5,257,256.5,256.9400024,198057,ETF
2026-04-02 08:50:00,256.8200073,257.0400085,256.7600098,257,193499,ETF
2026-04-02 08:55:00,257,257.2999878,256.8399963,257.0100098,152582,ETF
2026-04-02 09:00:00,256.9899902,257.4500122,256.8900146,257.25,148252,ETF
2026-04-02 09:05:00,257.25,257.2900085,256.6499939,256.7399902,313888,ETF
2026-04-02 09:10:00,256.7399902,256.769989,256,256.0299988,349646,ETF
2026-04-02 09:15:00,256.0799866,256.6700134,256.019989,256.5,128710,ETF
2026-04-02 09:20:00,256.5899963,257,256.5,256.6700134,351137,ETF
2026-04-02 09:25:00,256.7000122,256.9100037,256.5,256.9100037,138796,ETF
2026-04-02 09:30:00,256.8999939,257.269989,256.7900085,256.980011,187524,ETF
2026-04-02 09:35:00,256.9599915,257.8099976,256.9599915,257.6499939,286715,ETF
2026-04-02 09:40:00,257.6499939,257.9700012,257.6499939,257.769989,344666,ETF
2026-04-02 09:45:00,257.7999878,258.1499939,257.7000122,257.7000122,366878,ETF
2026-04-02 09:50:00,257.5299988,257.5700073,257,257.3500061,294206,ETF
2026-04-02 09:55:00,257.3500061,258.2200012,257.1900024,257.980011,447854,ETF
2026-04-06 03:45:00,257.5899963,257.8800049,256.0400085,256.7999878,0,ETF
2026-04-06 03:50:00,256.8200073,257.3500061,256.5499878,256.7999878,388426,ETF
2026-04-06 03:55:00,256.7999878,256.8599854,256.2399902,256.3500061,942514,ETF
2026-04-06 04:00:00,256.3099976,257.2000122,256.2000122,257.0299988,488673,ETF
2026-04-06 04:05:00,257.1499939,257.8599854,257.0100098,257.3099976,681723,ETF
2026-04-06 04:10:00,257.3099976,257.4700012,256.25,256.4400024,386678,ETF
2026-04-06 04:15:00,256.4899902,256.6499939,256.1199951,256.1900024,218812,ETF
2026-04-06 04:20:00,256.0899963,256.230011,255.8000031,255.9199982,335369,ETF
2026-04-06 04:25:00,255.9299927,256.0299988,255.5200043,255.6000061,767266,ETF
2026-04-06 04:30:00,255.6000061,255.9100037,255.4100037,255.8999939,271295,ETF
2026-04-06 04:35:00,255.8200073,256.4599915,255.8200073,256.1499939,212651,ETF
2026-04-06 04:40:00,256.25,256.6000061,256,256.5899963,171175,ETF
2026-04-06 04:45:00,256.6900024,256.9100037,256.2099915,256.6499939,221626,ETF
2026-04-06 04:50:00,256.5899963,256.8399963,256.5,256.6400146,171748,ETF
2026-04-06 04:55:00,256.5599976,256.6600037,256.0100098,256.5899963,148502,ETF
2026-04-06 05:00:00,256.5799866,256.5899963,256.1000061,256.5299988,84890,ETF
2026-04-06 05:05:00,256.5299988,256.7900085,256.480011,256.7900085,92526,ETF
2026-04-06 05:10:00,256.7900085,256.7999878,256.3999939,256.7099915,110535,ETF
2026-04-06 05:15:00,256.7099915,256.8500061,256.5599976,256.8299866,110196,ETF
2026-04-06 05:20:00,256.8299866,256.9599915,256.2999878,256.3800049,157109,ETF
2026-04-06 05:25:00,256.3800049,256.7399902,256.2900085,256.6000061,101343,ETF
2026-04-06 05:30:00,256.6099854,256.6199951,256.1000061,256.1300049,136282,ETF
2026-04-06 05:35:00,256.1300049,256.25,256,256.0799866,121257,ETF
2026-04-06 05:40:00,256.0799866,256.0799866,255.6100006,255.8399963,175456,ETF
2026-04-06 05:45:00,255.8300018,256.3299866,255.7599945,256.3299866,120137,ETF
2026-04-06 05:50:00,256.2999878,256.5700073,256.2000122,256.3900146,72109,ETF
2026-04-06 05:55:00,256.3900146,256.5,256.1099854,256.4899902,74255,ETF
2026-04-06 06:00:00,256.4500122,256.5,256.1000061,256.3299866,98695,ETF
2026-04-06 06:05:00,256.2000122,256.6900024,256.2000122,256.3999939,135969,ETF
2026-04-06 06:10:00,256.4400024,256.6000061,256.230011,256.6000061,80536,ETF
2026-04-06 06:15:00,256.6000061,256.7000122,256.5100098,256.6499939,95161,ETF
2026-04-06 06:20:00,256.6400146,256.9599915,256.5299988,256.9299927,120565,ETF
2026-04-06 06:25:00,256.9299927,257.25,256.8500061,257.0499878,154105,ETF
2026-04-06 06:30:00,256.9899902,257.1499939,256.8099976,256.8900146,103040,ETF
2026-04-06 06:35:00,256.9700012,257.2200012,256.8599854,257,79879,ETF
2026-04-06 06:40:00,257.0400085,257.0400085,256.769989,256.8900146,65893,ETF
2026-04-06 06:45:00,256.8900146,257,256.7999878,256.8800049,55985,ETF
2026-04-06 06:50:00,256.8900146,257.5,256.8900146,257.3599854,271459,ETF
2026-04-06 06:55:00,257.3599854,257.5700073,257.2999878,257.5,89963,ETF
2026-04-06 07:00:00,257.480011,257.480011,256.7999878,256.8099976,284784,ETF
2026-04-06 07:05:00,256.8099976,257.1000061,256.6499939,257.0100098,186459,ETF
2026-04-06 07:10:00,257.0100098,257.0799866,256.7999878,257.0499878,86008,ETF
2026-04-06 07:15:00,257.0799866,257.7900085,257.0100098,257.7900085,87167,ETF
2026-04-06 07:20:00,257.7900085,258.1300049,257.7600098,258,304457,ETF
2026-04-06 07:25:00,257.9899902,258.3999939,257.9899902,258.3999939,284299,ETF
2026-04-06 07:30:00,258.3999939,258.6000061,258,258.1000061,246442,ETF
2026-04-06 07:35:00,258.0599976,258.5,258.019989,258.3599854,156491,ETF
2026-04-06 07:40:00,258.4299927,259.1000061,258.4100037,259,219947,ETF
2026-04-06 07:45:00,259,259.0899963,258.7999878,259.0700073,130039,ETF
2026-04-06 07:50:00,259.0700073,259.3500061,259,259.0599976,136940,ETF
2026-04-06 07:55:00,259.0599976,259.25,258.980011,259.0499878,234831,ETF
2026-04-06 08:00:00,259.1499939,259.3999939,259.0599976,259.3500061,129240,ETF
2026-04-06 08:05:00,259.3699951,259.3900146,259.1000061,259.1000061,162595,ETF
2026-04-06 08:10:00,259.1400146,259.1700134,258.7600098,258.8900146,174473,ETF
2026-04-06 08:15:00,258.8900146,259,258.7099915,258.7900085,117014,ETF
2026-04-06 08:20:00,258.7999878,259.2000122,258.7099915,259.2000122,82109,ETF
2026-04-06 08:25:00,259.2000122,259.3099976,259,259.0700073,93317,ETF
2026-04-06 08:30:00,259.0700073,259.3500061,259,259.3500061,204600,ETF
2026-04-06 08:35:00,259.3500061,259.3900146,259.0799866,259.2099915,86116,ETF
2026-04-06 08:40:00,259.1000061,259.730011,259.0799866,259.6499939,256658,ETF
2026-04-06 08:45:00,259.7200012,259.8900146,259.519989,259.730011,134059,ETF
2026-04-06 08:50:00,259.75,259.8500061,259.6000061,259.7099915,160346,ETF
2026-04-06 08:55:00,259.6900024,259.7399902,259.3999939,259.4899902,148222,ETF
2026-04-06 09:00:00,259.5,259.8200073,259.480011,259.8200073,139466,ETF
2026-04-06 09:05:00,259.8099976,259.8999939,259.7000122,259.8999939,441909,ETF
2026-04-06 09:10:00,259.8900146,259.8900146,259.5400085,259.7399902,164230,ETF
2026-04-06 09:15:00,259.75,259.75,259.5700073,259.6300049,127824,ETF
2026-04-06 09:20:00,259.6199951,259.7600098,259.5599976,259.6499939,138024,ETF
2026-04-06 09:25:00,259.5599976,259.7399902,259.3999939,259.730011,101152,ETF
2026-04-06 09:30:00,259.6799927,260,259.6799927,259.9500122,300023,ETF
2026-04-06 09:35:00,259.9500122,260.230011,259.9400024,260.230011,168182,ETF
2026-04-06 09:40:00,260.230011,260.6000061,260.1700134,260.5400085,264833,ETF
2026-04-06 09:45:00,260.5400085,260.6000061,260.3999939,260.4299927,238876,ETF
2026-04-06 09:50:00,260.4100037,260.4299927,260.2000122,260.3599854,271063,ETF
2026-04-06 09:55:00,260.3599854,260.3999939,260.1099854,260.2000122,221517,ETF
2026-04-07 03:45:00,257.7900085,258.3500061,257.7900085,258.1099854,0,ETF
2026-04-07 03:50:00,258.0799866,258.8200073,258.0799866,258.5599976,253892,ETF
2026-04-07 03:55:00,258.6000061,259.4899902,258.6000061,259.4899902,291418,ETF
2026-04-07 04:00:00,259.5,259.6000061,259.1600037,259.1600037,232952,ETF
2026-04-07 04:05:00,259.1499939,259.3500061,258.8299866,259.0899963,149393,ETF
2026-04-07 04:10:00,259.1300049,259.2200012,258.4200134,258.5499878,221630,ETF
2026-04-07 04:15:00,258.5499878,259.1000061,258.4599915,258.6900024,142742,ETF
2026-04-07 04:20:00,258.6799927,259.0899963,258.5299988,258.9599915,134366,ETF
2026-04-07 04:25:00,258.9599915,259.4899902,258.9299927,259.4500122,103159,ETF
2026-04-07 04:30:00,259.4899902,259.8200073,259.3299866,259.769989,205253,ETF
2026-04-07 04:35:00,259.769989,259.9400024,259.5,259.5899963,118031,ETF
2026-04-07 04:40:00,259.5700073,259.7900085,259.4299927,259.7900085,134220,ETF
2026-04-07 04:45:00,259.7900085,260,259.7600098,259.9500122,126174,ETF
2026-04-07 04:50:00,259.9500122,260.1000061,259.7000122,259.769989,418185,ETF
2026-04-07 04:55:00,259.8699951,260.1000061,259.8200073,260.1000061,46828,ETF
2026-04-07 05:00:00,260.0599976,260.1000061,259.7000122,259.7600098,98000,ETF
2026-04-07 05:05:00,259.75,259.8800049,259.3599854,259.8800049,90682,ETF
2026-04-07 05:10:00,259.8800049,260.25,259.8200073,260.25,87353,ETF
2026-04-07 05:15:00,260.25,260.269989,259.8500061,259.9700012,155743,ETF
2026-04-07 05:20:00,259.9700012,259.9700012,259.0599976,259.2999878,133881,ETF
2026-04-07 05:25:00,259.1700134,259.6499939,258.8800049,258.9899902,333456,ETF
2026-04-07 05:30:00,258.9700012,259.1300049,258.7399902,259.0799866,95656,ETF
2026-04-07 05:35:00,259.0700073,259.3699951,259.0100098,259.2099915,65510,ETF
2026-04-07 05:40:00,259.2200012,259.3399963,259.0100098,259.1000061,59121,ETF
2026-04-07 05:45:00,259.1000061,259.5,259.019989,259.4500122,82071,ETF
2026-04-07 05:50:00,259.4500122,259.8399963,259.4500122,259.7900085,74298,ETF
2026-04-07 05:55:00,259.7900085,259.9899902,259.7000122,259.9899902,68291,ETF
2026-04-07 06:00:00,259.9899902,259.9899902,259.769989,259.980011,85613,ETF
2026-04-07 06:05:00,259.9700012,260.0799866,259.8500061,260.0700073,66711,ETF
2026-04-07 06:10:00,260.0700073,260.0700073,259.6000061,259.8399963,72833,ETF
2026-04-07 06:15:00,259.8399963,259.8999939,259.480011,259.75,125621,ETF
2026-04-07 06:20:00,259.75,260,259.6000061,259.9899902,51639,ETF
2026-04-07 06:25:00,260,260.4599915,259.8999939,260.3500061,179565,ETF
2026-04-07 06:30:00,260.3500061,260.3999939,260.0100098,260.0799866,164841,ETF
2026-04-07 06:35:00,260.0100098,260.2000122,259.8200073,260.1900024,81197,ETF
2026-04-07 06:40:00,260.1199951,260.1900024,259.6300049,260,74059,ETF
2026-04-07 06:45:00,260,260.0899963,259.8099976,259.9299927,32355,ETF
2026-04-07 06:50:00,259.9299927,259.9299927,259.6499939,259.7200012,73326,ETF
2026-04-07 06:55:00,259.7399902,259.8800049,259.6700134,259.8800049,37988,ETF
2026-04-07 07:00:00,259.8699951,260,259.7999878,260,39089,ETF
2026-04-07 07:05:00,260,260,259.8500061,260,44882,ETF
2026-04-07 07:10:00,260,260.1000061,259.8999939,260.0799866,73685,ETF
2026-04-07 07:15:00,260.0799866,260.1499939,259.8500061,260,35821,ETF
2026-04-07 07:20:00,260,260.1300049,259.8500061,260,20197,ETF
2026-04-07 07:25:00,260,260.0700073,259.6700134,259.6700134,186225,ETF
2026-04-07 07:30:00,259.6700134,259.9700012,259.6700134,259.9500122,38161,ETF
2026-04-07 07:35:00,259.8500061,259.9899902,259.6900024,259.75,90163,ETF
2026-04-07 07:40:00,259.75,260.0700073,259.6799927,260.0599976,42249,ETF
2026-04-07 07:45:00,260.0599976,260.2399902,259.9700012,260.2099915,200070,ETF
2026-04-07 07:50:00,260.2000122,260.2099915,260.0299988,260.1600037,49902,ETF
2026-04-07 07:55:00,260.1499939,260.1499939,259.9599915,260.0700073,27787,ETF
2026-04-07 08:00:00,260.1499939,261,260.1099854,260.7999878,198688,ETF
2026-04-07 08:05:00,260.7999878,260.8999939,260.6300049,260.8500061,146191,ETF
2026-04-07 08:10:00,260.8599854,261.3099976,260.7999878,261.2900085,306188,ETF
2026-04-07 08:15:00,261.2900085,261.3500061,260.8500061,260.9500122,129341,ETF
2026-04-07 08:20:00,260.9500122,261.1000061,260.6000061,261.019989,150586,ETF
2026-04-07 08:25:00,261,261.0499878,260.1099854,260.4500122,179467,ETF
2026-04-07 08:30:00,260.4899902,260.8999939,260.3800049,260.8399963,68411,ETF
2026-04-07 08:35:00,260.7900085,260.8999939,260.6099854,260.7999878,133937,ETF
2026-04-07 08:40:00,260.7999878,260.8500061,260.6000061,260.8299866,64037,ETF
2026-04-07 08:45:00,260.8299866,260.9500122,260.6499939,260.6700134,102674,ETF
2026-04-07 08:50:00,260.6799927,260.7099915,260.5,260.6900024,95338,ETF
2026-04-07 08:55:00,260.6400146,260.7999878,260.5799866,260.7999878,66348,ETF
2026-04-07 09:00:00,260.7999878,261.1000061,260.6700134,260.8900146,92193,ETF
2026-04-07 09:05:00,260.8900146,260.9899902,260.5,260.7000122,138976,ETF
2026-04-07 09:10:00,260.7099915,260.8599854,260.5899963,260.8500061,60218,ETF
2026-04-07 09:15:00,260.8500061,261.1099854,260.7000122,261.1000061,87312,ETF
2026-04-07 09:20:00,261.1099854,261.2000122,261,261.1499939,134662,ETF
2026-04-07 09:25:00,261.1499939,261.4899902,261.1300049,261.4500122,150556,ETF
2026-04-07 09:30:00,261.4299927,261.7200012,261.3299866,261.5400085,196348,ETF
2026-04-07 09:35:00,261.6499939,261.7999878,261.5299988,261.75,183514,ETF
2026-04-07 09:40:00,261.7099915,261.75,261.4100037,261.4200134,200234,ETF
2026-04-07 09:45:00,261.5,261.75,261.3599854,261.6700134,251117,ETF
2026-04-07 09:50:00,261.6499939,261.7000122,261.2399902,261.3399963,439553,ETF
2026-04-07 09:55:00,261.3200073,261.6400146,261.2600098,261.6400146,1064297,ETF
2026-04-08 03:45:00,269.5,270.1000061,269.1499939,269.9100037,0,ETF
2026-04-08 03:50:00,269.8999939,270.0899963,269.7000122,269.7000122,919019,ETF
2026-04-08 03:55:00,269.7000122,269.8999939,269.5100098,269.7799988,636314,ETF
2026-04-08 04:00:00,269.8999939,270.2000122,269.8599854,270.0100098,1006918,ETF
2026-04-08 04:05:00,269.9500122,270.2000122,269.9500122,270.1799927,497813,ETF
2026-04-08 04:10:00,270.25,270.3500061,270.1000061,270.3500061,319144,ETF
2026-04-08 04:15:00,270.3999939,270.7999878,270.3999939,270.6499939,422927,ETF
2026-04-08 04:20:00,270.5599976,270.7000122,270.3999939,270.3999939,376429,ETF
2026-04-08 04:25:00,270.3999939,270.519989,270.0400085,270.0499878,483384,ETF
2026-04-08 04:30:00,270.1000061,270.4299927,270.1000061,270.25,249236,ETF
2026-04-08 04:35:00,270.0700073,270.4500122,270.0100098,270.1000061,1200130,ETF
2026-04-08 04:40:00,270.1000061,270.1000061,269.8599854,269.8999939,330211,ETF
2026-04-08 04:45:00,269.8599854,270.2200012,269.7000122,270.2000122,250693,ETF
2026-04-08 04:50:00,270.2000122,270.269989,269.8500061,270.1499939,220849,ETF
2026-04-08 04:55:00,270.1400146,270.2799988,270,270.2600098,138313,ETF
2026-04-08 05:00:00,270.2900085,270.5,270.2000122,270.4599915,170617,ETF
2026-04-08 05:05:00,270.5,270.5,270.4500122,270.5,131459,ETF
2026-04-08 05:10:00,270.5,270.6300049,270.3200073,270.6300049,170201,ETF
2026-04-08 05:15:00,270.6300049,270.7000122,270.5499878,270.5599976,213003,ETF
2026-04-08 05:20:00,270.6499939,270.8999939,270.5899963,270.75,215102,ETF
2026-04-08 05:25:00,270.75,271.0799866,270.75,271.0499878,451615,ETF
2026-04-08 05:30:00,271,271.3800049,271,271.3099976,291352,ETF
2026-04-08 05:35:00,271.3200073,271.3500061,271.1400146,271.25,191991,ETF
2026-04-08 05:40:00,271.2799988,271.3900146,271.0899963,271.2000122,168190,ETF
2026-04-08 05:45:00,271.2000122,271.3800049,271.1600037,271.25,260629,ETF
2026-04-08 05:50:00,271.2600098,271.4700012,271.25,271.3800049,198970,ETF
2026-04-08 05:55:00,271.3399963,271.3800049,271,271.2099915,177413,ETF
2026-04-08 06:00:00,271.1799927,271.2000122,271,271.0799866,108424,ETF
2026-04-08 06:05:00,271.0499878,271.1799927,270.8999939,271.0599976,249466,ETF
2026-04-08 06:10:00,270.9299927,271.2200012,270.8999939,271.1600037,143173,ETF
2026-04-08 06:15:00,271.2200012,271.3699951,271.0799866,271.25,124818,ETF
2026-04-08 06:20:00,271.0799866,271.25,270.7799988,270.9899902,213514,ETF
2026-04-08 06:25:00,270.980011,270.980011,270.6499939,270.730011,140547,ETF
2026-04-08 06:30:00,270.730011,271,270.6099854,270.9700012,154801,ETF
2026-04-08 06:35:00,270.8999939,271.1799927,270.8900146,271.0499878,122089,ETF
2026-04-08 06:40:00,271.1799927,271.1900024,271,271.0899963,75319,ETF
2026-04-08 06:45:00,271.0799866,271.1000061,270.9700012,271.1000061,51393,ETF
2026-04-08 06:50:00,271.0899963,271.2200012,271.019989,271.2200012,116868,ETF
2026-04-08 06:55:00,271.1300049,271.230011,271,271.0100098,109687,ETF
2026-04-08 07:00:00,270.9899902,271,270.3500061,270.6400146,271230,ETF
2026-04-08 07:05:00,270.6300049,270.7999878,270.519989,270.5400085,175334,ETF
2026-04-08 07:10:00,270.519989,271.0299988,270.519989,270.980011,237198,ETF
2026-04-08 07:15:00,270.980011,271.1600037,270.7600098,271.0899963,200434,ETF
2026-04-08 07:20:00,271.1000061,271.1900024,271.0100098,271.1900024,95453,ETF
2026-04-08 07:25:00,271.1499939,271.3399963,271.1000061,271.2900085,96384,ETF
2026-04-08 07:30:00,271.3399963,271.3399963,271.1199951,271.1499939,65680,ETF
2026-04-08 07:35:00,271.1900024,271.230011,271,271.1499939,93007,ETF
2026-04-08 07:40:00,271.1499939,271.3500061,271.1000061,271.269989,103335,ETF
2026-04-08 07:45:00,271.269989,271.3900146,271.1000061,271.1799927,124671,ETF
2026-04-08 07:50:00,271.25,271.3299866,271.1600037,271.3200073,86090,ETF
2026-04-08 07:55:00,271.3200073,271.4500122,271.269989,271.4400024,117788,ETF
2026-04-08 08:00:00,271.4400024,271.4899902,271.269989,271.4500122,264035,ETF
2026-04-08 08:05:00,271.4400024,271.6000061,271.3800049,271.6000061,204617,ETF
2026-04-08 08:10:00,271.6000061,271.6000061,271.3500061,271.3599854,246472,ETF
2026-04-08 08:15:00,271.3399963,271.3999939,271.2000122,271.25,105549,ETF
2026-04-08 08:20:00,271.25,271.2999878,271.1099854,271.2000122,109243,ETF
2026-04-08 08:25:00,271.2399902,271.5,271.2000122,271.480011,52033,ETF
2026-04-08 08:30:00,271.480011,271.480011,271.2600098,271.3299866,132912,ETF
2026-04-08 08:35:00,271.2999878,271.3299866,271.1099854,271.25,150471,ETF
2026-04-08 08:40:00,271.2600098,271.3599854,271.0499878,271.1300049,100640,ETF
2026-04-08 08:45:00,271.1099854,271.3500061,271.019989,271.2600098,72225,ETF
2026-04-08 08:50:00,271.2600098,271.4899902,271.230011,271.4899902,91978,ETF
2026-04-08 08:55:00,271.4400024,271.4899902,271.3999939,271.4899902,75809,ETF
2026-04-08 09:00:00,271.4899902,271.5499878,271.3999939,271.5100098,118510,ETF
2026-04-08 09:05:00,271.5100098,271.5899963,271.4599915,271.4899902,127477,ETF
2026-04-08 09:10:00,271.4899902,271.7099915,271.4700012,271.6499939,266434,ETF
2026-04-08 09:15:00,271.6499939,271.7999878,271.5100098,271.5100098,266691,ETF
2026-04-08 09:20:00,271.5100098,271.6400146,271.480011,271.6000061,85280,ETF
2026-04-08 09:25:00,271.5899963,271.7000122,271.519989,271.7000122,112898,ETF
2026-04-08 09:30:00,271.6499939,271.6799927,271.2999878,271.5400085,437585,ETF
2026-04-08 09:35:00,271.5799866,271.7099915,271.5499878,271.7099915,221564,ETF
2026-04-08 09:40:00,271.7000122,271.75,271.6000061,271.6600037,268160,ETF
2026-04-08 09:45:00,271.6000061,271.6900024,271.5499878,271.6000061,264240,ETF
2026-04-08 09:50:00,271.6199951,271.7900085,271.6000061,271.7399902,241344,ETF
2026-04-08 09:55:00,271.7399902,272,271.6300049,271.9899902,564502,ETF
2026-04-09 03:45:00,270.4299927,270.8299866,269.7900085,270.8099976,0,ETF
2026-04-09 03:50:00,270.7799988,271.25,270.7799988,271.25,301592,ETF
2026-04-09 03:55:00,271.25,271.5,271.2000122,271.4700012,358114,ETF
2026-04-09 04:00:00,271.5,271.6000061,270.7000122,270.8099976,407819,ETF
2026-04-09 04:05:00,270.7399902,270.980011,270.5499878,270.6000061,182350,ETF
2026-04-09 04:10:00,270.6000061,270.6799927,270.3399963,270.3500061,207755,ETF
2026-04-09 04:15:00,270.3500061,270.480011,269.9100037,269.9200134,330967,ETF
2026-04-09 04:20:00,269.7600098,269.8099976,269.5100098,269.6600037,234643,ETF
2026-04-09 04:25:00,269.6400146,269.6499939,269.2999878,269.3999939,349918,ETF
2026-04-09 04:30:00,269.4100037,269.8900146,269.2000122,269.7999878,253343,ETF
2026-04-09 04:35:00,269.7200012,269.9700012,269.6199951,269.8200073,158775,ETF
2026-04-09 04:40:00,269.8200073,270.1199951,269.7999878,270.0700073,82847,ETF
2026-04-09 04:45:00,270.0599976,270.2000122,269.730011,270.1499939,195242,ETF
2026-04-09 04:50:00,270.2000122,270.2000122,270,270.2000122,83265,ETF
2026-04-09 04:55:00,270.1099854,270.2000122,269.769989,270.0799866,128376,ETF
2026-04-09 05:00:00,270.0499878,270.3500061,270.0499878,270.2999878,167715,ETF
2026-04-09 05:05:00,270.3200073,270.4899902,270,270.1700134,121863,ETF
2026-04-09 05:10:00,270.1499939,270.1799927,269.7999878,269.8500061,125007,ETF
2026-04-09 05:15:00,269.8699951,270.0499878,269.8099976,270,80713,ETF
2026-04-09 05:20:00,270,270,269.8200073,269.9700012,96995,ETF
2026-04-09 05:25:00,269.9700012,270.0700073,269.9700012,270.019989,91634,ETF
2026-04-09 05:30:00,270.0299988,270.2999878,270.0100098,270.25,63487,ETF
2026-04-09 05:35:00,270.2000122,270.2999878,270.0100098,270.2999878,43927,ETF
2026-04-09 05:40:00,270.2200012,270.3999939,270.1799927,270.2600098,79273,ETF
2026-04-09 05:45:00,270.2600098,270.3699951,270,270.0799866,112747,ETF
2026-04-09 05:50:00,270.0499878,270.3099976,269.8999939,270.2000122,75604,ETF
2026-04-09 05:55:00,270.2099915,270.3599854,270.0499878,270.3399963,69549,ETF
2026-04-09 06:00:00,270.3599854,270.4500122,270.2399902,270.2399902,64190,ETF
2026-04-09 06:05:00,270.3399963,270.4500122,270.2200012,270.3999939,65120,ETF
2026-04-09 06:10:00,270.3500061,270.4500122,270.25,270.4400024,54102,ETF
2026-04-09 06:15:00,270.4400024,270.5,270.3099976,270.5,87562,ETF
2026-04-09 06:20:00,270.519989,270.7000122,270.3999939,270.6199951,119404,ETF
2026-04-09 06:25:00,270.5499878,270.7999878,270.5299988,270.7000122,71441,ETF
2026-04-09 06:30:00,270.7000122,270.7200012,270.230011,270.3999939,389661,ETF
2026-04-09 06:35:00,270.3999939,270.6799927,270.1400146,270.6799927,62856,ETF
2026-04-09 06:40:00,270.6799927,270.7000122,270.4500122,270.5299988,61946,ETF
2026-04-09 06:45:00,270.5299988,270.5299988,270.3500061,270.3500061,41416,ETF
2026-04-09 06:50:00,270.3999939,270.4899902,270.230011,270.2999878,48485,ETF
2026-04-09 06:55:00,270.2999878,270.4500122,270.2000122,270.4299927,76955,ETF
2026-04-09 07:00:00,270.4200134,270.5,270.2999878,270.3200073,52685,ETF
2026-04-09 07:05:00,270.3200073,270.3999939,270.1499939,270.25,82428,ETF
2026-04-09 07:10:00,270.25,270.2999878,270.1199951,270.269989,38044,ETF
2026-04-09 07:15:00,270.269989,270.269989,269.7999878,269.8200073,146416,ETF
2026-04-09 07:20:00,269.8299866,270.1400146,269.7600098,269.980011,90294,ETF
2026-04-09 07:25:00,270.0899963,270.1499939,270,270,50191,ETF
2026-04-09 07:30:00,270.0599976,270.1199951,269.9100037,270,150239,ETF
2026-04-09 07:35:00,270,270,269.8200073,270,67546,ETF
2026-04-09 07:40:00,269.8900146,270,269.7099915,269.8999939,47338,ETF
2026-04-09 07:45:00,269.8999939,269.8999939,269.7000122,269.7000122,51720,ETF
2026-04-09 07:50:00,269.7999878,269.7999878,269.3099976,269.5,142171,ETF
2026-04-09 07:55:00,269.5,269.6199951,269.2999878,269.3999939,182302,ETF
2026-04-09 08:00:00,269.4299927,269.5799866,269.25,269.5,205443,ETF
2026-04-09 08:05:00,269.5,269.6300049,269.3200073,269.3999939,131876,ETF
2026-04-09 08:10:00,269.3999939,269.3999939,269.2099915,269.2600098,62158,ETF
2026-04-09 08:15:00,269.3099976,269.3099976,269.0899963,269.2999878,141664,ETF
2026-04-09 08:20:00,269.2999878,269.5,269.2000122,269.3900146,80604,ETF
2026-04-09 08:25:00,269.3500061,269.5100098,269.2999878,269.3800049,65498,ETF
2026-04-09 08:30:00,269.3900146,269.5799866,269.230011,269.5499878,76482,ETF
2026-04-09 08:35:00,269.5100098,269.6400146,269.2000122,269.5,191582,ETF
2026-04-09 08:40:00,269.5,269.5,269.1499939,269.1499939,94868,ETF
2026-04-09 08:45:00,269.230011,269.2799988,269.0499878,269.1000061,85622,ETF
2026-04-09 08:50:00,269.0499878,269.2399902,268.8599854,268.9899902,190936,ETF
2026-04-09 08:55:00,268.9899902,269,268.7099915,268.7999878,171725,ETF
2026-04-09 09:00:00,268.7999878,268.7999878,268.4100037,268.6300049,164951,ETF
2026-04-09 09:05:00,268.6000061,268.7399902,268.5,268.7200012,101193,ETF
2026-04-09 09:10:00,268.6499939,269,268.6499939,268.9500122,94672,ETF
2026-04-09 09:15:00,268.9299927,269,268.8599854,269,97467,ETF
2026-04-09 09:20:00,269,269.1499939,268.8999939,269.1000061,81139,ETF
2026-04-09 09:25:00,269.1499939,269.1900024,269.0499878,269.1300049,101676,ETF
2026-04-09 09:30:00,269.1900024,269.7900085,269.0100098,269.1300049,199277,ETF
2026-04-09 09:35:00,269.1700134,269.6499939,269.0100098,269.5,104178,ETF
2026-04-09 09:40:00,269.5499878,269.6499939,269.4400024,269.6400146,105409,ETF
2026-04-09 09:45:00,269.7000122,269.7000122,269.5100098,269.5400085,133243,ETF
2026-04-09 09:50:00,269.5400085,269.6099854,269.5,269.5499878,264695,ETF
2026-04-09 09:55:00,269.5899963,269.730011,269.5,269.7000122,327431,ETF
2026-04-10 03:45:00,270.6000061,271.0499878,270.6000061,271.0499878,0,ETF
2026-04-10 03:50:00,271.0599976,271.2000122,270.7999878,270.7999878,307827,ETF
2026-04-10 03:55:00,270.8200073,270.9400024,270.4899902,270.9400024,390136,ETF
2026-04-10 04:00:00,270.9400024,271.1000061,270.9200134,271.0799866,206087,ETF
2026-04-10 04:05:00,271.0700073,271.0700073,270.7399902,270.9400024,82126,ETF
2026-04-10 04:10:00,270.9400024,271.1000061,270.8500061,271.0799866,118635,ETF
2026-04-10 04:15:00,271.0899963,271.3999939,270.9899902,271.2999878,259791,ETF
2026-04-10 04:20:00,271.2999878,271.2999878,271.1400146,271.2900085,161626,ETF
2026-04-10 04:25:00,271.25,271.3500061,271.1700134,271.3299866,110048,ETF
2026-04-10 04:30:00,271.3299866,271.3999939,271.0400085,271.0400085,121548,ETF
2026-04-10 04:35:00,271.2000122,271.2000122,270.6000061,271.1099854,172648,ETF
2026-04-10 04:40:00,271.0499878,271.3800049,271.0499878,271.3200073,179824,ETF
2026-04-10 04:45:00,271.3500061,271.5,271.3399963,271.4500122,182301,ETF
2026-04-10 04:50:00,271.4500122,271.5,271.4200134,271.4700012,140258,ETF
2026-04-10 04:55:00,271.480011,271.6499939,271.3599854,271.3999939,126393,ETF
2026-04-10 05:00:00,271.3999939,271.5700073,271.2999878,271.5499878,119939,ETF
2026-04-10 05:05:00,271.5400085,271.5499878,271.2600098,271.3999939,148022,ETF
2026-04-10 05:10:00,271.3999939,271.4899902,271.2099915,271.3299866,119163,ETF
2026-04-10 05:15:00,271.3299866,271.3299866,271.2000122,271.230011,133703,ETF
2026-04-10 05:20:00,271.230011,271.230011,271.0700073,271.1400146,36429,ETF
2026-04-10 05:25:00,271.1600037,271.2099915,271.0100098,271.2099915,73917,ETF
2026-04-10 05:30:00,271.2399902,271.4400024,271.2399902,271.3500061,88563,ETF
2026-04-10 05:35:00,271.3699951,271.480011,271.25,271.480011,80129,ETF
2026-04-10 05:40:00,271.3800049,271.4899902,271.3699951,271.4899902,100947,ETF
2026-04-10 05:45:00,271.5,271.5499878,271.2000122,271.2099915,67302,ETF
2026-04-10 05:50:00,271.2600098,271.4200134,271.2099915,271.2399902,42553,ETF
2026-04-10 05:55:00,271.2399902,271.4700012,271.0599976,271.1499939,97712,ETF
2026-04-10 06:00:00,271.1499939,271.3900146,271.0499878,271.3900146,80578,ETF
2026-04-10 06:05:00,271.3900146,271.4299927,271.2000122,271.3299866,37471,ETF
2026-04-10 06:10:00,271.2900085,271.3399963,271.0799866,271.2000122,82954,ETF
2026-04-10 06:15:00,271.2000122,271.3200073,271,271.1000061,161507,ETF
2026-04-10 06:20:00,271.0599976,271.2999878,271.0100098,271.25,31577,ETF
2026-04-10 06:25:00,271.1900024,271.2999878,271.1400146,271.2999878,75904,ETF
2026-04-10 06:30:00,271.2999878,271.3200073,271.2000122,271.3099976,382906,ETF
2026-04-10 06:35:00,271.3200073,271.5,271.269989,271.4899902,754638,ETF
2026-04-10 06:40:00,271.480011,271.5499878,271.4299927,271.4700012,120836,ETF
2026-04-10 06:45:00,271.4700012,271.4899902,271.2600098,271.3999939,123269,ETF
2026-04-10 06:50:00,271.3999939,271.5499878,271.2999878,271.5499878,104645,ETF
2026-04-10 06:55:00,271.519989,271.7000122,271.3999939,271.4700012,113248,ETF
2026-04-10 07:00:00,271.4899902,271.5499878,271.3999939,271.4700012,57216,ETF
2026-04-10 07:05:00,271.4700012,271.6700134,271.3999939,271.5899963,56172,ETF
2026-04-10 07:10:00,271.5899963,271.6900024,271.5,271.5499878,53483,ETF
2026-04-10 07:15:00,271.5299988,271.6000061,271.3999939,271.6000061,79837,ETF
2026-04-10 07:20:00,271.6000061,271.6000061,271.3099976,271.3299866,101080,ETF
2026-04-10 07:25:00,271.4100037,271.5,271.2999878,271.480011,120774,ETF
2026-04-10 07:30:00,271.3800049,271.5,271.3800049,271.5,48801,ETF
2026-04-10 07:35:00,271.5,271.5499878,271.480011,271.5299988,39431,ETF
2026-04-10 07:40:00,271.5499878,271.5899963,271.3500061,271.4299927,35481,ETF
2026-04-10 07:45:00,271.4299927,271.5599976,271.3599854,271.5,50552,ETF
2026-04-10 07:50:00,271.480011,271.5,271.3999939,271.3999939,37025,ETF
2026-04-10 07:55:00,271.480011,271.5,271.3599854,271.5,38708,ETF
2026-04-10 08:00:00,271.5,271.5700073,271.3999939,271.3999939,56570,ETF
2026-04-10 08:05:00,271.4100037,271.5499878,271.3999939,271.5,29054,ETF
2026-04-10 08:10:00,271.5400085,271.6499939,271.4899902,271.6300049,141267,ETF
2026-04-10 08:15:00,271.6300049,271.6300049,271.5499878,271.5599976,205056,ETF
2026-04-10 08:20:00,271.5599976,271.5599976,271.4400024,271.519989,48861,ETF
2026-04-10 08:25:00,271.519989,271.7000122,271.4700012,271.7000122,160792,ETF
2026-04-10 08:30:00,271.6499939,271.75,271.5799866,271.6499939,132666,ETF
2026-04-10 08:35:00,271.730011,271.8399963,271.6400146,271.7200012,180728,ETF
2026-04-10 08:40:00,271.7600098,271.8299866,271.3900146,271.6700134,218238,ETF
2026-04-10 08:45:00,271.6700134,271.6700134,270.8099976,271.2200012,430408,ETF
2026-04-10 08:50:00,271.2099915,271.4400024,270.8999939,270.8999939,148230,ETF
2026-04-10 08:55:00,270.9100037,271,270.730011,270.9100037,117288,ETF
2026-04-10 09:00:00,270.9899902,271.2000122,270.8999939,271,104523,ETF
2026-04-10 09:05:00,271.0599976,271.1900024,270.7999878,271.1199951,159490,ETF
2026-04-10 09:10:00,270.9700012,271.3099976,270.9700012,271.2000122,146201,ETF
2026-04-10 09:15:00,271.2000122,271.4500122,270.8699951,271.3999939,86104,ETF
2026-04-10 09:20:00,271.4200134,271.4500122,271.2399902,271.2600098,59296,ETF
2026-04-10 09:25:00,271.3999939,271.4500122,271.230011,271.2999878,87454,ETF
2026-04-10 09:30:00,271.3399963,271.7000122,271.3399963,271.7000122,230784,ETF
2026-04-10 09:35:00,271.6099854,272.019989,271.6099854,272,413154,ETF
2026-04-10 09:40:00,272.019989,272.1900024,271.980011,272.0899963,199068,ETF
2026-04-10 09:45:00,272,272.0700073,271.8800049,272.0299988,155190,ETF
2026-04-10 09:50:00,272.0400085,272.1000061,272,272.0799866,269089,ETF
2026-04-10 09:55:00,272.0499878,272.2000122,272,272.1499939,422219,ETF
2026-04-13 03:45:00,268.0700073,268.1700134,267.1499939,267.480011,0,ETF
2026-04-13 03:50:00,267.3999939,267.5899963,267.3999939,267.5599976,627592,ETF
2026-04-13 03:55:00,267.5599976,267.7099915,267.5299988,267.6000061,518488,ETF
2026-04-13 04:00:00,267.6000061,267.8399963,267.5599976,267.8299866,471551,ETF
2026-04-13 04:05:00,267.8500061,267.8500061,267.4500122,267.5499878,535151,ETF
2026-04-13 04:10:00,267.5400085,268,267.5,268,256097,ETF
2026-04-13 04:15:00,268,268,267.7200012,267.9400024,156476,ETF
2026-04-13 04:20:00,267.9500122,268.1499939,267.9100037,268.0899963,241856,ETF
2026-04-13 04:25:00,268.1000061,268.3699951,268.1000061,268.2999878,150672,ETF
2026-04-13 04:30:00,268.2999878,268.3599854,268.230011,268.269989,225084,ETF
2026-04-13 04:35:00,268.2999878,268.3500061,268.2000122,268.25,107556,ETF
2026-04-13 04:40:00,268.3399963,268.3399963,268.1099854,268.1499939,137766,ETF
2026-04-13 04:45:00,268.1499939,268.2999878,267.8800049,268.2999878,236725,ETF
2026-04-13 04:50:00,268.2999878,268.8500061,268.1900024,268.6499939,280480,ETF
2026-04-13 04:55:00,268.6000061,268.8999939,268.5299988,268.8800049,144058,ETF
2026-04-13 05:00:00,268.8800049,268.9299927,268.6799927,268.8500061,116028,ETF
2026-04-13 05:05:00,268.7600098,268.8800049,268.6000061,268.8399963,151161,ETF
2026-04-13 05:10:00,268.8500061,268.8999939,268.4700012,268.6900024,197534,ETF
2026-04-13 05:15:00,268.6900024,268.9500122,268.6499939,268.9299927,121851,ETF
2026-04-13 05:20:00,268.9299927,269.0599976,268.8999939,269.0599976,97638,ETF
2026-04-13 05:25:00,268.9500122,269.1700134,268.9100037,268.9299927,108526,ETF
2026-04-13 05:30:00,268.9299927,269.019989,268.8999939,268.9899902,78990,ETF
2026-04-13 05:35:00,268.9899902,269.1400146,268.9200134,269.1000061,52719,ETF
2026-04-13 05:40:00,269.1000061,269.1400146,268.8699951,268.9899902,110202,ETF
2026-04-13 05:45:00,268.9200134,269.1199951,268.8500061,269.0799866,63301,ETF
2026-04-13 05:50:00,269.019989,269.1199951,268.8999939,269.1000061,85322,ETF
2026-04-13 05:55:00,269.1000061,269.1099854,269,269.0400085,44605,ETF
2026-04-13 06:00:00,269.0400085,269.0400085,268.8999939,268.8999939,100710,ETF
2026-04-13 06:05:00,268.9500122,269.1400146,268.9299927,269.0299988,98089,ETF
2026-04-13 06:10:00,269.1199951,269.2600098,269,269.2000122,192011,ETF
2026-04-13 06:15:00,269.2200012,269.269989,269.0700073,269.269989,136258,ETF
2026-04-13 06:20:00,269.269989,269.5,269.269989,269.4100037,130381,ETF
2026-04-13 06:25:00,269.4500122,269.5499878,269.3999939,269.5100098,141128,ETF
2026-04-13 06:30:00,269.5100098,269.5499878,269.25,269.3999939,73606,ETF
2026-04-13 06:35:00,269.4200134,269.519989,269.3399963,269.4700012,42852,ETF
2026-04-13 06:40:00,269.4700012,269.5499878,269.3900146,269.5499878,45132,ETF
2026-04-13 06:45:00,269.5499878,269.6799927,269.5,269.6700134,99562,ETF
2026-04-13 06:50:00,269.7000122,269.75,269.5,269.5899963,48493,ETF
2026-04-13 06:55:00,269.5100098,269.8599854,269.5100098,269.8399963,163130,ETF
2026-04-13 07:00:00,269.8399963,269.9200134,269.5700073,269.5899963,325442,ETF
2026-04-13 07:05:00,269.5899963,269.75,269.5,269.730011,126899,ETF
2026-04-13 07:10:00,269.730011,269.75,269.5599976,269.7000122,36811,ETF
2026-04-13 07:15:00,269.7000122,269.7000122,269.5299988,269.7000122,41767,ETF
2026-04-13 07:20:00,269.7000122,269.7999878,269.6199951,269.6700134,93304,ETF
2026-04-13 07:25:00,269.6700134,269.6700134,269.1600037,269.3999939,167377,ETF
2026-04-13 07:30:00,269.4400024,269.4400024,269.0499878,269.2600098,82083,ETF
2026-04-13 07:35:00,269.2000122,269.5,269.1700134,269.4500122,50353,ETF
2026-04-13 07:40:00,269.4899902,269.6499939,269.2999878,269.5899963,95442,ETF
2026-04-13 07:45:00,269.5899963,269.6499939,269.3999939,269.6199951,101133,ETF
2026-04-13 07:50:00,269.6300049,269.6499939,269.480011,269.5700073,95505,ETF
2026-04-13 07:55:00,269.5700073,269.5799866,269.4700012,269.5,54359,ETF
2026-04-13 08:00:00,269.5,269.7999878,269.4599915,269.7900085,60279,ETF
2026-04-13 08:05:00,269.769989,269.7999878,269.6700134,269.7799988,73752,ETF
2026-04-13 08:10:00,269.7799988,269.7799988,269.5100098,269.7200012,92753,ETF
2026-04-13 08:15:00,269.7200012,269.7999878,269.5499878,269.6600037,46839,ETF
2026-04-13 08:20:00,269.6600037,270.0899963,269.5599976,270.0899963,218602,ETF
2026-04-13 08:25:00,270.0400085,270.3500061,270.0100098,270.1900024,150535,ETF
2026-04-13 08:30:00,270.1900024,270.2000122,270,270.0899963,101800,ETF
2026-04-13 08:35:00,270.0499878,270.0899963,269.7099915,269.7799988,97239,ETF
2026-04-13 08:40:00,269.769989,269.769989,269.5299988,269.7000122,116814,ETF
2026-04-13 08:45:00,269.7000122,269.7900085,269.6000061,269.7099915,69508,ETF
2026-04-13 08:50:00,269.7000122,269.9100037,269.6799927,269.8500061,45474,ETF
2026-04-13 08:55:00,269.8500061,270.0899963,269.8500061,269.9899902,59513,ETF
2026-04-13 09:00:00,269.9899902,270.1000061,269.9100037,270.0700073,101735,ETF
2026-04-13 09:05:00,270.0499878,270.1000061,269.8999939,269.8999939,69885,ETF
2026-04-13 09:10:00,269.9899902,270.0100098,269.8099976,269.8299866,68468,ETF
2026-04-13 09:15:00,269.8999939,270,269.7099915,269.9899902,68335,ETF
2026-04-13 09:20:00,269.9899902,270.0499878,269.8900146,270,45909,ETF
2026-04-13 09:25:00,269.9400024,270.1199951,269.9400024,270.0100098,60263,ETF
2026-04-13 09:30:00,270.0799866,270.0799866,269.4899902,269.6499939,243472,ETF
2026-04-13 09:35:00,269.6300049,269.7999878,269.5,269.6300049,99521,ETF
2026-04-13 09:40:00,269.6300049,269.6900024,269.5799866,269.6400146,122305,ETF
2026-04-13 09:45:00,269.6400146,269.6400146,269.5,269.5499878,142198,ETF
2026-04-13 09:50:00,269.5100098,269.6000061,269.3599854,269.5,167579,ETF
2026-04-13 09:55:00,269.3399963,269.3999939,269.2999878,269.3399963,347799,ETF